CVE,Unnamed: 0,cve.sourceIdentifier,cve.published,cve.lastModified_y,cve.vulnStatus,cve.affected,cve.metrics.ssvcV203,cve.references,cve.cisaExploitAdd,cve.cisaActionDue,cve.cisaRequiredAction,cve.cisaVulnerabilityName,description,vulnerable_cpes,num_references,cwe_list,cvss_version,cvss_vectorString,cvss_baseScore,cvss_baseSeverity,cvss_attackVector,cvss_attackComplexity,cvss_privilegesRequired,cvss_userInteraction,cvss_scope,cvss_confidentialityImpact,cvss_integrityImpact,cvss_availabilityImpact,cve,Team,description_short,nvd_url
CVE-2026-67277,2926,cvd@cert.pl,2026-09-05 20:17:18.120,2026-09-11 12:52:29.533,Analyzed,"[{'source': 'cvd@cert.pl', 'affectedData': [{'vendor': 'Mikrotik', 'product': 'RouterOS', 'defaultStatus': 'unaffected', 'versions': [{'version': '7.24', 'lessThan': '7.24.2', 'versionType': 'custom', 'status': 'affected'}, {'version': '7.0.0', 'lessThan': '7.23.4', 'versionType': 'custom', 'status': 'affected'}, {'version': '6.0.0', 'lessThan': '6.49.21', 'versionType': 'custom', 'status': 'affected'}]}]}]","[{'source': '134c704f-9b21-4f2e-91b3-4a467353bcc0', 'ssvcData': {'timestamp': '2026-09-08T00:00:00+00:00', 'id': 'CVE-2026-67277', 'options': [{'exploitation': 'active'}, {'automatable': 'yes'}, {'technicalImpact': 'partial'}], 'role': 'CISA Coordinator', 'version': '2.0.3'}}]","[{'url': 'https://cert.pl/en/posts/2026/09/mikrotik-routeros-cve', 'source': 'cvd@cert.pl', 'tags': ['Third Party Advisory']}, {'url': 'https://cert.pl/en/posts/2026/09/vulnerabilities-in-mikrotik-routeros-actively-exploited/', 'source': 'cvd@cert.pl', 'tags': ['Mitigation', 'Third Party Advisory']}, {'url': 'https://forum.mikrotik.com/t/6-49-21-long-term-is-released/272802', 'source': 'cvd@cert.pl', 'tags': ['Release Notes']}, {'url': 'https://forum.mikrotik.com/t/7-23-4-long-term-is-released/272801', 'source': 'cvd@cert.pl', 'tags': ['Release Notes']}, {'url': 'https://forum.mikrotik.com/t/7-24-2-stable-is-released/272800', 'source': 'cvd@cert.pl', 'tags': ['Release Notes']}, {'url': 'https://mikrotik.com/supportsec/september-2026-vulnerability/', 'source': 'cvd@cert.pl', 'tags': ['Vendor Advisory']}, {'url': 'https://npratley.net/reversing-mikrotiks-silent-patch-the-routeros-7-23-4-fix-they-wouldnt-explain/', 'source': 'cvd@cert.pl', 'tags': ['Exploit', 'Third Party Advisory']}, {'url': 'https://www.cisa.gov/known-exploited-vulnerabilities-catalog?field_cve=CVE-2026-67277', 'source': '134c704f-9b21-4f2e-91b3-4a467353bcc0', 'tags': ['US Government Resource']}]",2026-09-10,2026-09-13,"Apply mitigations in accordance with vendor instructions, ensuring compliance with CISA’s BOD 26-04 Prioritizing Security Updates Based on Risk (see URL in Notes) guidance and CISA’s “Forensics Triage Requirements” (see URL in Notes). Follow applicable BOD 26-04 guidance for cloud services or discontinue use of the product if mitigations are unavailable. Stakeholders are responsible for evaluating each asset's internet exposure and ensuring adherence to BOD 26-04 patching guidelines.",MikroTik RouterOS Missing Authentication for Critical Function Vulnerability,"RouterOS accepts a ""related"" btest connection before the corresponding primary session has completed authentication. An unauthenticated client can use this state to start an IPv4 UDP test. With ""random-data=false"", the sender transmits an uninitialized tail from a kernel packet buffer. A separate unchecked, inverted packet-size interval causes unsigned integer underflow, anomalously large fragmented output, and can restart the RouterOS kernel.



This issue was fixed in versions: 6.49.21 (Long-term), 7.23.4 (Long-term) and 7.24.2 (Stable)","['cpe:2.3:o:mikrotik:routeros:*:*:*:*:*:*:*:*', 'cpe:2.3:o:mikrotik:routeros:*:*:*:*:*:*:*:*', 'cpe:2.3:o:mikrotik:routeros:*:*:*:*:*:*:*:*']",8,['CWE-306'],3.1,CVSS:3.1/AV:N/AC:L/PR:N/UI:N/S:U/C:L/I:N/A:H,8.2,HIGH,NETWORK,LOW,NONE,NONE,UNCHANGED,LOW,NONE,HIGH,CVE-2026-67277,Bisihacker,"RouterOS accepts a ""related"" btest connection before the corresponding primary session has completed...",https://nvd.nist.gov/vuln/detail/CVE-2026-67277
CVE-2026-86060,2930,cvd@cert.pl,2026-09-05 20:17:18.703,2026-09-11 12:52:16.507,Analyzed,"[{'source': 'cvd@cert.pl', 'affectedData': [{'vendor': 'Mikrotik', 'product': 'RouterOS', 'defaultStatus': 'unaffected', 'versions': [{'version': '7.24', 'lessThan': '7.24.2', 'versionType': 'custom', 'status': 'affected'}, {'version': '7.0.0', 'lessThan': '7.23.4', 'versionType': 'custom', 'status': 'affected'}, {'version': '6.0.0', 'lessThan': '6.49.21', 'versionType': 'custom', 'status': 'affected'}]}]}]","[{'source': '134c704f-9b21-4f2e-91b3-4a467353bcc0', 'ssvcData': {'timestamp': '2026-09-08T00:00:00+00:00', 'id': 'CVE-2026-86060', 'options': [{'exploitation': 'active'}, {'automatable': 'yes'}, {'technicalImpact': 'total'}], 'role': 'CISA Coordinator', 'version': '2.0.3'}}]","[{'url': 'https://cert.pl/en/posts/2026/09/mikrotik-routeros-cve', 'source': 'cvd@cert.pl', 'tags': ['Third Party Advisory']}, {'url': 'https://cert.pl/en/posts/2026/09/vulnerabilities-in-mikrotik-routeros-actively-exploited/', 'source': 'cvd@cert.pl', 'tags': ['Mitigation', 'Third Party Advisory']}, {'url': 'https://forum.mikrotik.com/t/6-49-21-long-term-is-released/272802', 'source': 'cvd@cert.pl', 'tags': ['Release Notes']}, {'url': 'https://forum.mikrotik.com/t/7-23-4-long-term-is-released/272801', 'source': 'cvd@cert.pl', 'tags': ['Release Notes']}, {'url': 'https://forum.mikrotik.com/t/7-24-2-stable-is-released/272800', 'source': 'cvd@cert.pl', 'tags': ['Release Notes']}, {'url': 'https://mikrotik.com/supportsec/september-2026-vulnerability/', 'source': 'cvd@cert.pl', 'tags': ['Vendor Advisory']}, {'url': 'https://npratley.net/reversing-mikrotiks-silent-patch-the-routeros-7-23-4-fix-they-wouldnt-explain/', 'source': 'cvd@cert.pl', 'tags': ['Exploit', 'Third Party Advisory']}, {'url': 'https://www.cisa.gov/known-exploited-vulnerabilities-catalog?field_cve=CVE-2026-86060', 'source': '134c704f-9b21-4f2e-91b3-4a467353bcc0', 'tags': ['US Government Resource']}]",2026-09-10,2026-09-13,"Apply mitigations in accordance with vendor instructions, ensuring compliance with CISA’s BOD 26-04 Prioritizing Security Updates Based on Risk (see URL in Notes) guidance and CISA’s “Forensics Triage Requirements” (see URL in Notes). Follow applicable BOD 26-04 guidance for cloud services or discontinue use of the product if mitigations are unavailable. Stakeholders are responsible for evaluating each asset's internet exposure and ensuring adherence to BOD 26-04 patching guidelines.",MikroTik RouterOS Improper Neutralization of Argument Delimiters in a Command Vulnerability,"RouterOS contains an argument-handling flaw in the SSH login
path involving usernames that begin with a prohibited character, allowing for the trusted RouterOS policy mask to be changed, leading to privilege escalation. Exploitation requires an unauthenticated SSH session to reach the RouterOS login helper.This issue was fixed in versions: 6.49.21 (Long-term), 7.23.4 (Long-term) and 7.24.2 (Stable)","['cpe:2.3:o:mikrotik:routeros:*:*:*:*:*:*:*:*', 'cpe:2.3:o:mikrotik:routeros:*:*:*:*:*:*:*:*', 'cpe:2.3:o:mikrotik:routeros:*:*:*:*:*:*:*:*']",8,['CWE-88'],3.1,CVSS:3.1/AV:N/AC:L/PR:N/UI:N/S:U/C:H/I:H/A:H,9.8,CRITICAL,NETWORK,LOW,NONE,NONE,UNCHANGED,HIGH,HIGH,HIGH,CVE-2026-86060,Bisihacker,"RouterOS contains an argument-handling flaw in the SSH login
path involving usernames that begin wit...",https://nvd.nist.gov/vuln/detail/CVE-2026-86060
CVE-2026-81963,4440,secure@microsoft.com,2026-09-08 18:21:00.090,2026-09-09 05:18:17.173,Analyzed,"[{'source': 'secure@microsoft.com', 'affectedData': [{'vendor': 'Microsoft', 'product': 'Windows 11 version 23H2', 'platforms': ['ARM64-based Systems'], 'versions': [{'version': '10.0.22631.0', 'lessThan': '10.0.22631.7582', 'versionType': 'custom', 'status': 'affected'}]}, {'vendor': 'Microsoft', 'product': 'Windows 11 Version 23H2', 'platforms': ['x64-based Systems'], 'versions': [{'version': '10.0.22631.0', 'lessThan': '10.0.22631.7582', 'versionType': 'custom', 'status': 'affected'}]}, {'vendor': 'Microsoft', 'product': 'Windows 11 Version 24H2', 'platforms': ['ARM64-based Systems', 'x64-based Systems'], 'versions': [{'version': '10.0.26100.0', 'lessThan': '10.0.26100.9445', 'versionType': 'custom', 'status': 'affected'}]}, {'vendor': 'Microsoft', 'product': 'Windows 11 Version 25H2', 'platforms': ['ARM64-based Systems', 'x64-based Systems'], 'versions': [{'version': '10.0.26200.0', 'lessThan': '10.0.26200.9445', 'versionType': 'custom', 'status': 'affected'}]}, {'vendor': 'Microsoft', 'product': 'Windows 11 version 26H1', 'platforms': ['ARM64-based Systems', 'x64-based Systems'], 'versions': [{'version': '10.0.28000.0', 'lessThan': '10.0.28000.2954', 'versionType': 'custom', 'status': 'affected'}]}, {'vendor': 'Microsoft', 'product': 'Windows Server 2025', 'platforms': ['x64-based Systems'], 'versions': [{'version': '10.0.26100.0', 'lessThan': '10.0.26100.33438', 'versionType': 'custom', 'status': 'affected'}]}, {'vendor': 'Microsoft', 'product': 'Windows Server 2025 (Server Core installation)', 'platforms': ['x64-based Systems'], 'versions': [{'version': '10.0.26100.0', 'lessThan': '10.0.26100.33438', 'versionType': 'custom', 'status': 'affected'}]}]}]","[{'source': '134c704f-9b21-4f2e-91b3-4a467353bcc0', 'ssvcData': {'timestamp': '2026-09-07T00:00:00+00:00', 'id': 'CVE-2026-81963', 'options': [{'exploitation': 'active'}, {'automatable': 'no'}, {'technicalImpact': 'total'}], 'role': 'CISA Coordinator', 'version': '2.0.3'}}]","[{'url': 'https://msrc.microsoft.com/update-guide/vulnerability/CVE-2026-81963', 'source': 'secure@microsoft.com', 'tags': ['Patch', 'Vendor Advisory']}, {'url': 'https://www.cisa.gov/known-exploited-vulnerabilities-catalog?field_cve=CVE-2026-81963', 'source': '134c704f-9b21-4f2e-91b3-4a467353bcc0', 'tags': ['US Government Resource']}]",2026-09-08,2026-09-22,"Apply mitigations in accordance with vendor instructions, ensuring compliance with CISA’s BOD 26-04 Prioritizing Security Updates Based on Risk (see URL in Notes) guidance and CISA’s “Forensics Triage Requirements” (see URL in Notes). Follow applicable BOD 26-04 guidance for cloud services or discontinue use of the product if mitigations are unavailable. Stakeholders are responsible for evaluating each asset's internet exposure and ensuring adherence to BOD 26-04 patching guidelines.",Microsoft Windows Link Following Vulnerability,Improper link resolution before file access ('link following') in Windows Update Stack allows an authorized attacker to elevate privileges locally.,"['cpe:2.3:o:microsoft:windows_11_23h2:*:*:*:*:*:*:arm64:*', 'cpe:2.3:o:microsoft:windows_11_23h2:*:*:*:*:*:*:x64:*', 'cpe:2.3:o:microsoft:windows_11_24h2:*:*:*:*:*:*:arm64:*', 'cpe:2.3:o:microsoft:windows_11_24h2:*:*:*:*:*:*:x64:*', 'cpe:2.3:o:microsoft:windows_11_25h2:*:*:*:*:*:*:arm64:*', 'cpe:2.3:o:microsoft:windows_11_25h2:*:*:*:*:*:*:x64:*', 'cpe:2.3:o:microsoft:windows_11_26h1:*:*:*:*:*:*:arm64:*', 'cpe:2.3:o:microsoft:windows_11_26h1:*:*:*:*:*:*:x64:*', 'cpe:2.3:o:microsoft:windows_server_2025:*:*:*:*:*:*:*:*']",2,"['CWE-59', 'CWE-284']",3.1,CVSS:3.1/AV:L/AC:L/PR:L/UI:N/S:U/C:H/I:H/A:H,7.8,HIGH,LOCAL,LOW,LOW,NONE,UNCHANGED,HIGH,HIGH,HIGH,CVE-2026-81963,Bisihacker,Improper link resolution before file access ('link following') in Windows Update Stack allows an aut...,https://nvd.nist.gov/vuln/detail/CVE-2026-81963
CVE-2026-85880,4489,secure@microsoft.com,2026-09-08 18:21:14.087,2026-09-09 05:18:19.193,Analyzed,"[{'source': 'secure@microsoft.com', 'affectedData': [{'vendor': 'Microsoft', 'product': 'Windows 10 Version 1607', 'platforms': ['32-bit Systems', 'x64-based Systems'], 'versions': [{'version': '10.0.14393.0', 'lessThan': '10.0.14393.9512', 'versionType': 'custom', 'status': 'affected'}]}, {'vendor': 'Microsoft', 'product': 'Windows 10 Version 1809', 'platforms': ['32-bit Systems', 'x64-based Systems'], 'versions': [{'version': '10.0.17763.0', 'lessThan': '10.0.17763.9245', 'versionType': 'custom', 'status': 'affected'}]}, {'vendor': 'Microsoft', 'product': 'Windows 10 Version 21H2', 'platforms': ['32-bit Systems', 'ARM64-based Systems', 'x64-based Systems'], 'versions': [{'version': '10.0.19044.0', 'lessThan': '10.0.19044.7725', 'versionType': 'custom', 'status': 'affected'}]}, {'vendor': 'Microsoft', 'product': 'Windows 10 Version 22H2', 'platforms': ['32-bit Systems', 'ARM64-based Systems', 'x64-based Systems'], 'versions': [{'version': '10.0.19045.0', 'lessThan': '10.0.19045.7725', 'versionType': 'custom', 'status': 'affected'}]}, {'vendor': 'Microsoft', 'product': 'Windows Server 2012', 'platforms': ['x64-based Systems'], 'versions': [{'version': '6.2.9200.0', 'lessThan': '6.2.9200.26349', 'versionType': 'custom', 'status': 'affected'}]}, {'vendor': 'Microsoft', 'product': 'Windows Server 2012 (Server Core installation)', 'platforms': ['x64-based Systems'], 'versions': [{'version': '6.2.9200.0', 'lessThan': '6.2.9200.26349', 'versionType': 'custom', 'status': 'affected'}]}, {'vendor': 'Microsoft', 'product': 'Windows Server 2012 R2', 'platforms': ['x64-based Systems'], 'versions': [{'version': '6.3.9600.0', 'lessThan': '6.3.9600.23397', 'versionType': 'custom', 'status': 'affected'}]}, {'vendor': 'Microsoft', 'product': 'Windows Server 2012 R2 (Server Core installation)', 'platforms': ['x64-based Systems'], 'versions': [{'version': '6.3.9600.0', 'lessThan': '6.3.9600.23397', 'versionType': 'custom', 'status': 'affected'}]}, {'vendor': 'Microsoft', 'product': 'Windows Server 2016', 'platforms': ['x64-based Systems'], 'versions': [{'version': '10.0.14393.0', 'lessThan': '10.0.14393.9512', 'versionType': 'custom', 'status': 'affected'}]}, {'vendor': 'Microsoft', 'product': 'Windows Server 2016 (Server Core installation)', 'platforms': ['x64-based Systems'], 'versions': [{'version': '10.0.14393.0', 'lessThan': '10.0.14393.9512', 'versionType': 'custom', 'status': 'affected'}]}, {'vendor': 'Microsoft', 'product': 'Windows Server 2019', 'platforms': ['x64-based Systems'], 'versions': [{'version': '10.0.17763.0', 'lessThan': '10.0.17763.9245', 'versionType': 'custom', 'status': 'affected'}]}, {'vendor': 'Microsoft', 'product': 'Windows Server 2019 (Server Core installation)', 'platforms': ['x64-based Systems'], 'versions': [{'version': '10.0.17763.0', 'lessThan': '10.0.17763.9245', 'versionType': 'custom', 'status': 'affected'}]}, {'vendor': 'Microsoft', 'product': 'Windows Server 2022', 'platforms': ['x64-based Systems'], 'versions': [{'version': '10.0.20348.0', 'lessThan': '10.0.20348.5622', 'versionType': 'custom', 'status': 'affected'}]}]}]","[{'source': '134c704f-9b21-4f2e-91b3-4a467353bcc0', 'ssvcData': {'timestamp': '2026-09-08T00:00:00+00:00', 'id': 'CVE-2026-85880', 'options': [{'exploitation': 'active'}, {'automatable': 'no'}, {'technicalImpact': 'total'}], 'role': 'CISA Coordinator', 'version': '2.0.3'}}]","[{'url': 'https://msrc.microsoft.com/update-guide/vulnerability/CVE-2026-85880', 'source': 'secure@microsoft.com', 'tags': ['Patch', 'Vendor Advisory']}, {'url': 'https://www.cisa.gov/known-exploited-vulnerabilities-catalog?field_cve=CVE-2026-85880', 'source': '134c704f-9b21-4f2e-91b3-4a467353bcc0', 'tags': ['US Government Resource']}]",2026-09-08,2026-09-22,"Apply mitigations in accordance with vendor instructions, ensuring compliance with CISA’s BOD 26-04 Prioritizing Security Updates Based on Risk (see URL in Notes) guidance and CISA’s “Forensics Triage Requirements” (see URL in Notes). Follow applicable BOD 26-04 guidance for cloud services or discontinue use of the product if mitigations are unavailable. Stakeholders are responsible for evaluating each asset's internet exposure and ensuring adherence to BOD 26-04 patching guidelines.",Microsoft Windows Heap-Based Buffer Overflow Vulnerability,Heap-based buffer overflow in Windows ALPC allows an authorized attacker to elevate privileges locally.,"['cpe:2.3:o:microsoft:windows_10_1607:*:*:*:*:*:*:x64:*', 'cpe:2.3:o:microsoft:windows_10_1607:*:*:*:*:*:*:x86:*', 'cpe:2.3:o:microsoft:windows_10_1809:*:*:*:*:*:*:x64:*', 'cpe:2.3:o:microsoft:windows_10_1809:*:*:*:*:*:*:x86:*', 'cpe:2.3:o:microsoft:windows_10_21h2:*:*:*:*:*:*:arm64:*', 'cpe:2.3:o:microsoft:windows_10_21h2:*:*:*:*:*:*:x64:*', 'cpe:2.3:o:microsoft:windows_10_21h2:*:*:*:*:*:*:x86:*', 'cpe:2.3:o:microsoft:windows_10_22h2:*:*:*:*:*:*:arm64:*', 'cpe:2.3:o:microsoft:windows_10_22h2:*:*:*:*:*:*:x64:*', 'cpe:2.3:o:microsoft:windows_10_22h2:*:*:*:*:*:*:x86:*', 'cpe:2.3:o:microsoft:windows_server_2012:-:*:*:*:*:*:*:*', 'cpe:2.3:o:microsoft:windows_server_2012:r2:*:*:*:*:*:*:*', 'cpe:2.3:o:microsoft:windows_server_2016:*:*:*:*:*:*:*:*', 'cpe:2.3:o:microsoft:windows_server_2019:*:*:*:*:*:*:*:*', 'cpe:2.3:o:microsoft:windows_server_2022:*:*:*:*:*:*:*:*']",2,"['CWE-122', 'CWE-908']",3.1,CVSS:3.1/AV:L/AC:L/PR:L/UI:N/S:U/C:H/I:H/A:H,7.8,HIGH,LOCAL,LOW,LOW,NONE,UNCHANGED,HIGH,HIGH,HIGH,CVE-2026-85880,Bisihacker,Heap-based buffer overflow in Windows ALPC allows an authorized attacker to elevate privileges local...,https://nvd.nist.gov/vuln/detail/CVE-2026-85880
CVE-2026-84869,4753,7d616e1a-3288-43b1-a0dd-0a65d3e70a49,2026-09-08 20:18:51.147,2026-09-12 04:16:42.757,Analyzed,"[{'source': '7d616e1a-3288-43b1-a0dd-0a65d3e70a49', 'affectedData': [{'vendor': 'ConnectWise', 'product': 'ScreenConnect', 'defaultStatus': 'unaffected', 'versions': [{'version': 'All versions prior to 26.6.5', 'status': 'affected'}]}]}]","[{'source': '134c704f-9b21-4f2e-91b3-4a467353bcc0', 'ssvcData': {'timestamp': '2026-09-10T00:00:00+00:00', 'id': 'CVE-2026-84869', 'options': [{'exploitation': 'active'}, {'automatable': 'no'}, {'technicalImpact': 'total'}], 'role': 'CISA Coordinator', 'version': '2.0.3'}}]","[{'url': 'https://github.com/ConnectWise-Advisories/Disclosures/tree/main/CVE-2026-84869', 'source': '7d616e1a-3288-43b1-a0dd-0a65d3e70a49', 'tags': ['Third Party Advisory']}, {'url': 'https://www.connectwise.com/company/trust/advisories', 'source': '7d616e1a-3288-43b1-a0dd-0a65d3e70a49', 'tags': ['Vendor Advisory']}, {'url': 'https://www.connectwise.com/company/trust/security-bulletins/2026-09-08-screenconnect-bulletin', 'source': '7d616e1a-3288-43b1-a0dd-0a65d3e70a49', 'tags': ['Vendor Advisory']}, {'url': 'https://www.cisa.gov/known-exploited-vulnerabilities-catalog?field_cve=CVE-2026-84869', 'source': '134c704f-9b21-4f2e-91b3-4a467353bcc0', 'tags': ['US Government Resource']}, {'url': 'https://www.huntress.com/blog/rogue-screenconnect-installations', 'source': '134c704f-9b21-4f2e-91b3-4a467353bcc0', 'tags': ['Third Party Advisory']}]",2026-09-11,2026-09-14,"Apply mitigations in accordance with vendor instructions, ensuring compliance with CISA’s BOD 26-04 Prioritizing Security Updates Based on Risk (see URL in Notes) guidance and CISA’s “Forensics Triage Requirements” (see URL in Notes). Follow applicable BOD 26-04 guidance for cloud services or discontinue use of the product if mitigations are unavailable. Stakeholders are responsible for evaluating each asset's internet exposure and ensuring adherence to BOD 26-04 patching guidelines.",ConnectWise ScreenConnect Improper Privilege Management and Missing Authorization Vulnerability,A condition in the ScreenConnect client may allow files to be transferred and executed through an active remote session without authorization or Host confirmation in certain circumstances. ScreenConnect servers are not impacted.,['cpe:2.3:a:connectwise:screenconnect:*:*:*:*:*:*:*:*'],5,"['CWE-269', 'CWE-862']",3.1,CVSS:3.1/AV:N/AC:L/PR:L/UI:N/S:C/C:H/I:H/A:H,9.9,CRITICAL,NETWORK,LOW,LOW,NONE,CHANGED,HIGH,HIGH,HIGH,CVE-2026-84869,Bisihacker,A condition in the ScreenConnect client may allow files to be transferred and executed through an ac...,https://nvd.nist.gov/vuln/detail/CVE-2026-84869
CVE-2026-87491,4905,chrome-cve-admin@google.com,2026-09-09 01:17:05.887,2026-09-21 13:17:11.283,Analyzed,"[{'source': 'chrome-cve-admin@google.com', 'affectedData': [{'vendor': 'Google', 'product': 'Chrome', 'versions': [{'version': '153.0.8010.36', 'lessThan': '153.0.8010.36', 'versionType': 'custom', 'status': 'affected'}]}]}]","[{'source': '134c704f-9b21-4f2e-91b3-4a467353bcc0', 'ssvcData': {'timestamp': '2026-09-10T03:55:21.039385Z', 'id': 'CVE-2026-87491', 'options': [{'exploitation': 'active'}, {'automatable': 'no'}, {'technicalImpact': 'total'}], 'role': 'CISA Coordinator', 'version': '2.0.3'}}]","[{'url': 'https://chromereleases.googleblog.com/2026/09/stable-channel-update-for-desktop_0808145027.html', 'source': 'chrome-cve-admin@google.com', 'tags': ['Release Notes', 'Vendor Advisory']}, {'url': 'https://issues.chromium.org/issues/543557673', 'source': 'chrome-cve-admin@google.com', 'tags': ['Permissions Required']}, {'url': 'https://www.cisa.gov/known-exploited-vulnerabilities-catalog?field_cve=CVE-2026-87491', 'source': '134c704f-9b21-4f2e-91b3-4a467353bcc0', 'tags': ['US Government Resource']}]",2026-09-09,2026-09-23,"Apply mitigations in accordance with vendor instructions, ensuring compliance with CISA’s BOD 26-04 Prioritizing Security Updates Based on Risk (see URL in Notes) guidance and CISA’s “Forensics Triage Requirements” (see URL in Notes). Follow applicable BOD 26-04 guidance for cloud services or discontinue use of the product if mitigations are unavailable. Stakeholders are responsible for evaluating each asset's internet exposure and ensuring adherence to BOD 26-04 patching guidelines.",Google Chromium V8 Out of Bounds Write Vulnerability,Out of bounds write in V8 in Google Chrome prior to 153.0.8010.36 allowed a remote attacker to execute arbitrary code inside the sandbox via a crafted HTML page. (Chromium security severity: Medium),['cpe:2.3:a:google:chrome:*:*:*:*:*:*:*:*'],3,['CWE-787'],3.1,CVSS:3.1/AV:N/AC:L/PR:N/UI:R/S:U/C:H/I:H/A:H,8.8,HIGH,NETWORK,LOW,NONE,REQUIRED,UNCHANGED,HIGH,HIGH,HIGH,CVE-2026-87491,Bisihacker,Out of bounds write in V8 in Google Chrome prior to 153.0.8010.36 allowed a remote attacker to execu...,https://nvd.nist.gov/vuln/detail/CVE-2026-87491
CVE-2026-85102,5292,cve@checkpoint.com,2026-09-09 13:20:43.793,2026-09-23 18:22:07.453,Analyzed,"[{'source': 'cve@checkpoint.com', 'affectedData': [{'vendor': 'checkpoint', 'product': 'Quantum Security Gateway', 'versions': [{'version': 'R82.10 with Jumbo Hotfix Take 43 or below', 'status': 'affected'}, {'version': 'R82 with Jumbo Hotfix Take 125 or below', 'status': 'affected'}, {'version': 'R81.20 with Jumbo Hotfix Take 165 or below', 'status': 'affected'}]}]}]","[{'source': '134c704f-9b21-4f2e-91b3-4a467353bcc0', 'ssvcData': {'timestamp': '2026-09-09T00:00:00+00:00', 'id': 'CVE-2026-85102', 'options': [{'exploitation': 'active'}, {'automatable': 'yes'}, {'technicalImpact': 'total'}], 'role': 'CISA Coordinator', 'version': '2.0.3'}}]","[{'url': 'https://support.checkpoint.com/results/sk/sk1000117', 'source': 'cve@checkpoint.com', 'tags': ['Mitigation', 'Patch', 'Vendor Advisory']}, {'url': 'https://blog.checkpoint.com/security/security-advisory-action-required-active-exploitation-of-cve-2026-85102-and-a-management-pre-authentication-vulnerability-cve-2026-93616/', 'source': '134c704f-9b21-4f2e-91b3-4a467353bcc0', 'tags': ['Vendor Advisory']}, {'url': 'https://www.cisa.gov/known-exploited-vulnerabilities-catalog?field_cve=CVE-2026-85102', 'source': '134c704f-9b21-4f2e-91b3-4a467353bcc0', 'tags': ['US Government Resource']}]",2026-09-22,2026-09-25,"Apply mitigations in accordance with vendor instructions, ensuring compliance with CISA’s BOD 26-04 Prioritizing Security Updates Based on Risk (see URL in Notes) guidance and CISA’s “Forensics Triage Requirements” (see URL in Notes). Follow applicable BOD 26-04 guidance for cloud services or discontinue use of the product if mitigations are unavailable. Stakeholders are responsible for evaluating each asset's internet exposure and ensuring adherence to BOD 26-04 patching guidelines.",Check Point Multiple Products Improper Certificate Validation Vulnerability,Improper certificate trust validation during VPN negotiation in Check Point Quantum Security Gateway may allow an unauthenticated remote attacker to execute arbitrary code on the Gateway.,"['cpe:2.3:o:checkpoint:gaia_embedded:*:*:*:*:*:*:*:*', 'cpe:2.3:o:checkpoint:gaia_embedded:*:*:*:*:*:*:*:*', 'cpe:2.3:o:checkpoint:gaia_embedded:r81.10.17:-:*:*:*:*:*:*', 'cpe:2.3:o:checkpoint:gaia_embedded:r81.10.17:build_996004508:*:*:*:*:*:*', 'cpe:2.3:o:checkpoint:gaia_embedded:r81.10.17:build_996004620:*:*:*:*:*:*', 'cpe:2.3:o:checkpoint:gaia_embedded:r81.10.17:build_996004653:*:*:*:*:*:*', 'cpe:2.3:o:checkpoint:gaia_embedded:r81.10.17:build_996004721:*:*:*:*:*:*', 'cpe:2.3:o:checkpoint:gaia_embedded:r81.10.17:build_996004892:*:*:*:*:*:*', 'cpe:2.3:o:checkpoint:gaia_embedded:r81.10.17:build_996004901:*:*:*:*:*:*', 'cpe:2.3:o:checkpoint:gaia_embedded:r81.10.17:build_996004914:*:*:*:*:*:*', 'cpe:2.3:o:checkpoint:gaia_embedded:r81.10.17:build_996004936:*:*:*:*:*:*', 'cpe:2.3:o:checkpoint:gaia_embedded:r82.00.10:-:*:*:*:*:*:*', 'cpe:2.3:o:checkpoint:gaia_embedded:r82.00.10:build_998001559:*:*:*:*:*:*', 'cpe:2.3:o:checkpoint:gaia_embedded:r82.00.10:build_998001562:*:*:*:*:*:*', 'cpe:2.3:o:checkpoint:gaia_embedded:r82.00.10:build_998002110:*:*:*:*:*:*', 'cpe:2.3:o:checkpoint:gaia_embedded:r82.00.10:build_998002112:*:*:*:*:*:*', 'cpe:2.3:o:checkpoint:gaia_embedded:r82.00.10:build_998002133:*:*:*:*:*:*', 'cpe:2.3:o:checkpoint:gaia_embedded:r82.00.10:build_998002203:*:*:*:*:*:*', 'cpe:2.3:o:checkpoint:gaia_embedded:r82.00.10:build_998002216:*:*:*:*:*:*', 'cpe:2.3:o:checkpoint:gaia_embedded:r82.00.10:build_998002242:*:*:*:*:*:*', 'cpe:2.3:o:checkpoint:gaia_embedded:r82.00.10:build_998002279:*:*:*:*:*:*', 'cpe:2.3:o:checkpoint:gaia_os:*:*:*:*:*:*:*:*', 'cpe:2.3:o:checkpoint:gaia_os:r81.10:-:*:*:*:*:*:*', 'cpe:2.3:o:checkpoint:gaia_os:r81.10:take_106:*:*:*:*:*:*', 'cpe:2.3:o:checkpoint:gaia_os:r81.10:take_107:*:*:*:*:*:*', 'cpe:2.3:o:checkpoint:gaia_os:r81.10:take_109:*:*:*:*:*:*', 'cpe:2.3:o:checkpoint:gaia_os:r81.10:take_110:*:*:*:*:*:*', 'cpe:2.3:o:checkpoint:gaia_os:r81.10:take_113:*:*:*:*:*:*', 'cpe:2.3:o:checkpoint:gaia_os:r81.10:take_128:*:*:*:*:*:*', 'cpe:2.3:o:checkpoint:gaia_os:r81.10:take_129:*:*:*:*:*:*', 'cpe:2.3:o:checkpoint:gaia_os:r81.10:take_130:*:*:*:*:*:*', 'cpe:2.3:o:checkpoint:gaia_os:r81.10:take_131:*:*:*:*:*:*', 'cpe:2.3:o:checkpoint:gaia_os:r81.10:take_132:*:*:*:*:*:*', 'cpe:2.3:o:checkpoint:gaia_os:r81.10:take_135:*:*:*:*:*:*', 'cpe:2.3:o:checkpoint:gaia_os:r81.10:take_139:*:*:*:*:*:*', 'cpe:2.3:o:checkpoint:gaia_os:r81.10:take_14:*:*:*:*:*:*', 'cpe:2.3:o:checkpoint:gaia_os:r81.10:take_141:*:*:*:*:*:*', 'cpe:2.3:o:checkpoint:gaia_os:r81.10:take_150:*:*:*:*:*:*', 'cpe:2.3:o:checkpoint:gaia_os:r81.10:take_152:*:*:*:*:*:*', 'cpe:2.3:o:checkpoint:gaia_os:r81.10:take_156:*:*:*:*:*:*', 'cpe:2.3:o:checkpoint:gaia_os:r81.10:take_158:*:*:*:*:*:*', 'cpe:2.3:o:checkpoint:gaia_os:r81.10:take_165:*:*:*:*:*:*', 'cpe:2.3:o:checkpoint:gaia_os:r81.10:take_169:*:*:*:*:*:*', 'cpe:2.3:o:checkpoint:gaia_os:r81.10:take_170:*:*:*:*:*:*', 'cpe:2.3:o:checkpoint:gaia_os:r81.10:take_171:*:*:*:*:*:*', 'cpe:2.3:o:checkpoint:gaia_os:r81.10:take_172:*:*:*:*:*:*', 'cpe:2.3:o:checkpoint:gaia_os:r81.10:take_173:*:*:*:*:*:*', 'cpe:2.3:o:checkpoint:gaia_os:r81.10:take_174:*:*:*:*:*:*', 'cpe:2.3:o:checkpoint:gaia_os:r81.10:take_177:*:*:*:*:*:*', 'cpe:2.3:o:checkpoint:gaia_os:r81.10:take_181:*:*:*:*:*:*', 'cpe:2.3:o:checkpoint:gaia_os:r81.10:take_183:*:*:*:*:*:*', 'cpe:2.3:o:checkpoint:gaia_os:r81.10:take_187:*:*:*:*:*:*', 'cpe:2.3:o:checkpoint:gaia_os:r81.10:take_22:*:*:*:*:*:*', 'cpe:2.3:o:checkpoint:gaia_os:r81.10:take_30:*:*:*:*:*:*', 'cpe:2.3:o:checkpoint:gaia_os:r81.10:take_38:*:*:*:*:*:*', 'cpe:2.3:o:checkpoint:gaia_os:r81.10:take_44:*:*:*:*:*:*', 'cpe:2.3:o:checkpoint:gaia_os:r81.10:take_45:*:*:*:*:*:*', 'cpe:2.3:o:checkpoint:gaia_os:r81.10:take_55:*:*:*:*:*:*', 'cpe:2.3:o:checkpoint:gaia_os:r81.10:take_61:*:*:*:*:*:*', 'cpe:2.3:o:checkpoint:gaia_os:r81.10:take_66:*:*:*:*:*:*', 'cpe:2.3:o:checkpoint:gaia_os:r81.10:take_75:*:*:*:*:*:*', 'cpe:2.3:o:checkpoint:gaia_os:r81.10:take_78:*:*:*:*:*:*', 'cpe:2.3:o:checkpoint:gaia_os:r81.10:take_79:*:*:*:*:*:*', 'cpe:2.3:o:checkpoint:gaia_os:r81.10:take_81:*:*:*:*:*:*', 'cpe:2.3:o:checkpoint:gaia_os:r81.10:take_82:*:*:*:*:*:*', 'cpe:2.3:o:checkpoint:gaia_os:r81.10:take_85:*:*:*:*:*:*', 'cpe:2.3:o:checkpoint:gaia_os:r81.10:take_87:*:*:*:*:*:*', 'cpe:2.3:o:checkpoint:gaia_os:r81.10:take_9:*:*:*:*:*:*', 'cpe:2.3:o:checkpoint:gaia_os:r81.10:take_93:*:*:*:*:*:*', 'cpe:2.3:o:checkpoint:gaia_os:r81.10:take_94:*:*:*:*:*:*', 'cpe:2.3:o:checkpoint:gaia_os:r81.10:take_95:*:*:*:*:*:*', 'cpe:2.3:o:checkpoint:gaia_os:r81.20:-:*:*:*:*:*:*', 'cpe:2.3:o:checkpoint:gaia_os:r81.20:take_10:*:*:*:*:*:*', 'cpe:2.3:o:checkpoint:gaia_os:r81.20:take_101:*:*:*:*:*:*', 'cpe:2.3:o:checkpoint:gaia_os:r81.20:take_103:*:*:*:*:*:*', 'cpe:2.3:o:checkpoint:gaia_os:r81.20:take_105:*:*:*:*:*:*', 'cpe:2.3:o:checkpoint:gaia_os:r81.20:take_111:*:*:*:*:*:*', 'cpe:2.3:o:checkpoint:gaia_os:r81.20:take_113:*:*:*:*:*:*', 'cpe:2.3:o:checkpoint:gaia_os:r81.20:take_115:*:*:*:*:*:*', 'cpe:2.3:o:checkpoint:gaia_os:r81.20:take_118:*:*:*:*:*:*', 'cpe:2.3:o:checkpoint:gaia_os:r81.20:take_119:*:*:*:*:*:*', 'cpe:2.3:o:checkpoint:gaia_os:r81.20:take_120:*:*:*:*:*:*', 'cpe:2.3:o:checkpoint:gaia_os:r81.20:take_122:*:*:*:*:*:*', 'cpe:2.3:o:checkpoint:gaia_os:r81.20:take_126:*:*:*:*:*:*', 'cpe:2.3:o:checkpoint:gaia_os:r81.20:take_127:*:*:*:*:*:*', 'cpe:2.3:o:checkpoint:gaia_os:r81.20:take_14:*:*:*:*:*:*', 'cpe:2.3:o:checkpoint:gaia_os:r81.20:take_141:*:*:*:*:*:*', 'cpe:2.3:o:checkpoint:gaia_os:r81.20:take_146:*:*:*:*:*:*', 'cpe:2.3:o:checkpoint:gaia_os:r81.20:take_158:*:*:*:*:*:*', 'cpe:2.3:o:checkpoint:gaia_os:r81.20:take_161:*:*:*:*:*:*', 'cpe:2.3:o:checkpoint:gaia_os:r81.20:take_24:*:*:*:*:*:*', 'cpe:2.3:o:checkpoint:gaia_os:r81.20:take_26:*:*:*:*:*:*', 'cpe:2.3:o:checkpoint:gaia_os:r81.20:take_38:*:*:*:*:*:*', 'cpe:2.3:o:checkpoint:gaia_os:r81.20:take_41:*:*:*:*:*:*', 'cpe:2.3:o:checkpoint:gaia_os:r81.20:take_43:*:*:*:*:*:*', 'cpe:2.3:o:checkpoint:gaia_os:r81.20:take_45:*:*:*:*:*:*', 'cpe:2.3:o:checkpoint:gaia_os:r81.20:take_53:*:*:*:*:*:*', 'cpe:2.3:o:checkpoint:gaia_os:r81.20:take_54:*:*:*:*:*:*', 'cpe:2.3:o:checkpoint:gaia_os:r81.20:take_65:*:*:*:*:*:*', 'cpe:2.3:o:checkpoint:gaia_os:r81.20:take_70:*:*:*:*:*:*', 'cpe:2.3:o:checkpoint:gaia_os:r81.20:take_76:*:*:*:*:*:*', 'cpe:2.3:o:checkpoint:gaia_os:r81.20:take_79:*:*:*:*:*:*', 'cpe:2.3:o:checkpoint:gaia_os:r81.20:take_8:*:*:*:*:*:*', 'cpe:2.3:o:checkpoint:gaia_os:r81.20:take_84:*:*:*:*:*:*', 'cpe:2.3:o:checkpoint:gaia_os:r81.20:take_89:*:*:*:*:*:*', 'cpe:2.3:o:checkpoint:gaia_os:r81.20:take_90:*:*:*:*:*:*', 'cpe:2.3:o:checkpoint:gaia_os:r81.20:take_92:*:*:*:*:*:*', 'cpe:2.3:o:checkpoint:gaia_os:r81.20:take_96:*:*:*:*:*:*', 'cpe:2.3:o:checkpoint:gaia_os:r81.20:take_98:*:*:*:*:*:*', 'cpe:2.3:o:checkpoint:gaia_os:r81.20:take_99:*:*:*:*:*:*', 'cpe:2.3:o:checkpoint:gaia_os:r82:-:*:*:*:*:*:*', 'cpe:2.3:o:checkpoint:gaia_os:r82:take_10:*:*:*:*:*:*', 'cpe:2.3:o:checkpoint:gaia_os:r82:take_103:*:*:*:*:*:*', 'cpe:2.3:o:checkpoint:gaia_os:r82:take_107:*:*:*:*:*:*', 'cpe:2.3:o:checkpoint:gaia_os:r82:take_118:*:*:*:*:*:*', 'cpe:2.3:o:checkpoint:gaia_os:r82:take_12:*:*:*:*:*:*', 'cpe:2.3:o:checkpoint:gaia_os:r82:take_122:*:*:*:*:*:*', 'cpe:2.3:o:checkpoint:gaia_os:r82:take_14:*:*:*:*:*:*', 'cpe:2.3:o:checkpoint:gaia_os:r82:take_18:*:*:*:*:*:*', 'cpe:2.3:o:checkpoint:gaia_os:r82:take_19:*:*:*:*:*:*', 'cpe:2.3:o:checkpoint:gaia_os:r82:take_25:*:*:*:*:*:*', 'cpe:2.3:o:checkpoint:gaia_os:r82:take_33:*:*:*:*:*:*', 'cpe:2.3:o:checkpoint:gaia_os:r82:take_34:*:*:*:*:*:*', 'cpe:2.3:o:checkpoint:gaia_os:r82:take_36:*:*:*:*:*:*', 'cpe:2.3:o:checkpoint:gaia_os:r82:take_39:*:*:*:*:*:*', 'cpe:2.3:o:checkpoint:gaia_os:r82:take_41:*:*:*:*:*:*', 'cpe:2.3:o:checkpoint:gaia_os:r82:take_43:*:*:*:*:*:*', 'cpe:2.3:o:checkpoint:gaia_os:r82:take_44:*:*:*:*:*:*', 'cpe:2.3:o:checkpoint:gaia_os:r82:take_60:*:*:*:*:*:*', 'cpe:2.3:o:checkpoint:gaia_os:r82:take_73:*:*:*:*:*:*', 'cpe:2.3:o:checkpoint:gaia_os:r82:take_91:*:*:*:*:*:*', 'cpe:2.3:o:checkpoint:gaia_os:r82.10:-:*:*:*:*:*:*', 'cpe:2.3:o:checkpoint:gaia_os:r82.10:take_19:*:*:*:*:*:*', 'cpe:2.3:o:checkpoint:gaia_os:r82.10:take_24:*:*:*:*:*:*', 'cpe:2.3:o:checkpoint:gaia_os:r82.10:take_36:*:*:*:*:*:*', 'cpe:2.3:o:checkpoint:gaia_os:r82.10:take_40:*:*:*:*:*:*', 'cpe:2.3:o:checkpoint:gaia_os:r82.10:take_6:*:*:*:*:*:*']",3,['CWE-295'],3.1,CVSS:3.1/AV:N/AC:L/PR:N/UI:N/S:U/C:H/I:H/A:H,9.8,CRITICAL,NETWORK,LOW,NONE,NONE,UNCHANGED,HIGH,HIGH,HIGH,CVE-2026-85102,Bisihacker,Improper certificate trust validation during VPN negotiation in Check Point Quantum Security Gateway...,https://nvd.nist.gov/vuln/detail/CVE-2026-85102
CVE-2026-58704,8140,dsap-vuln-management@google.com,2026-09-15 19:17:32.297,2026-09-17 04:17:54.930,Analyzed,"[{'source': 'dsap-vuln-management@google.com', 'affectedData': [{'vendor': 'Google', 'product': 'Android', 'defaultStatus': 'unaffected', 'versions': [{'version': 'Android kernel', 'status': 'affected'}]}]}]","[{'source': '134c704f-9b21-4f2e-91b3-4a467353bcc0', 'ssvcData': {'timestamp': '2026-09-15T00:00:00+00:00', 'id': 'CVE-2026-58704', 'options': [{'exploitation': 'active'}, {'automatable': 'no'}, {'technicalImpact': 'total'}], 'role': 'CISA Coordinator', 'version': '2.0.3'}}]","[{'url': 'https://source.android.com/docs/security/bulletin/pixel/2026/2026-09-01', 'source': 'dsap-vuln-management@google.com', 'tags': ['Vendor Advisory']}, {'url': 'https://www.cisa.gov/known-exploited-vulnerabilities-catalog?field_cve=CVE-2026-58704', 'source': '134c704f-9b21-4f2e-91b3-4a467353bcc0', 'tags': ['US Government Resource']}]",2026-09-16,2026-09-19,"Apply mitigations in accordance with vendor instructions, ensuring compliance with CISA’s BOD 26-04 Prioritizing Security Updates Based on Risk (see URL in Notes) guidance and CISA’s “Forensics Triage Requirements” (see URL in Notes). Follow applicable BOD 26-04 guidance for cloud services or discontinue use of the product if mitigations are unavailable. Stakeholders are responsible for evaluating each asset's internet exposure and ensuring adherence to BOD 26-04 patching guidelines.",Google Pixel Improper Authorization Vulnerability,"In Cellular Modem, there is a possible permission bypass due to a logic error in the code. This could lead to remote (proximal/adjacent) escalation of privilege with no additional execution privileges needed. User interaction is not needed for exploitation.",['cpe:2.3:o:google:android:-:*:*:*:*:*:*:*'],2,"['CWE-285', 'CWE-693']",3.1,CVSS:3.1/AV:A/AC:L/PR:N/UI:N/S:U/C:H/I:H/A:H,8.8,HIGH,ADJACENT_NETWORK,LOW,NONE,NONE,UNCHANGED,HIGH,HIGH,HIGH,CVE-2026-58704,Bisihacker,"In Cellular Modem, there is a possible permission bypass due to a logic error in the code. This coul...",https://nvd.nist.gov/vuln/detail/CVE-2026-58704
CVE-2026-76460,9790,psirt@cisco.com,2026-09-16 21:17:21.430,2026-09-17 12:46:31.670,Analyzed,"[{'source': 'psirt@cisco.com', 'affectedData': [{'vendor': 'Cisco', 'product': 'Cisco Identity Services Engine Software', 'defaultStatus': 'unknown', 'versions': [{'version': '3.1.0 p8', 'status': 'affected'}, {'version': '3.1.0 p9', 'status': 'affected'}, {'version': '3.3 Patch 2', 'status': 'affected'}, {'version': '3.3 Patch 1', 'status': 'affected'}, {'version': '3.3 Patch 3', 'status': 'affected'}, {'version': '3.4.0', 'status': 'affected'}, {'version': '3.2.0 p7', 'status': 'affected'}, {'version': '3.3 Patch 4', 'status': 'affected'}, {'version': '3.4 Patch 1', 'status': 'affected'}, {'version': '3.1.0 p10', 'status': 'affected'}, {'version': '3.3 Patch 5', 'status': 'affected'}, {'version': '3.3 Patch 6', 'status': 'affected'}, {'version': '3.4 Patch 2', 'status': 'affected'}, {'version': '3.3 Patch 7', 'status': 'affected'}, {'version': '3.4 Patch 3', 'status': 'affected'}, {'version': '3.5.0', 'status': 'affected'}, {'version': '3.4 Patch 4', 'status': 'affected'}, {'version': '3.3 Patch 8', 'status': 'affected'}, {'version': '3.2 Patch 8', 'status': 'affected'}, {'version': '3.5 Patch 1', 'status': 'affected'}, {'version': '3.3 Patch 9', 'status': 'affected'}, {'version': '3.2 Patch 9', 'status': 'affected'}, {'version': '3.4 Patch 5', 'status': 'affected'}, {'version': '3.5 Patch 3', 'status': 'affected'}, {'version': '3.5 Patch 2', 'status': 'affected'}, {'version': '3.3 Patch 10', 'status': 'affected'}, {'version': '3.3 Patch 11', 'status': 'affected'}, {'version': '3.4 Patch 6', 'status': 'affected'}, {'version': '3.2 Patch 10', 'status': 'affected'}, {'version': '3.1.0 p11', 'status': 'affected'}]}, {'vendor': 'Cisco', 'product': 'Cisco ISE Passive Identity Connector', 'defaultStatus': 'unknown', 'versions': [{'version': '3.4.0', 'status': 'affected'}, {'version': '3.5.0', 'status': 'affected'}]}]}]","[{'source': '134c704f-9b21-4f2e-91b3-4a467353bcc0', 'ssvcData': {'timestamp': '2026-09-16T00:00:00+00:00', 'id': 'CVE-2026-76460', 'options': [{'exploitation': 'active'}, {'automatable': 'yes'}, {'technicalImpact': 'total'}], 'role': 'CISA Coordinator', 'version': '2.0.3'}}]","[{'url': 'https://sec.cloudapps.cisco.com/security/center/content/CiscoSecurityAdvisory/cisco-sa-ISE-ABP-VNSW7Tn5', 'source': 'psirt@cisco.com', 'tags': ['Mitigation', 'Vendor Advisory']}, {'url': 'https://www.cisa.gov/known-exploited-vulnerabilities-catalog?field_cve=CVE-2026-76460', 'source': '134c704f-9b21-4f2e-91b3-4a467353bcc0', 'tags': ['US Government Resource']}]",2026-09-16,2026-09-19,"Apply mitigations in accordance with vendor instructions, ensuring compliance with CISA’s BOD 26-04 Prioritizing Security Updates Based on Risk (see URL in Notes) guidance and CISA’s “Forensics Triage Requirements” (see URL in Notes). Follow applicable BOD 26-04 guidance for cloud services or discontinue use of the product if mitigations are unavailable. Stakeholders are responsible for evaluating each asset's internet exposure and ensuring adherence to BOD 26-04 patching guidelines.",Cisco Identity Services Engine Incorrect Use of Privileged APIs Vulnerability,"A vulnerability in an API of Cisco Identity Services Engine (ISE) could allow an unauthenticated, remote attacker to bypass authentication.

This vulnerability is due to insufficient authentication control on an API endpoint. An attacker could exploit this vulnerability by sending a crafted request to an affected API endpoint. A successful exploit could allow the attacker to gain unauthorized access to the affected device by bypassing the web-based management interface.","['cpe:2.3:a:cisco:identity_services_engine:3.1.0:-:*:*:*:*:*:*', 'cpe:2.3:a:cisco:identity_services_engine:3.1.0:patch1:*:*:*:*:*:*', 'cpe:2.3:a:cisco:identity_services_engine:3.1.0:patch10:*:*:*:*:*:*', 'cpe:2.3:a:cisco:identity_services_engine:3.1.0:patch11:*:*:*:*:*:*', 'cpe:2.3:a:cisco:identity_services_engine:3.1.0:patch2:*:*:*:*:*:*', 'cpe:2.3:a:cisco:identity_services_engine:3.1.0:patch3:*:*:*:*:*:*', 'cpe:2.3:a:cisco:identity_services_engine:3.1.0:patch4:*:*:*:*:*:*', 'cpe:2.3:a:cisco:identity_services_engine:3.1.0:patch5:*:*:*:*:*:*', 'cpe:2.3:a:cisco:identity_services_engine:3.1.0:patch6:*:*:*:*:*:*', 'cpe:2.3:a:cisco:identity_services_engine:3.1.0:patch7:*:*:*:*:*:*', 'cpe:2.3:a:cisco:identity_services_engine:3.1.0:patch8:*:*:*:*:*:*', 'cpe:2.3:a:cisco:identity_services_engine:3.1.0:patch9:*:*:*:*:*:*', 'cpe:2.3:a:cisco:identity_services_engine:3.2.0:-:*:*:*:*:*:*', 'cpe:2.3:a:cisco:identity_services_engine:3.2.0:patch1:*:*:*:*:*:*', 'cpe:2.3:a:cisco:identity_services_engine:3.2.0:patch10:*:*:*:*:*:*', 'cpe:2.3:a:cisco:identity_services_engine:3.2.0:patch2:*:*:*:*:*:*', 'cpe:2.3:a:cisco:identity_services_engine:3.2.0:patch3:*:*:*:*:*:*', 'cpe:2.3:a:cisco:identity_services_engine:3.2.0:patch4:*:*:*:*:*:*', 'cpe:2.3:a:cisco:identity_services_engine:3.2.0:patch5:*:*:*:*:*:*', 'cpe:2.3:a:cisco:identity_services_engine:3.2.0:patch6:*:*:*:*:*:*', 'cpe:2.3:a:cisco:identity_services_engine:3.2.0:patch7:*:*:*:*:*:*', 'cpe:2.3:a:cisco:identity_services_engine:3.2.0:patch8:*:*:*:*:*:*', 'cpe:2.3:a:cisco:identity_services_engine:3.2.0:patch9:*:*:*:*:*:*', 'cpe:2.3:a:cisco:identity_services_engine:3.3.0:-:*:*:*:*:*:*', 'cpe:2.3:a:cisco:identity_services_engine:3.3.0:patch1:*:*:*:*:*:*', 'cpe:2.3:a:cisco:identity_services_engine:3.3.0:patch10:*:*:*:*:*:*', 'cpe:2.3:a:cisco:identity_services_engine:3.3.0:patch11:*:*:*:*:*:*', 'cpe:2.3:a:cisco:identity_services_engine:3.3.0:patch2:*:*:*:*:*:*', 'cpe:2.3:a:cisco:identity_services_engine:3.3.0:patch3:*:*:*:*:*:*', 'cpe:2.3:a:cisco:identity_services_engine:3.3.0:patch4:*:*:*:*:*:*', 'cpe:2.3:a:cisco:identity_services_engine:3.3.0:patch5:*:*:*:*:*:*', 'cpe:2.3:a:cisco:identity_services_engine:3.3.0:patch6:*:*:*:*:*:*', 'cpe:2.3:a:cisco:identity_services_engine:3.3.0:patch7:*:*:*:*:*:*', 'cpe:2.3:a:cisco:identity_services_engine:3.3.0:patch8:*:*:*:*:*:*', 'cpe:2.3:a:cisco:identity_services_engine:3.3.0:patch9:*:*:*:*:*:*', 'cpe:2.3:a:cisco:identity_services_engine:3.4.0:-:*:*:*:*:*:*', 'cpe:2.3:a:cisco:identity_services_engine:3.4.0:patch1:*:*:*:*:*:*', 'cpe:2.3:a:cisco:identity_services_engine:3.4.0:patch2:*:*:*:*:*:*', 'cpe:2.3:a:cisco:identity_services_engine:3.4.0:patch3:*:*:*:*:*:*', 'cpe:2.3:a:cisco:identity_services_engine:3.4.0:patch4:*:*:*:*:*:*', 'cpe:2.3:a:cisco:identity_services_engine:3.4.0:patch5:*:*:*:*:*:*', 'cpe:2.3:a:cisco:identity_services_engine:3.4.0:patch6:*:*:*:*:*:*', 'cpe:2.3:a:cisco:identity_services_engine:3.5.0:-:*:*:*:*:*:*', 'cpe:2.3:a:cisco:identity_services_engine:3.5.0:patch1:*:*:*:*:*:*', 'cpe:2.3:a:cisco:identity_services_engine:3.5.0:patch2:*:*:*:*:*:*', 'cpe:2.3:a:cisco:identity_services_engine:3.5.0:patch3:*:*:*:*:*:*', 'cpe:2.3:a:cisco:identity_services_engine_passive_identity_connector:3.1.0:-:*:*:*:*:*:*', 'cpe:2.3:a:cisco:identity_services_engine_passive_identity_connector:3.1.0:patch1:*:*:*:*:*:*', 'cpe:2.3:a:cisco:identity_services_engine_passive_identity_connector:3.1.0:patch10:*:*:*:*:*:*', 'cpe:2.3:a:cisco:identity_services_engine_passive_identity_connector:3.1.0:patch11:*:*:*:*:*:*', 'cpe:2.3:a:cisco:identity_services_engine_passive_identity_connector:3.1.0:patch2:*:*:*:*:*:*', 'cpe:2.3:a:cisco:identity_services_engine_passive_identity_connector:3.1.0:patch3:*:*:*:*:*:*', 'cpe:2.3:a:cisco:identity_services_engine_passive_identity_connector:3.1.0:patch4:*:*:*:*:*:*', 'cpe:2.3:a:cisco:identity_services_engine_passive_identity_connector:3.1.0:patch5:*:*:*:*:*:*', 'cpe:2.3:a:cisco:identity_services_engine_passive_identity_connector:3.1.0:patch6:*:*:*:*:*:*', 'cpe:2.3:a:cisco:identity_services_engine_passive_identity_connector:3.1.0:patch7:*:*:*:*:*:*', 'cpe:2.3:a:cisco:identity_services_engine_passive_identity_connector:3.1.0:patch8:*:*:*:*:*:*', 'cpe:2.3:a:cisco:identity_services_engine_passive_identity_connector:3.1.0:patch9:*:*:*:*:*:*', 'cpe:2.3:a:cisco:identity_services_engine_passive_identity_connector:3.2.0:-:*:*:*:*:*:*', 'cpe:2.3:a:cisco:identity_services_engine_passive_identity_connector:3.2.0:patch1:*:*:*:*:*:*', 'cpe:2.3:a:cisco:identity_services_engine_passive_identity_connector:3.2.0:patch10:*:*:*:*:*:*', 'cpe:2.3:a:cisco:identity_services_engine_passive_identity_connector:3.2.0:patch2:*:*:*:*:*:*', 'cpe:2.3:a:cisco:identity_services_engine_passive_identity_connector:3.2.0:patch3:*:*:*:*:*:*', 'cpe:2.3:a:cisco:identity_services_engine_passive_identity_connector:3.2.0:patch4:*:*:*:*:*:*', 'cpe:2.3:a:cisco:identity_services_engine_passive_identity_connector:3.2.0:patch5:*:*:*:*:*:*', 'cpe:2.3:a:cisco:identity_services_engine_passive_identity_connector:3.2.0:patch6:*:*:*:*:*:*', 'cpe:2.3:a:cisco:identity_services_engine_passive_identity_connector:3.2.0:patch7:*:*:*:*:*:*', 'cpe:2.3:a:cisco:identity_services_engine_passive_identity_connector:3.2.0:patch8:*:*:*:*:*:*', 'cpe:2.3:a:cisco:identity_services_engine_passive_identity_connector:3.2.0:patch9:*:*:*:*:*:*', 'cpe:2.3:a:cisco:identity_services_engine_passive_identity_connector:3.3.0:-:*:*:*:*:*:*', 'cpe:2.3:a:cisco:identity_services_engine_passive_identity_connector:3.3.0:patch1:*:*:*:*:*:*', 'cpe:2.3:a:cisco:identity_services_engine_passive_identity_connector:3.3.0:patch10:*:*:*:*:*:*', 'cpe:2.3:a:cisco:identity_services_engine_passive_identity_connector:3.3.0:patch11:*:*:*:*:*:*', 'cpe:2.3:a:cisco:identity_services_engine_passive_identity_connector:3.3.0:patch2:*:*:*:*:*:*', 'cpe:2.3:a:cisco:identity_services_engine_passive_identity_connector:3.3.0:patch3:*:*:*:*:*:*', 'cpe:2.3:a:cisco:identity_services_engine_passive_identity_connector:3.3.0:patch4:*:*:*:*:*:*', 'cpe:2.3:a:cisco:identity_services_engine_passive_identity_connector:3.3.0:patch5:*:*:*:*:*:*', 'cpe:2.3:a:cisco:identity_services_engine_passive_identity_connector:3.3.0:patch6:*:*:*:*:*:*', 'cpe:2.3:a:cisco:identity_services_engine_passive_identity_connector:3.3.0:patch7:*:*:*:*:*:*', 'cpe:2.3:a:cisco:identity_services_engine_passive_identity_connector:3.3.0:patch8:*:*:*:*:*:*', 'cpe:2.3:a:cisco:identity_services_engine_passive_identity_connector:3.3.0:patch9:*:*:*:*:*:*', 'cpe:2.3:a:cisco:identity_services_engine_passive_identity_connector:3.4.0:-:*:*:*:*:*:*', 'cpe:2.3:a:cisco:identity_services_engine_passive_identity_connector:3.4.0:patch1:*:*:*:*:*:*', 'cpe:2.3:a:cisco:identity_services_engine_passive_identity_connector:3.4.0:patch2:*:*:*:*:*:*', 'cpe:2.3:a:cisco:identity_services_engine_passive_identity_connector:3.4.0:patch3:*:*:*:*:*:*', 'cpe:2.3:a:cisco:identity_services_engine_passive_identity_connector:3.4.0:patch4:*:*:*:*:*:*', 'cpe:2.3:a:cisco:identity_services_engine_passive_identity_connector:3.4.0:patch5:*:*:*:*:*:*', 'cpe:2.3:a:cisco:identity_services_engine_passive_identity_connector:3.4.0:patch6:*:*:*:*:*:*', 'cpe:2.3:a:cisco:identity_services_engine_passive_identity_connector:3.5.0:-:*:*:*:*:*:*', 'cpe:2.3:a:cisco:identity_services_engine_passive_identity_connector:3.5.0:patch1:*:*:*:*:*:*', 'cpe:2.3:a:cisco:identity_services_engine_passive_identity_connector:3.5.0:patch2:*:*:*:*:*:*', 'cpe:2.3:a:cisco:identity_services_engine_passive_identity_connector:3.5.0:patch3:*:*:*:*:*:*']",2,['CWE-648'],3.1,CVSS:3.1/AV:N/AC:L/PR:N/UI:N/S:C/C:H/I:H/A:H,10.0,CRITICAL,NETWORK,LOW,NONE,NONE,CHANGED,HIGH,HIGH,HIGH,CVE-2026-76460,Bisihacker,"A vulnerability in an API of Cisco Identity Services Engine (ISE) could allow an unauthenticated, re...",https://nvd.nist.gov/vuln/detail/CVE-2026-76460
CVE-2026-87886,10902,security@acronis.com,2026-09-17 23:18:53.763,2026-09-18 19:29:35.067,Analyzed,"[{'source': 'security@acronis.com', 'affectedData': [{'vendor': 'Acronis', 'product': 'Acronis Backup plugin for cPanel & WHM', 'defaultStatus': 'unaffected', 'platforms': ['Linux'], 'versions': [{'version': 'unspecified', 'lessThan': '1.9.3.1021', 'versionType': 'semver', 'status': 'affected'}]}, {'vendor': 'Acronis', 'product': 'Acronis Backup extension for Plesk', 'defaultStatus': 'unaffected', 'platforms': ['Linux'], 'versions': [{'version': 'unspecified', 'lessThan': '1.8.11.638', 'versionType': 'semver', 'status': 'affected'}]}, {'vendor': 'Acronis', 'product': 'Acronis Backup plugin for DirectAdmin', 'defaultStatus': 'unaffected', 'platforms': ['Linux'], 'versions': [{'version': 'unspecified', 'lessThan': '1.2.3.238', 'versionType': 'semver', 'status': 'affected'}]}]}]","[{'source': '134c704f-9b21-4f2e-91b3-4a467353bcc0', 'ssvcData': {'timestamp': '2026-09-18T12:27:59.851837Z', 'id': 'CVE-2026-87886', 'options': [{'exploitation': 'active'}, {'automatable': 'no'}, {'technicalImpact': 'total'}], 'role': 'CISA Coordinator', 'version': '2.0.3'}}]","[{'url': 'https://security-advisory.acronis.com/advisories/SEC-10986', 'source': 'security@acronis.com', 'tags': ['Vendor Advisory']}, {'url': 'https://www.cisa.gov/known-exploited-vulnerabilities-catalog?field_cve=CVE-2026-87886', 'source': '134c704f-9b21-4f2e-91b3-4a467353bcc0', 'tags': ['US Government Resource']}]",2026-09-16,2026-09-19,"Apply mitigations in accordance with vendor instructions, ensuring compliance with CISA’s BOD 26-04 Prioritizing Security Updates Based on Risk (see URL in Notes) guidance and CISA’s “Forensics Triage Requirements” (see URL in Notes). Follow applicable BOD 26-04 guidance for cloud services or discontinue use of the product if mitigations are unavailable. Stakeholders are responsible for evaluating each asset's internet exposure and ensuring adherence to BOD 26-04 patching guidelines.",Acronis Backup Incorrect Default Permissions Vulnerability,"Local privilege escalation due to insecure file permissions. The following products are affected: Acronis Backup plugin for cPanel & WHM (Linux) before build 1.9.3.1021, Acronis Backup extension for Plesk (Linux) before build 1.8.11.638, Acronis Backup plugin for DirectAdmin (Linux) before build 1.2.3.238.","['cpe:2.3:a:acronis:acronis_backup:*:*:*:*:*:directadmin:*:*', 'cpe:2.3:a:acronis:acronis_backup:*:*:*:*:*:plesk:*:*', 'cpe:2.3:a:acronis:acronis_backup:*:*:*:*:*:cpanel:*:*', 'cpe:2.3:a:acronis:acronis_backup:1.9.3:-:*:*:*:cpanel:*:*', 'cpe:2.3:a:acronis:acronis_backup:1.9.3:hotfix1:*:*:*:cpanel:*:*', 'cpe:2.3:a:acronis:acronis_backup:1.9.3:hotfix2:*:*:*:cpanel:*:*']",2,['CWE-276'],3.0,CVSS:3.0/AV:L/AC:L/PR:L/UI:N/S:U/C:H/I:H/A:H,7.8,HIGH,LOCAL,LOW,LOW,NONE,UNCHANGED,HIGH,HIGH,HIGH,CVE-2026-87886,Bisihacker,Local privilege escalation due to insecure file permissions. The following products are affected: Ac...,https://nvd.nist.gov/vuln/detail/CVE-2026-87886
CVE-2026-81578,358,eb41dac7-0af8-4f84-9f6d-0272772514f4,2026-08-28 16:18:29.600,2026-09-14 00:16:56.207,Analyzed,"[{'source': 'eb41dac7-0af8-4f84-9f6d-0272772514f4', 'affectedData': [{'vendor': 'PaperCut', 'product': 'PaperCut MF/NG', 'defaultStatus': 'unaffected', 'versions': [{'version': '0', 'lessThan': '24.1.10', 'versionType': 'semver', 'status': 'affected'}, {'version': '25.0.0', 'lessThan': '25.0.13', 'versionType': 'semver', 'status': 'affected'}, {'version': '26.0.0', 'lessThan': '26.0.5', 'versionType': 'semver', 'status': 'affected'}]}]}]","[{'source': '134c704f-9b21-4f2e-91b3-4a467353bcc0', 'ssvcData': {'timestamp': '2026-08-28T00:00:00+00:00', 'id': 'CVE-2026-81578', 'options': [{'exploitation': 'active'}, {'automatable': 'yes'}, {'technicalImpact': 'partial'}], 'role': 'CISA Coordinator', 'version': '2.0.3'}}]","[{'url': 'https://www.papercut.com/kb/Main/security-bulletin-27-aug-2026-urgent-security-advisory/', 'source': 'eb41dac7-0af8-4f84-9f6d-0272772514f4', 'tags': ['Patch', 'Vendor Advisory']}, {'url': 'https://github.com/rapid7/metasploit-framework/pull/21842', 'source': '134c704f-9b21-4f2e-91b3-4a467353bcc0', 'tags': ['Issue Tracking', 'Patch']}, {'url': 'https://www.cisa.gov/known-exploited-vulnerabilities-catalog?field_cve=CVE-2026-81578', 'source': '134c704f-9b21-4f2e-91b3-4a467353bcc0', 'tags': ['Patch', 'Third Party Advisory', 'US Government Resource']}]",2026-08-31,2026-09-14,"Apply mitigations in accordance with vendor instructions, ensuring compliance with CISA’s BOD 26-04 Prioritizing Security Updates Based on Risk (see URL in Notes) guidance and CISA’s “Forensics Triage Requirements” (see URL in Notes). Follow applicable BOD 26-04 guidance for cloud services or discontinue use of the product if mitigations are unavailable. Stakeholders are responsible for evaluating each asset's internet exposure and ensuring adherence to BOD 26-04 patching guidelines.",PaperCut NG/MF Missing Authentication for Critical Function Vulnerability,"An improper access control vulnerability exists in the web management interface of PaperCut MF and PaperCut NG. Under specific conditions, unauthenticated remote requests targeting administrative functions can trigger backend actions prior to the  completion of access validation checks. This allows an unauthenticated remote attacker to modify certain system configurations.","['cpe:2.3:a:papercut:papercut_mf:*:*:*:*:*:*:*:*', 'cpe:2.3:a:papercut:papercut_mf:*:*:*:*:*:*:*:*', 'cpe:2.3:a:papercut:papercut_mf:*:*:*:*:*:*:*:*', 'cpe:2.3:a:papercut:papercut_ng:*:*:*:*:*:*:*:*', 'cpe:2.3:a:papercut:papercut_ng:*:*:*:*:*:*:*:*', 'cpe:2.3:a:papercut:papercut_ng:*:*:*:*:*:*:*:*']",3,['CWE-305'],3.1,CVSS:3.1/AV:N/AC:L/PR:N/UI:N/S:U/C:H/I:H/A:H,9.8,CRITICAL,NETWORK,LOW,NONE,NONE,UNCHANGED,HIGH,HIGH,HIGH,CVE-2026-81578,Prova,An improper access control vulnerability exists in the web management interface of PaperCut MF and P...,https://nvd.nist.gov/vuln/detail/CVE-2026-81578
CVE-2026-82078,364,eb41dac7-0af8-4f84-9f6d-0272772514f4,2026-08-28 16:18:31.240,2026-09-14 00:16:56.777,Analyzed,"[{'source': 'eb41dac7-0af8-4f84-9f6d-0272772514f4', 'affectedData': [{'vendor': 'PaperCut', 'product': 'PaperCut MF/NG', 'defaultStatus': 'unaffected', 'versions': [{'version': '0', 'lessThan': '24.1.10', 'versionType': 'semver', 'status': 'affected'}, {'version': '25.0.0', 'lessThan': '25.0.13', 'versionType': 'semver', 'status': 'affected'}, {'version': '26.0.0', 'lessThan': '26.0.5', 'versionType': 'semver', 'status': 'affected'}]}]}]","[{'source': '134c704f-9b21-4f2e-91b3-4a467353bcc0', 'ssvcData': {'timestamp': '2026-08-28T00:00:00+00:00', 'id': 'CVE-2026-82078', 'options': [{'exploitation': 'active'}, {'automatable': 'no'}, {'technicalImpact': 'total'}], 'role': 'CISA Coordinator', 'version': '2.0.3'}}]","[{'url': 'https://www.papercut.com/kb/Main/security-bulletin-27-aug-2026-urgent-security-advisory/', 'source': 'eb41dac7-0af8-4f84-9f6d-0272772514f4', 'tags': ['Patch', 'Vendor Advisory']}, {'url': 'https://github.com/rapid7/metasploit-framework/pull/21842', 'source': '134c704f-9b21-4f2e-91b3-4a467353bcc0', 'tags': ['Issue Tracking', 'Patch']}, {'url': 'https://www.cisa.gov/known-exploited-vulnerabilities-catalog?field_cve=CVE-2026-82078', 'source': '134c704f-9b21-4f2e-91b3-4a467353bcc0', 'tags': ['Patch', 'Third Party Advisory', 'US Government Resource']}]",2026-08-31,2026-09-14,"Apply mitigations in accordance with vendor instructions, ensuring compliance with CISA’s BOD 26-04 Prioritizing Security Updates Based on Risk (see URL in Notes) guidance and CISA’s “Forensics Triage Requirements” (see URL in Notes). Follow applicable BOD 26-04 guidance for cloud services or discontinue use of the product if mitigations are unavailable. Stakeholders are responsible for evaluating each asset's internet exposure and ensuring adherence to BOD 26-04 patching guidelines.",PaperCut NG/MF Unsafe Reflection Vulnerability,"An unsafe dynamic class loading vulnerability exists in the database connection utilities of PaperCut MF and PaperCut NG. The application instantiates database driver classes based on configurable driver names without validating against an allowlist of approved drivers. If an attacker can manipulate system configuration parameters, this enables the execution of arbitrary Java bytecode residing on the application classpath under the security context of the PaperCut server process.","['cpe:2.3:a:papercut:papercut_mf:*:*:*:*:*:*:*:*', 'cpe:2.3:a:papercut:papercut_mf:*:*:*:*:*:*:*:*', 'cpe:2.3:a:papercut:papercut_mf:*:*:*:*:*:*:*:*', 'cpe:2.3:a:papercut:papercut_ng:*:*:*:*:*:*:*:*', 'cpe:2.3:a:papercut:papercut_ng:*:*:*:*:*:*:*:*', 'cpe:2.3:a:papercut:papercut_ng:*:*:*:*:*:*:*:*']",3,['CWE-470'],3.1,CVSS:3.1/AV:N/AC:L/PR:H/UI:N/S:C/C:H/I:H/A:H,9.1,CRITICAL,NETWORK,LOW,HIGH,NONE,CHANGED,HIGH,HIGH,HIGH,CVE-2026-82078,Prova,An unsafe dynamic class loading vulnerability exists in the database connection utilities of PaperCu...,https://nvd.nist.gov/vuln/detail/CVE-2026-82078
CVE-2026-82329,522,reefs@jfrog.com,2026-08-28 20:20:21.293,2026-09-03 13:06:15.630,Analyzed,"[{'source': 'reefs@jfrog.com', 'affectedData': [{'vendor': 'jfrog', 'product': 'artifactory', 'defaultStatus': 'unaffected', 'versions': [{'version': '0', 'lessThan': '7.111.21', 'versionType': 'custom', 'status': 'affected'}, {'version': '7.117.0', 'lessThan': '7.117.28', 'versionType': 'custom', 'status': 'affected'}, {'version': '7.125.0', 'lessThan': '7.125.20', 'versionType': 'custom', 'status': 'affected'}, {'version': '7.133.0', 'lessThan': '7.133.29', 'versionType': 'custom', 'status': 'affected'}, {'version': '7.146.0', 'lessThan': '7.146.38', 'versionType': 'custom', 'status': 'affected'}, {'version': '7.161.0', 'lessThan': '7.161.20', 'versionType': 'custom', 'status': 'affected'}]}]}]","[{'source': '134c704f-9b21-4f2e-91b3-4a467353bcc0', 'ssvcData': {'timestamp': '2026-09-02T00:00:00+00:00', 'id': 'CVE-2026-82329', 'options': [{'exploitation': 'active'}, {'automatable': 'yes'}, {'technicalImpact': 'total'}], 'role': 'CISA Coordinator', 'version': '2.0.3'}}]","[{'url': 'https://docs.jfrog.com/releases/docs/artifactory-self-managed-releases', 'source': 'reefs@jfrog.com', 'tags': ['Release Notes']}, {'url': 'https://docs.jfrog.com/releases/docs/jfrog-security-advisories', 'source': 'reefs@jfrog.com', 'tags': ['Vendor Advisory']}, {'url': 'https://www.cisa.gov/known-exploited-vulnerabilities-catalog?field_cve=CVE-2026-82329', 'source': '134c704f-9b21-4f2e-91b3-4a467353bcc0', 'tags': ['Third Party Advisory', 'US Government Resource']}]",2026-09-02,2026-09-05,"Apply mitigations in accordance with vendor instructions, ensuring compliance with CISA’s BOD 26-04 Prioritizing Security Updates Based on Risk (see URL in Notes) guidance and CISA’s “Forensics Triage Requirements” (see URL in Notes). Follow applicable BOD 26-04 guidance for cloud services or discontinue use of the product if mitigations are unavailable. Stakeholders are responsible for evaluating each asset's internet exposure and ensuring adherence to BOD 26-04 patching guidelines.",JFrog Artifactory Improper Authentication Vulnerability,"JFrog Artifactory contains an authentication weakness that, under default configuration, may allow an unauthenticated attacker with network access to obtain administrative privileges.","['cpe:2.3:a:jfrog:artifactory:*:*:*:*:*:-:*:*', 'cpe:2.3:a:jfrog:artifactory:*:*:*:*:*:-:*:*', 'cpe:2.3:a:jfrog:artifactory:*:*:*:*:*:-:*:*', 'cpe:2.3:a:jfrog:artifactory:*:*:*:*:*:-:*:*', 'cpe:2.3:a:jfrog:artifactory:*:*:*:*:*:-:*:*', 'cpe:2.3:a:jfrog:artifactory:*:*:*:*:*:-:*:*']",3,['CWE-287'],3.1,CVSS:3.1/AV:N/AC:L/PR:N/UI:N/S:U/C:H/I:H/A:H,9.8,CRITICAL,NETWORK,LOW,NONE,NONE,UNCHANGED,HIGH,HIGH,HIGH,CVE-2026-82329,Prova,"JFrog Artifactory contains an authentication weakness that, under default configuration, may allow a...",https://nvd.nist.gov/vuln/detail/CVE-2026-82329
CVE-2026-83548,1524,PSIRT@sonicwall.com,2026-09-01 22:17:13.170,2026-09-03 13:06:16.053,Analyzed,"[{'source': 'PSIRT@sonicwall.com', 'affectedData': [{'vendor': 'SonicWall', 'product': 'SMA1000', 'defaultStatus': 'unknown', 'platforms': ['Linux'], 'versions': [{'version': '12.4.3-03453 (platform-hotfix) and older versions', 'status': 'affected'}, {'version': '12.5.0-02835 (platform-hotfix) and older versions', 'status': 'affected'}]}]}]","[{'source': '134c704f-9b21-4f2e-91b3-4a467353bcc0', 'ssvcData': {'timestamp': '2026-09-01T00:00:00+00:00', 'id': 'CVE-2026-83548', 'options': [{'exploitation': 'active'}, {'automatable': 'yes'}, {'technicalImpact': 'total'}], 'role': 'CISA Coordinator', 'version': '2.0.3'}}]","[{'url': 'https://psirt.global.sonicwall.com/vuln-detail/SNWLID-2026-0016', 'source': 'PSIRT@sonicwall.com', 'tags': ['Vendor Advisory']}, {'url': 'https://www.cisa.gov/known-exploited-vulnerabilities-catalog?field_cve=CVE-2026-83548', 'source': '134c704f-9b21-4f2e-91b3-4a467353bcc0', 'tags': ['US Government Resource']}]",2026-09-02,2026-09-05,"Apply mitigations in accordance with vendor instructions, ensuring compliance with CISA’s BOD 26-04 Prioritizing Security Updates Based on Risk (see URL in Notes) guidance and CISA’s “Forensics Triage Requirements” (see URL in Notes). Follow applicable BOD 26-04 guidance for cloud services or discontinue use of the product if mitigations are unavailable. Stakeholders are responsible for evaluating each asset's internet exposure and ensuring adherence to BOD 26-04 patching guidelines.",SonicWall SMA1000 Appliances Server-Side Request Forgery Vulnerability,A Pre-authentication SSRF vulnerability exists in the SMA1000 Appliance Work Place interface due to an unintended alternate access path. A remote unauthenticated attacker could potentially exploit this vulnerability to gain unauthorized access to sensitive functionality and perform unauthorized operations.,"['cpe:2.3:a:sonicwall:sma8200v:*:*:*:*:*:*:*:*', 'cpe:2.3:a:sonicwall:sma8200v:*:*:*:*:*:*:*:*', 'cpe:2.3:o:sonicwall:sma6210_firmware:*:*:*:*:*:*:*:*', 'cpe:2.3:o:sonicwall:sma6210_firmware:*:*:*:*:*:*:*:*', 'cpe:2.3:o:sonicwall:sma7210_firmware:*:*:*:*:*:*:*:*', 'cpe:2.3:o:sonicwall:sma7210_firmware:*:*:*:*:*:*:*:*']",2,"['CWE-441', 'CWE-918']",3.1,CVSS:3.1/AV:N/AC:L/PR:N/UI:N/S:C/C:H/I:H/A:H,10.0,CRITICAL,NETWORK,LOW,NONE,NONE,CHANGED,HIGH,HIGH,HIGH,CVE-2026-83548,Prova,A Pre-authentication SSRF vulnerability exists in the SMA1000 Appliance Work Place interface due to ...,https://nvd.nist.gov/vuln/detail/CVE-2026-83548
CVE-2026-83549,1525,PSIRT@sonicwall.com,2026-09-01 22:17:13.290,2026-09-21 14:17:21.703,Analyzed,"[{'source': 'PSIRT@sonicwall.com', 'affectedData': [{'vendor': 'SonicWall', 'product': 'SMA1000', 'defaultStatus': 'unknown', 'platforms': ['Linux'], 'versions': [{'version': '12.4.3-03453 (platform-hotfix) and older versions', 'status': 'affected'}, {'version': '12.5.0-02835 (platform-hotfix) and older versions', 'status': 'affected'}]}]}]","[{'source': '134c704f-9b21-4f2e-91b3-4a467353bcc0', 'ssvcData': {'timestamp': '2026-09-03T03:55:31.034713Z', 'id': 'CVE-2026-83549', 'options': [{'exploitation': 'active'}, {'automatable': 'no'}, {'technicalImpact': 'total'}], 'role': 'CISA Coordinator', 'version': '2.0.3'}}]","[{'url': 'https://psirt.global.sonicwall.com/vuln-detail/SNWLID-2026-0016', 'source': 'PSIRT@sonicwall.com', 'tags': ['Vendor Advisory']}, {'url': 'https://www.cisa.gov/known-exploited-vulnerabilities-catalog?field_cve=CVE-2026-83549', 'source': '134c704f-9b21-4f2e-91b3-4a467353bcc0', 'tags': ['US Government Resource']}]",2026-09-02,2026-09-05,"Apply mitigations in accordance with vendor instructions, ensuring compliance with CISA’s BOD 26-04 Prioritizing Security Updates Based on Risk (see URL in Notes) guidance and CISA’s “Forensics Triage Requirements” (see URL in Notes). Follow applicable BOD 26-04 guidance for cloud services or discontinue use of the product if mitigations are unavailable. Stakeholders are responsible for evaluating each asset's internet exposure and ensuring adherence to BOD 26-04 patching guidelines.",SonicWall SMA1000 Appliances OS Command Injection Vulnerability,"Post-authentication Improper Neutralization of Special Elements used in an OS Command ('OS Command Injection') vulnerability has been identified in the SMA1000 Appliance Management Console (AMC) which in specific conditions could potentially enable a remote authenticated attacker as administrator to execute arbitrary OS commands, resulting in remote code execution.","['cpe:2.3:a:sonicwall:sma8200v:*:*:*:*:*:*:*:*', 'cpe:2.3:a:sonicwall:sma8200v:*:*:*:*:*:*:*:*', 'cpe:2.3:o:sonicwall:sma6210_firmware:*:*:*:*:*:*:*:*', 'cpe:2.3:o:sonicwall:sma6210_firmware:*:*:*:*:*:*:*:*', 'cpe:2.3:o:sonicwall:sma7210_firmware:*:*:*:*:*:*:*:*', 'cpe:2.3:o:sonicwall:sma7210_firmware:*:*:*:*:*:*:*:*']",2,['CWE-78'],3.1,CVSS:3.1/AV:L/AC:L/PR:L/UI:N/S:U/C:H/I:H/A:H,7.8,HIGH,LOCAL,LOW,LOW,NONE,UNCHANGED,HIGH,HIGH,HIGH,CVE-2026-83549,Prova,Post-authentication Improper Neutralization of Special Elements used in an OS Command ('OS Command I...,https://nvd.nist.gov/vuln/detail/CVE-2026-83549
CVE-2026-85046,2158,chrome-cve-admin@google.com,2026-09-03 20:17:24.210,2026-09-21 13:17:10.970,Analyzed,"[{'source': 'chrome-cve-admin@google.com', 'affectedData': [{'vendor': 'Google', 'product': 'Chrome', 'versions': [{'version': '152.0.7977.82', 'lessThan': '152.0.7977.82', 'versionType': 'custom', 'status': 'affected'}]}]}]","[{'source': '134c704f-9b21-4f2e-91b3-4a467353bcc0', 'ssvcData': {'timestamp': '2026-09-05T03:55:28.709112Z', 'id': 'CVE-2026-85046', 'options': [{'exploitation': 'active'}, {'automatable': 'no'}, {'technicalImpact': 'total'}], 'role': 'CISA Coordinator', 'version': '2.0.3'}}]","[{'url': 'https://chromereleases.googleblog.com/2026/09/stable-channel-update-for-desktop_01882797386.html', 'source': 'chrome-cve-admin@google.com', 'tags': ['Release Notes', 'Vendor Advisory']}, {'url': 'https://issues.chromium.org/issues/542403045', 'source': 'chrome-cve-admin@google.com', 'tags': ['Permissions Required']}, {'url': 'https://github.com/Serotav/Writeups/blob/77556c57999805fa7815a114da51d91cf24fbea9/v8/When_Sorting_Leads_To_Confusion.md', 'source': 'af854a3a-2127-422b-91ae-364da2661108', 'tags': ['Exploit', 'Third Party Advisory']}, {'url': 'https://github.com/v8/v8/commit/e0562d87ad9c17042b581582c99237d798572e67', 'source': 'af854a3a-2127-422b-91ae-364da2661108', 'tags': ['Patch']}, {'url': 'https://news.ycombinator.com/item?id=49570669', 'source': 'af854a3a-2127-422b-91ae-364da2661108', 'tags': ['Issue Tracking', 'Third Party Advisory']}, {'url': 'https://serotav.github.io/Writeups/v8/when-sorting-leads-to-confusion/', 'source': 'af854a3a-2127-422b-91ae-364da2661108', 'tags': ['Exploit', 'Third Party Advisory']}, {'url': 'https://www.cisa.gov/known-exploited-vulnerabilities-catalog?field_cve=CVE-2026-85046', 'source': '134c704f-9b21-4f2e-91b3-4a467353bcc0', 'tags': ['US Government Resource']}]",2026-09-04,2026-09-18,"Apply mitigations in accordance with vendor instructions, ensuring compliance with CISA’s BOD 26-04 Prioritizing Security Updates Based on Risk (see URL in Notes) guidance and CISA’s “Forensics Triage Requirements” (see URL in Notes). Follow applicable BOD 26-04 guidance for cloud services or discontinue use of the product if mitigations are unavailable. Stakeholders are responsible for evaluating each asset's internet exposure and ensuring adherence to BOD 26-04 patching guidelines.",Google Chromium V8 Type Confusion Vulnerability,Type confusion in V8 in Google Chrome prior to 152.0.7977.82 allowed a remote attacker to execute arbitrary code inside the sandbox via a crafted HTML page. (Chromium security severity: High),"['cpe:2.3:a:google:chrome:*:*:*:*:*:*:*:*', 'cpe:2.3:a:google:v8:*:*:*:*:*:*:*:*']",7,['CWE-843'],3.1,CVSS:3.1/AV:N/AC:L/PR:N/UI:R/S:U/C:H/I:H/A:H,8.8,HIGH,NETWORK,LOW,NONE,REQUIRED,UNCHANGED,HIGH,HIGH,HIGH,CVE-2026-85046,Prova,Type confusion in V8 in Google Chrome prior to 152.0.7977.82 allowed a remote attacker to execute ar...,https://nvd.nist.gov/vuln/detail/CVE-2026-85046
CVE-2026-86218,2945,a5532a13-c4dd-4202-bef1-e0b8f2f8d12b,2026-09-06 03:17:17.373,2026-09-09 05:18:19.490,Analyzed,"[{'source': 'a5532a13-c4dd-4202-bef1-e0b8f2f8d12b', 'affectedData': [{'vendor': 'N-able', 'product': 'N-central', 'defaultStatus': 'unaffected', 'versions': [{'version': '0', 'lessThan': '2026.3.1.14', 'versionType': 'custom', 'status': 'affected'}]}]}]","[{'source': '134c704f-9b21-4f2e-91b3-4a467353bcc0', 'ssvcData': {'timestamp': '2026-09-07T00:00:00+00:00', 'id': 'CVE-2026-86218', 'options': [{'exploitation': 'active'}, {'automatable': 'yes'}, {'technicalImpact': 'total'}], 'role': 'CISA Coordinator', 'version': '2.0.3'}}]","[{'url': 'https://me.n-able.com/s/security-advisory/aArVy0000002Ld3KAE/cve202686218-preauthentication-remote-code-execution', 'source': 'a5532a13-c4dd-4202-bef1-e0b8f2f8d12b', 'tags': ['Vendor Advisory']}, {'url': 'https://www.cisa.gov/known-exploited-vulnerabilities-catalog?field_cve=CVE-2026-86218', 'source': '134c704f-9b21-4f2e-91b3-4a467353bcc0', 'tags': ['US Government Resource']}]",2026-09-08,2026-09-11,"Apply mitigations in accordance with vendor instructions, ensuring compliance with CISA’s BOD 26-04 Prioritizing Security Updates Based on Risk (see URL in Notes) guidance and CISA’s “Forensics Triage Requirements” (see URL in Notes). Follow applicable BOD 26-04 guidance for cloud services or discontinue use of the product if mitigations are unavailable. Stakeholders are responsible for evaluating each asset's internet exposure and ensuring adherence to BOD 26-04 patching guidelines.",N-able N-central Static Code Injection Vulnerability,N-central is vulnerable to a pre-auth remote code execution This issue affects N-central: before 2026.3.1.14.,"['cpe:2.3:a:n-able:n-central:*:*:*:*:*:*:*:*', 'cpe:2.3:a:n-able:n-central:2026.3:-:*:*:*:*:*:*', 'cpe:2.3:a:n-able:n-central:2026.3:hotfix1:*:*:*:*:*:*', 'cpe:2.3:a:n-able:n-central:2026.3:hotfix2:*:*:*:*:*:*', 'cpe:2.3:a:n-able:n-central:2026.3:hotfix3:*:*:*:*:*:*']",2,['CWE-96'],3.1,CVSS:3.1/AV:N/AC:L/PR:N/UI:N/S:U/C:H/I:H/A:H,9.8,CRITICAL,NETWORK,LOW,NONE,NONE,UNCHANGED,HIGH,HIGH,HIGH,CVE-2026-86218,Prova,N-central is vulnerable to a pre-auth remote code execution This issue affects N-central: before 202...,https://nvd.nist.gov/vuln/detail/CVE-2026-86218
CVE-2026-75650,3259,psirt@adobe.com,2026-09-07 21:17:30.863,2026-09-09 05:18:07.237,Analyzed,"[{'source': 'psirt@adobe.com', 'affectedData': [{'vendor': 'Adobe', 'product': 'Adobe Commerce', 'defaultStatus': 'unaffected', 'versions': [{'version': '0', 'lessThanOrEqual': '2.4.9-2026-aug, 2.4.8-2026-aug, 2.4.7-2026-aug, 2.4.6-2026-aug, 2.4.5-2026-aug, 2.4.4-2026-aug', 'versionType': 'custom', 'status': 'affected'}, {'version': 'Hotfix for CVE-2026-7565', 'versionType': 'custom', 'status': 'unaffected'}]}, {'vendor': 'Adobe', 'product': 'Adobe Commerce B2B', 'defaultStatus': 'unaffected', 'versions': [{'version': '0', 'lessThanOrEqual': '1.5.3-2026-aug, 1.5.2-2026-aug, 1.4.2-2026-aug, 1.3.4-2026-aug, 1.3.3-2026-aug', 'versionType': 'custom', 'status': 'affected'}, {'version': 'Hotfix for CVE-2026-7565', 'versionType': 'custom', 'status': 'unaffected'}]}, {'vendor': 'Adobe', 'product': 'Magento Open Source', 'defaultStatus': 'unaffected', 'versions': [{'version': '0', 'lessThanOrEqual': '2.4.9-2026-aug, 2.4.8-2026-aug, 2.4.7-2026-aug, 2.4.6-2026-aug', 'versionType': 'custom', 'status': 'affected'}, {'version': 'Hotfix for CVE-2026-7565', 'versionType': 'custom', 'status': 'unaffected'}]}]}]","[{'source': '134c704f-9b21-4f2e-91b3-4a467353bcc0', 'ssvcData': {'timestamp': '2026-09-08T00:00:00+00:00', 'id': 'CVE-2026-75650', 'options': [{'exploitation': 'active'}, {'automatable': 'yes'}, {'technicalImpact': 'total'}], 'role': 'CISA Coordinator', 'version': '2.0.3'}}]","[{'url': 'https://helpx.adobe.com/security/products/magento/apsb26-146.html', 'source': 'psirt@adobe.com', 'tags': ['Patch', 'Vendor Advisory']}, {'url': 'https://www.cisa.gov/known-exploited-vulnerabilities-catalog?field_cve=CVE-2026-75650', 'source': '134c704f-9b21-4f2e-91b3-4a467353bcc0', 'tags': ['US Government Resource']}]",2026-09-08,2026-09-11,"Apply mitigations in accordance with vendor instructions, ensuring compliance with CISA’s BOD 26-04 Prioritizing Security Updates Based on Risk (see URL in Notes) guidance and CISA’s “Forensics Triage Requirements” (see URL in Notes). Follow applicable BOD 26-04 guidance for cloud services or discontinue use of the product if mitigations are unavailable. Stakeholders are responsible for evaluating each asset's internet exposure and ensuring adherence to BOD 26-04 patching guidelines.",Adobe Commerce and Magento Improper Neutralization of Special Elements Used in a Template Engine Vulnerability,Adobe Commerce is affected by an Improper Neutralization of Special Elements Used in a Template Engine vulnerability that could result in arbitrary code execution in the context of the current user. An attacker could exploit this vulnerability to execute arbitrary code. Exploitation of this issue does not require user interaction. Scope is changed.,"['cpe:2.3:a:adobe:commerce:*:*:*:*:*:*:*:*', 'cpe:2.3:a:adobe:commerce:2.4.4:-:*:*:*:*:*:*', 'cpe:2.3:a:adobe:commerce:2.4.4:p1:*:*:*:*:*:*', 'cpe:2.3:a:adobe:commerce:2.4.4:p10:*:*:*:*:*:*', 'cpe:2.3:a:adobe:commerce:2.4.4:p11:*:*:*:*:*:*', 'cpe:2.3:a:adobe:commerce:2.4.4:p12:*:*:*:*:*:*', 'cpe:2.3:a:adobe:commerce:2.4.4:p13:*:*:*:*:*:*', 'cpe:2.3:a:adobe:commerce:2.4.4:p14:*:*:*:*:*:*', 'cpe:2.3:a:adobe:commerce:2.4.4:p15:*:*:*:*:*:*', 'cpe:2.3:a:adobe:commerce:2.4.4:p16:*:*:*:*:*:*', 'cpe:2.3:a:adobe:commerce:2.4.4:p17:*:*:*:*:*:*', 'cpe:2.3:a:adobe:commerce:2.4.4:p18:*:*:*:*:*:*', 'cpe:2.3:a:adobe:commerce:2.4.4:p2:*:*:*:*:*:*', 'cpe:2.3:a:adobe:commerce:2.4.4:p3:*:*:*:*:*:*', 'cpe:2.3:a:adobe:commerce:2.4.4:p4:*:*:*:*:*:*', 'cpe:2.3:a:adobe:commerce:2.4.4:p5:*:*:*:*:*:*', 'cpe:2.3:a:adobe:commerce:2.4.4:p6:*:*:*:*:*:*', 'cpe:2.3:a:adobe:commerce:2.4.4:p7:*:*:*:*:*:*', 'cpe:2.3:a:adobe:commerce:2.4.4:p8:*:*:*:*:*:*', 'cpe:2.3:a:adobe:commerce:2.4.4:p9:*:*:*:*:*:*', 'cpe:2.3:a:adobe:commerce:2.4.5:-:*:*:*:*:*:*', 'cpe:2.3:a:adobe:commerce:2.4.5:p1:*:*:*:*:*:*', 'cpe:2.3:a:adobe:commerce:2.4.5:p10:*:*:*:*:*:*', 'cpe:2.3:a:adobe:commerce:2.4.5:p11:*:*:*:*:*:*', 'cpe:2.3:a:adobe:commerce:2.4.5:p12:*:*:*:*:*:*', 'cpe:2.3:a:adobe:commerce:2.4.5:p13:*:*:*:*:*:*', 'cpe:2.3:a:adobe:commerce:2.4.5:p14:*:*:*:*:*:*', 'cpe:2.3:a:adobe:commerce:2.4.5:p15:*:*:*:*:*:*', 'cpe:2.3:a:adobe:commerce:2.4.5:p16:*:*:*:*:*:*', 'cpe:2.3:a:adobe:commerce:2.4.5:p17:*:*:*:*:*:*', 'cpe:2.3:a:adobe:commerce:2.4.5:p2:*:*:*:*:*:*', 'cpe:2.3:a:adobe:commerce:2.4.5:p3:*:*:*:*:*:*', 'cpe:2.3:a:adobe:commerce:2.4.5:p4:*:*:*:*:*:*', 'cpe:2.3:a:adobe:commerce:2.4.5:p5:*:*:*:*:*:*', 'cpe:2.3:a:adobe:commerce:2.4.5:p6:*:*:*:*:*:*', 'cpe:2.3:a:adobe:commerce:2.4.5:p7:*:*:*:*:*:*', 'cpe:2.3:a:adobe:commerce:2.4.5:p8:*:*:*:*:*:*', 'cpe:2.3:a:adobe:commerce:2.4.5:p9:*:*:*:*:*:*', 'cpe:2.3:a:adobe:commerce:2.4.6:-:*:*:*:*:*:*', 'cpe:2.3:a:adobe:commerce:2.4.6:p1:*:*:*:*:*:*', 'cpe:2.3:a:adobe:commerce:2.4.6:p10:*:*:*:*:*:*', 'cpe:2.3:a:adobe:commerce:2.4.6:p11:*:*:*:*:*:*', 'cpe:2.3:a:adobe:commerce:2.4.6:p12:*:*:*:*:*:*', 'cpe:2.3:a:adobe:commerce:2.4.6:p13:*:*:*:*:*:*', 'cpe:2.3:a:adobe:commerce:2.4.6:p14:*:*:*:*:*:*', 'cpe:2.3:a:adobe:commerce:2.4.6:p15:*:*:*:*:*:*', 'cpe:2.3:a:adobe:commerce:2.4.6:p2:*:*:*:*:*:*', 'cpe:2.3:a:adobe:commerce:2.4.6:p3:*:*:*:*:*:*', 'cpe:2.3:a:adobe:commerce:2.4.6:p4:*:*:*:*:*:*', 'cpe:2.3:a:adobe:commerce:2.4.6:p5:*:*:*:*:*:*', 'cpe:2.3:a:adobe:commerce:2.4.6:p6:*:*:*:*:*:*', 'cpe:2.3:a:adobe:commerce:2.4.6:p7:*:*:*:*:*:*', 'cpe:2.3:a:adobe:commerce:2.4.6:p8:*:*:*:*:*:*', 'cpe:2.3:a:adobe:commerce:2.4.6:p9:*:*:*:*:*:*', 'cpe:2.3:a:adobe:commerce:2.4.7:-:*:*:*:*:*:*', 'cpe:2.3:a:adobe:commerce:2.4.7:b1:*:*:*:*:*:*', 'cpe:2.3:a:adobe:commerce:2.4.7:b2:*:*:*:*:*:*', 'cpe:2.3:a:adobe:commerce:2.4.7:beta3:*:*:*:*:*:*', 'cpe:2.3:a:adobe:commerce:2.4.7:p1:*:*:*:*:*:*', 'cpe:2.3:a:adobe:commerce:2.4.7:p10:*:*:*:*:*:*', 'cpe:2.3:a:adobe:commerce:2.4.7:p2:*:*:*:*:*:*', 'cpe:2.3:a:adobe:commerce:2.4.7:p3:*:*:*:*:*:*', 'cpe:2.3:a:adobe:commerce:2.4.7:p4:*:*:*:*:*:*', 'cpe:2.3:a:adobe:commerce:2.4.7:p5:*:*:*:*:*:*', 'cpe:2.3:a:adobe:commerce:2.4.7:p6:*:*:*:*:*:*', 'cpe:2.3:a:adobe:commerce:2.4.7:p7:*:*:*:*:*:*', 'cpe:2.3:a:adobe:commerce:2.4.7:p8:*:*:*:*:*:*', 'cpe:2.3:a:adobe:commerce:2.4.7:p9:*:*:*:*:*:*', 'cpe:2.3:a:adobe:commerce:2.4.8:-:*:*:*:*:*:*', 'cpe:2.3:a:adobe:commerce:2.4.8:beta1:*:*:*:*:*:*', 'cpe:2.3:a:adobe:commerce:2.4.8:beta2:*:*:*:*:*:*', 'cpe:2.3:a:adobe:commerce:2.4.8:p1:*:*:*:*:*:*', 'cpe:2.3:a:adobe:commerce:2.4.8:p2:*:*:*:*:*:*', 'cpe:2.3:a:adobe:commerce:2.4.8:p3:*:*:*:*:*:*', 'cpe:2.3:a:adobe:commerce:2.4.8:p4:*:*:*:*:*:*', 'cpe:2.3:a:adobe:commerce:2.4.8:p5:*:*:*:*:*:*', 'cpe:2.3:a:adobe:commerce:2.4.9:-:*:*:*:*:*:*', 'cpe:2.3:a:adobe:commerce:2.4.9:alpha1:*:*:*:*:*:*', 'cpe:2.3:a:adobe:commerce:2.4.9:alpha2:*:*:*:*:*:*', 'cpe:2.3:a:adobe:commerce:2.4.9:alpha3:*:*:*:*:*:*', 'cpe:2.3:a:adobe:commerce:2.4.9:beta1:*:*:*:*:*:*', 'cpe:2.3:a:adobe:commerce_b2b:*:-:*:*:*:*:*:*', 'cpe:2.3:a:adobe:commerce_b2b:1.3.3:-:*:*:*:*:*:*', 'cpe:2.3:a:adobe:commerce_b2b:1.3.3:p1:*:*:*:*:*:*', 'cpe:2.3:a:adobe:commerce_b2b:1.3.3:p10:*:*:*:*:*:*', 'cpe:2.3:a:adobe:commerce_b2b:1.3.3:p11:*:*:*:*:*:*', 'cpe:2.3:a:adobe:commerce_b2b:1.3.3:p12:*:*:*:*:*:*', 'cpe:2.3:a:adobe:commerce_b2b:1.3.3:p13:*:*:*:*:*:*', 'cpe:2.3:a:adobe:commerce_b2b:1.3.3:p14:*:*:*:*:*:*', 'cpe:2.3:a:adobe:commerce_b2b:1.3.3:p15:*:*:*:*:*:*', 'cpe:2.3:a:adobe:commerce_b2b:1.3.3:p16:*:*:*:*:*:*', 'cpe:2.3:a:adobe:commerce_b2b:1.3.3:p17:*:*:*:*:*:*', 'cpe:2.3:a:adobe:commerce_b2b:1.3.3:p18:*:*:*:*:*:*', 'cpe:2.3:a:adobe:commerce_b2b:1.3.3:p2:*:*:*:*:*:*', 'cpe:2.3:a:adobe:commerce_b2b:1.3.3:p3:*:*:*:*:*:*', 'cpe:2.3:a:adobe:commerce_b2b:1.3.3:p4:*:*:*:*:*:*', 'cpe:2.3:a:adobe:commerce_b2b:1.3.3:p5:*:*:*:*:*:*', 'cpe:2.3:a:adobe:commerce_b2b:1.3.3:p6:*:*:*:*:*:*', 'cpe:2.3:a:adobe:commerce_b2b:1.3.3:p7:*:*:*:*:*:*', 'cpe:2.3:a:adobe:commerce_b2b:1.3.3:p8:*:*:*:*:*:*', 'cpe:2.3:a:adobe:commerce_b2b:1.3.3:p9:*:*:*:*:*:*', 'cpe:2.3:a:adobe:commerce_b2b:1.3.4:-:*:*:*:*:*:*', 'cpe:2.3:a:adobe:commerce_b2b:1.3.4:p1:*:*:*:*:*:*', 'cpe:2.3:a:adobe:commerce_b2b:1.3.4:p10:*:*:*:*:*:*', 'cpe:2.3:a:adobe:commerce_b2b:1.3.4:p11:*:*:*:*:*:*', 'cpe:2.3:a:adobe:commerce_b2b:1.3.4:p12:*:*:*:*:*:*', 'cpe:2.3:a:adobe:commerce_b2b:1.3.4:p13:*:*:*:*:*:*', 'cpe:2.3:a:adobe:commerce_b2b:1.3.4:p14:*:*:*:*:*:*', 'cpe:2.3:a:adobe:commerce_b2b:1.3.4:p15:*:*:*:*:*:*', 'cpe:2.3:a:adobe:commerce_b2b:1.3.4:p16:*:*:*:*:*:*', 'cpe:2.3:a:adobe:commerce_b2b:1.3.4:p17:*:*:*:*:*:*', 'cpe:2.3:a:adobe:commerce_b2b:1.3.4:p2:*:*:*:*:*:*', 'cpe:2.3:a:adobe:commerce_b2b:1.3.4:p3:*:*:*:*:*:*', 'cpe:2.3:a:adobe:commerce_b2b:1.3.4:p4:*:*:*:*:*:*', 'cpe:2.3:a:adobe:commerce_b2b:1.3.4:p5:*:*:*:*:*:*', 'cpe:2.3:a:adobe:commerce_b2b:1.3.4:p6:*:*:*:*:*:*', 'cpe:2.3:a:adobe:commerce_b2b:1.3.4:p7:*:*:*:*:*:*', 'cpe:2.3:a:adobe:commerce_b2b:1.3.4:p8:*:*:*:*:*:*', 'cpe:2.3:a:adobe:commerce_b2b:1.3.4:p9:*:*:*:*:*:*', 'cpe:2.3:a:adobe:commerce_b2b:1.4.2:-:*:*:*:*:*:*', 'cpe:2.3:a:adobe:commerce_b2b:1.4.2:p1:*:*:*:*:*:*', 'cpe:2.3:a:adobe:commerce_b2b:1.4.2:p10:*:*:*:*:*:*', 'cpe:2.3:a:adobe:commerce_b2b:1.4.2:p2:*:*:*:*:*:*', 'cpe:2.3:a:adobe:commerce_b2b:1.4.2:p3:*:*:*:*:*:*', 'cpe:2.3:a:adobe:commerce_b2b:1.4.2:p4:*:*:*:*:*:*', 'cpe:2.3:a:adobe:commerce_b2b:1.4.2:p5:*:*:*:*:*:*', 'cpe:2.3:a:adobe:commerce_b2b:1.4.2:p6:*:*:*:*:*:*', 'cpe:2.3:a:adobe:commerce_b2b:1.4.2:p7:*:*:*:*:*:*', 'cpe:2.3:a:adobe:commerce_b2b:1.4.2:p8:*:*:*:*:*:*', 'cpe:2.3:a:adobe:commerce_b2b:1.4.2:p9:*:*:*:*:*:*', 'cpe:2.3:a:adobe:commerce_b2b:1.5.2:-:*:*:*:*:*:*', 'cpe:2.3:a:adobe:commerce_b2b:1.5.2:p1:*:*:*:*:*:*', 'cpe:2.3:a:adobe:commerce_b2b:1.5.2:p2:*:*:*:*:*:*', 'cpe:2.3:a:adobe:commerce_b2b:1.5.2:p3:*:*:*:*:*:*', 'cpe:2.3:a:adobe:commerce_b2b:1.5.2:p4:*:*:*:*:*:*', 'cpe:2.3:a:adobe:commerce_b2b:1.5.2:p5:*:*:*:*:*:*', 'cpe:2.3:a:adobe:commerce_b2b:1.5.3:-:*:*:*:*:*:*', 'cpe:2.3:a:adobe:commerce_b2b:1.5.3:alpha1:*:*:*:*:*:*', 'cpe:2.3:a:adobe:commerce_b2b:1.5.3:alpha2:*:*:*:*:*:*', 'cpe:2.3:a:adobe:commerce_b2b:1.5.3:alpha3:*:*:*:*:*:*', 'cpe:2.3:a:adobe:commerce_b2b:1.5.3:beta1:*:*:*:*:*:*', 'cpe:2.3:a:adobe:magento:*:*:*:*:open_source:*:*:*', 'cpe:2.3:a:adobe:magento:2.4.6:-:*:*:open_source:*:*:*', 'cpe:2.3:a:adobe:magento:2.4.6:p1:*:*:open_source:*:*:*', 'cpe:2.3:a:adobe:magento:2.4.6:p10:*:*:open_source:*:*:*', 'cpe:2.3:a:adobe:magento:2.4.6:p11:*:*:open_source:*:*:*', 'cpe:2.3:a:adobe:magento:2.4.6:p12:*:*:open_source:*:*:*', 'cpe:2.3:a:adobe:magento:2.4.6:p13:*:*:open_source:*:*:*', 'cpe:2.3:a:adobe:magento:2.4.6:p14:*:*:open_source:*:*:*', 'cpe:2.3:a:adobe:magento:2.4.6:p15:*:*:open_source:*:*:*', 'cpe:2.3:a:adobe:magento:2.4.6:p2:*:*:open_source:*:*:*', 'cpe:2.3:a:adobe:magento:2.4.6:p3:*:*:open_source:*:*:*', 'cpe:2.3:a:adobe:magento:2.4.6:p4:*:*:open_source:*:*:*', 'cpe:2.3:a:adobe:magento:2.4.6:p5:*:*:open_source:*:*:*', 'cpe:2.3:a:adobe:magento:2.4.6:p6:*:*:open_source:*:*:*', 'cpe:2.3:a:adobe:magento:2.4.6:p7:*:*:open_source:*:*:*', 'cpe:2.3:a:adobe:magento:2.4.6:p8:*:*:open_source:*:*:*', 'cpe:2.3:a:adobe:magento:2.4.6:p9:*:*:open_source:*:*:*', 'cpe:2.3:a:adobe:magento:2.4.7:-:*:*:open_source:*:*:*', 'cpe:2.3:a:adobe:magento:2.4.7:b1:*:*:open_source:*:*:*', 'cpe:2.3:a:adobe:magento:2.4.7:b2:*:*:open_source:*:*:*', 'cpe:2.3:a:adobe:magento:2.4.7:beta3:*:*:open_source:*:*:*', 'cpe:2.3:a:adobe:magento:2.4.7:p1:*:*:open_source:*:*:*', 'cpe:2.3:a:adobe:magento:2.4.7:p10:*:*:open_source:*:*:*', 'cpe:2.3:a:adobe:magento:2.4.7:p2:*:*:open_source:*:*:*', 'cpe:2.3:a:adobe:magento:2.4.7:p3:*:*:open_source:*:*:*', 'cpe:2.3:a:adobe:magento:2.4.7:p4:*:*:open_source:*:*:*', 'cpe:2.3:a:adobe:magento:2.4.7:p5:*:*:open_source:*:*:*', 'cpe:2.3:a:adobe:magento:2.4.7:p6:*:*:open_source:*:*:*', 'cpe:2.3:a:adobe:magento:2.4.7:p7:*:*:open_source:*:*:*', 'cpe:2.3:a:adobe:magento:2.4.7:p8:*:*:open_source:*:*:*', 'cpe:2.3:a:adobe:magento:2.4.7:p9:*:*:open_source:*:*:*', 'cpe:2.3:a:adobe:magento:2.4.8:-:*:*:open_source:*:*:*', 'cpe:2.3:a:adobe:magento:2.4.8:beta1:*:*:open_source:*:*:*', 'cpe:2.3:a:adobe:magento:2.4.8:beta2:*:*:open_source:*:*:*', 'cpe:2.3:a:adobe:magento:2.4.8:p1:*:*:open_source:*:*:*', 'cpe:2.3:a:adobe:magento:2.4.8:p2:*:*:open_source:*:*:*', 'cpe:2.3:a:adobe:magento:2.4.8:p3:*:*:open_source:*:*:*', 'cpe:2.3:a:adobe:magento:2.4.8:p4:*:*:open_source:*:*:*', 'cpe:2.3:a:adobe:magento:2.4.8:p5:*:*:open_source:*:*:*', 'cpe:2.3:a:adobe:magento:2.4.9:-:*:*:open_source:*:*:*', 'cpe:2.3:a:adobe:magento:2.4.9:alpha1:*:*:open_source:*:*:*', 'cpe:2.3:a:adobe:magento:2.4.9:alpha2:*:*:open_source:*:*:*', 'cpe:2.3:a:adobe:magento:2.4.9:alpha3:*:*:open_source:*:*:*', 'cpe:2.3:a:adobe:magento:2.4.9:beta1:*:*:open_source:*:*:*']",2,['CWE-1336'],3.1,CVSS:3.1/AV:N/AC:L/PR:N/UI:N/S:C/C:H/I:H/A:H,10.0,CRITICAL,NETWORK,LOW,NONE,NONE,CHANGED,HIGH,HIGH,HIGH,CVE-2026-75650,Prova,Adobe Commerce is affected by an Improper Neutralization of Special Elements Used in a Template Engi...,https://nvd.nist.gov/vuln/detail/CVE-2026-75650
CVE-2026-85706,6587,cve@gitlab.com,2026-09-12 03:16:30.473,2026-09-23 22:16:59.043,Modified,"[{'source': 'cve@gitlab.com', 'affectedData': [{'vendor': 'GitLab', 'product': 'GitLab', 'defaultStatus': 'unaffected', 'cpes': ['cpe:2.3:a:gitlab:gitlab:*:*:*:*:*:*:*:*'], 'repo': 'git://git@gitlab.com:gitlab-org/gitlab.git', 'versions': [{'version': '18.7', 'lessThan': '18.11.12', 'versionType': 'semver', 'status': 'affected'}, {'version': '19.0', 'lessThan': '19.0.9', 'versionType': 'semver', 'status': 'affected'}, {'version': '19.1', 'lessThan': '19.1.8', 'versionType': 'semver', 'status': 'affected'}, {'version': '19.2', 'lessThan': '19.2.6', 'versionType': 'semver', 'status': 'affected'}, {'version': '19.3', 'lessThan': '19.3.2', 'versionType': 'semver', 'status': 'affected'}]}]}]","[{'source': '134c704f-9b21-4f2e-91b3-4a467353bcc0', 'ssvcData': {'timestamp': '2026-09-12T03:55:28.970728Z', 'id': 'CVE-2026-85706', 'options': [{'exploitation': 'active'}, {'automatable': 'yes'}, {'technicalImpact': 'total'}], 'role': 'CISA Coordinator', 'version': '2.0.3'}}]","[{'url': 'https://gitlab.com/gitlab-org/gitlab/-/work_items/627748', 'source': 'cve@gitlab.com', 'tags': ['Broken Link']}, {'url': 'https://hackerone.com/reports/3909881', 'source': 'cve@gitlab.com', 'tags': ['Permissions Required']}, {'url': 'https://www.cisa.gov/known-exploited-vulnerabilities-catalog?field_cve=CVE-2026-85706', 'source': '134c704f-9b21-4f2e-91b3-4a467353bcc0', 'tags': ['Third Party Advisory', 'US Government Resource']}]",2026-09-11,2026-09-14,"Apply mitigations in accordance with vendor instructions, ensuring compliance with CISA’s BOD 26-04 Prioritizing Security Updates Based on Risk (see URL in Notes) guidance and CISA’s “Forensics Triage Requirements” (see URL in Notes). Follow applicable BOD 26-04 guidance for cloud services or discontinue use of the product if mitigations are unavailable. Stakeholders are responsible for evaluating each asset's internet exposure and ensuring adherence to BOD 26-04 patching guidelines.",GitLab Community Edition and Enterprise Edition Path Traversal Vulnerability,"GitLab has remediated an issue in GitLab CE/EE affecting all versions from 18.7 before 18.11.12, 19.0 before 19.0.9, 19.1 before 19.1.8, 19.2 before 19.2.6, and 19.3 before 19.3.2 that, under certain conditions, an unauthenticated user could have read arbitrary files from the GitLab server due to improper path confinement and missing authentication enforcement in the repository commits API.","['cpe:2.3:a:gitlab:gitlab:*:*:*:*:community:*:*:*', 'cpe:2.3:a:gitlab:gitlab:*:*:*:*:enterprise:*:*:*', 'cpe:2.3:a:gitlab:gitlab:*:*:*:*:community:*:*:*', 'cpe:2.3:a:gitlab:gitlab:*:*:*:*:enterprise:*:*:*', 'cpe:2.3:a:gitlab:gitlab:*:*:*:*:community:*:*:*', 'cpe:2.3:a:gitlab:gitlab:*:*:*:*:enterprise:*:*:*']",3,['CWE-22'],3.1,CVSS:3.1/AV:N/AC:L/PR:N/UI:N/S:C/C:H/I:H/A:N,10.0,CRITICAL,NETWORK,LOW,NONE,NONE,CHANGED,HIGH,HIGH,NONE,CVE-2026-85706,Prova,"GitLab has remediated an issue in GitLab CE/EE affecting all versions from 18.7 before 18.11.12, 19....",https://nvd.nist.gov/vuln/detail/CVE-2026-85706
CVE-2026-76461,7134,psirt@cisco.com,2026-09-14 17:17:51.113,2026-09-15 12:47:32.497,Analyzed,"[{'source': 'psirt@cisco.com', 'affectedData': [{'vendor': 'Cisco', 'product': 'Cisco Secure Email', 'defaultStatus': 'unknown', 'versions': [{'version': '14.0.0-698', 'status': 'affected'}, {'version': '13.5.1-277', 'status': 'affected'}, {'version': '13.0.0-392', 'status': 'affected'}, {'version': '14.2.0-620', 'status': 'affected'}, {'version': '13.0.5-007', 'status': 'affected'}, {'version': '13.5.4-038', 'status': 'affected'}, {'version': '14.2.1-020', 'status': 'affected'}, {'version': '14.3.0-032', 'status': 'affected'}, {'version': '15.0.0-104', 'status': 'affected'}, {'version': '15.0.1-030', 'status': 'affected'}, {'version': '15.5.0-048', 'status': 'affected'}, {'version': '15.5.1-055', 'status': 'affected'}, {'version': '15.5.2-018', 'status': 'affected'}, {'version': '16.0.0-050', 'status': 'affected'}, {'version': '15.0.3-002', 'status': 'affected'}, {'version': '16.0.0-054', 'status': 'affected'}, {'version': '15.5.3-022', 'status': 'affected'}, {'version': '16.0.1-017', 'status': 'affected'}, {'version': '15.5.4-012', 'status': 'affected'}, {'version': '16.0.4-016', 'status': 'affected'}, {'version': '15.0.5-016', 'status': 'affected'}, {'version': '16.0.2-112', 'status': 'affected'}, {'version': '16.0.3-044', 'status': 'affected'}]}]}]","[{'source': '134c704f-9b21-4f2e-91b3-4a467353bcc0', 'ssvcData': {'timestamp': '2026-09-14T00:00:00+00:00', 'id': 'CVE-2026-76461', 'options': [{'exploitation': 'active'}, {'automatable': 'yes'}, {'technicalImpact': 'total'}], 'role': 'CISA Coordinator', 'version': '2.0.3'}}]","[{'url': 'https://sec.cloudapps.cisco.com/security/center/content/CiscoSecurityAdvisory/cisco-sa-esa-inj-2bLVGmhX', 'source': 'psirt@cisco.com', 'tags': ['Vendor Advisory']}, {'url': 'https://www.cisa.gov/known-exploited-vulnerabilities-catalog?field_cve=CVE-2026-76461', 'source': '134c704f-9b21-4f2e-91b3-4a467353bcc0', 'tags': ['US Government Resource']}]",2026-09-14,2026-09-17,"Apply mitigations in accordance with vendor instructions, ensuring compliance with CISA’s BOD 26-04 Prioritizing Security Updates Based on Risk (see URL in Notes) guidance and CISA’s “Forensics Triage Requirements” (see URL in Notes). Follow applicable BOD 26-04 guidance for cloud services or discontinue use of the product if mitigations are unavailable. Stakeholders are responsible for evaluating each asset's internet exposure and ensuring adherence to BOD 26-04 patching guidelines.",Cisco Secure Email Gateway SQL Injection Vulnerability,"A vulnerability in the email parsing of Cisco AsyncOS Software for Cisco Secure Email Gateway could allow an unauthenticated, remote attacker to execute arbitrary commands with root privileges on the underlying operating system.

This vulnerability is due to insufficient validation in the email parsing logic. An attacker could exploit this vulnerability by sending a crafted email message that contains malicious SQL statements through an affected device. A successful exploit could allow the attacker to execute arbitrary SQL statements, leading to command execution with root privileges on the underlying operating system.","['cpe:2.3:o:cisco:asyncos:*:*:*:*:*:*:*:*', 'cpe:2.3:o:cisco:asyncos:*:*:*:*:*:*:*:*', 'cpe:2.3:o:cisco:asyncos:*:*:*:*:*:*:*:*']",2,['CWE-89'],3.1,CVSS:3.1/AV:N/AC:L/PR:N/UI:N/S:U/C:H/I:H/A:H,9.8,CRITICAL,NETWORK,LOW,NONE,NONE,UNCHANGED,HIGH,HIGH,HIGH,CVE-2026-76461,Prova,A vulnerability in the email parsing of Cisco AsyncOS Software for Cisco Secure Email Gateway could ...,https://nvd.nist.gov/vuln/detail/CVE-2026-76461
