Team,CVE,timestamp,epss,percentile,percentile_subset,daily_cvss_baseScore
Bisihacker,CVE-2026-67277,2026-09-20,0.00869,0.57207,0.9689982728842832,8.2
Bisihacker,CVE-2026-67277,2026-09-21,0.00869,0.56738,0.9683083511777302,8.2
Bisihacker,CVE-2026-67277,2026-09-22,0.00869,0.57232,0.9679492529838912,8.2
Bisihacker,CVE-2026-67277,2026-09-23,0.00869,0.57269,0.9650455927051672,8.2
Bisihacker,CVE-2026-67277,2026-09-25,0.0156,0.74181,0.984969396451538,8.2
Bisihacker,CVE-2026-67277,2026-09-26,0.0156,0.74226,0.9850468737894166,8.2
Bisihacker,CVE-2026-67277,2026-09-27,0.0156,0.74237,0.9850468737894166,8.2
Bisihacker,CVE-2026-67277,2026-09-29,0.0156,0.74256,0.9848144417757806,8.2
Bisihacker,CVE-2026-67277,2026-10-01,0.0156,0.74329,0.9848895776830686,8.2
Bisihacker,CVE-2026-67277,2026-10-02,0.0156,0.74355,0.9848895776830686,8.2
Bisihacker,CVE-2026-67277,2026-10-03,0.0156,0.74375,0.9848895776830686,8.2
Bisihacker,CVE-2026-67277,2026-10-04,0.0156,0.74375,0.9848895776830686,8.2
Bisihacker,CVE-2026-67277,2026-10-05,0.0156,0.74384,0.9848120883378536,8.2
Bisihacker,CVE-2026-67277,2026-10-06,0.0156,0.74427,0.9846571096474236,8.2
Bisihacker,CVE-2026-67277,2026-10-07,0.0156,0.74472,0.9846571096474236,8.2
Bisihacker,CVE-2026-67277,2026-10-08,0.0156,0.74484,0.9846571096474236,8.2
Bisihacker,CVE-2026-67277,2026-10-09,0.0156,0.74512,0.9846571096474236,8.2
Bisihacker,CVE-2026-86060,2026-09-20,0.01057,0.62974,0.981692573402418,9.8
Bisihacker,CVE-2026-86060,2026-09-21,0.01057,0.62505,0.9810706638115632,9.8
Bisihacker,CVE-2026-86060,2026-09-22,0.01057,0.63002,0.9812202654202488,9.8
Bisihacker,CVE-2026-86060,2026-09-23,0.01057,0.63033,0.9787234042553192,9.8
Bisihacker,CVE-2026-86060,2026-09-25,0.01849,0.78194,0.987293716587898,9.8
Bisihacker,CVE-2026-86060,2026-09-26,0.01849,0.78236,0.9876036259394128,9.8
Bisihacker,CVE-2026-86060,2026-09-27,0.01849,0.78245,0.9876036259394128,9.8
Bisihacker,CVE-2026-86060,2026-09-29,0.01849,0.78257,0.9874486712636554,9.8
Bisihacker,CVE-2026-86060,2026-10-01,0.01849,0.78321,0.9876017047655948,9.8
Bisihacker,CVE-2026-86060,2026-10-02,0.06392,0.93466,0.9988376598217744,9.8
Bisihacker,CVE-2026-86060,2026-10-03,0.06392,0.93469,0.9988376598217744,9.8
Bisihacker,CVE-2026-86060,2026-10-04,0.06392,0.93468,0.9988376598217744,9.8
Bisihacker,CVE-2026-86060,2026-10-05,0.06392,0.9347,0.9987601704765596,9.8
Bisihacker,CVE-2026-86060,2026-10-06,0.06392,0.93481,0.9987601704765596,9.8
Bisihacker,CVE-2026-86060,2026-10-07,0.06392,0.9349,0.9987601704765596,9.8
Bisihacker,CVE-2026-86060,2026-10-08,0.06392,0.93495,0.9987601704765596,9.8
Bisihacker,CVE-2026-86060,2026-10-09,0.06392,0.93502,0.9987601704765596,9.8
Bisihacker,CVE-2026-81963,2026-09-20,0.00631,0.48805,0.9280656303972368,7.8
Bisihacker,CVE-2026-81963,2026-09-21,0.00631,0.48518,0.9276231263383298,7.8
Bisihacker,CVE-2026-81963,2026-09-22,0.00631,0.48838,0.9274684917786497,7.8
Bisihacker,CVE-2026-81963,2026-09-23,0.00631,0.4887,0.9228123500239962,7.8
Bisihacker,CVE-2026-81963,2026-09-25,0.00393,0.30789,0.5733323003021616,7.8
Bisihacker,CVE-2026-81963,2026-09-26,0.00393,0.30894,0.5743395056945844,7.8
Bisihacker,CVE-2026-81963,2026-09-27,0.00393,0.30912,0.5764313938173085,7.8
Bisihacker,CVE-2026-81963,2026-09-29,0.00393,0.3094,0.5770512125203378,7.8
Bisihacker,CVE-2026-81963,2026-10-01,0.00393,0.31085,0.5784579620302208,7.8
Bisihacker,CVE-2026-81963,2026-10-02,0.00393,0.31151,0.5789228981015111,7.8
Bisihacker,CVE-2026-81963,2026-10-03,0.00393,0.31186,0.5796203022084463,7.8
Bisihacker,CVE-2026-81963,2026-10-04,0.00393,0.31177,0.5797752808988764,7.8
Bisihacker,CVE-2026-81963,2026-10-05,0.00393,0.31187,0.5803951956605967,7.8
Bisihacker,CVE-2026-81963,2026-10-06,0.00393,0.31289,0.5808601317318869,7.8
Bisihacker,CVE-2026-81963,2026-10-07,0.00393,0.31373,0.5810151104223169,7.8
Bisihacker,CVE-2026-81963,2026-10-08,0.00393,0.31393,0.581170089112747,7.8
Bisihacker,CVE-2026-81963,2026-10-09,0.00393,0.31439,0.581325067803177,7.8
Bisihacker,CVE-2026-85880,2026-09-20,0.00572,0.46036,0.910880829015544,7.8
Bisihacker,CVE-2026-85880,2026-09-21,0.00572,0.45798,0.910406852248394,7.8
Bisihacker,CVE-2026-85880,2026-09-22,0.00572,0.46052,0.9099407395042152,7.8
Bisihacker,CVE-2026-85880,2026-09-23,0.00572,0.46081,0.90377539593665,7.8
Bisihacker,CVE-2026-85880,2026-09-25,0.03616,0.89062,0.9979855892151546,7.8
Bisihacker,CVE-2026-85880,2026-09-26,0.03616,0.89095,0.9978306345393972,7.8
Bisihacker,CVE-2026-85880,2026-09-27,0.03616,0.89097,0.9978306345393972,7.8
Bisihacker,CVE-2026-85880,2026-09-29,0.03616,0.89106,0.9977531572015186,7.8
Bisihacker,CVE-2026-85880,2026-10-01,0.03616,0.89136,0.997752808988764,7.8
Bisihacker,CVE-2026-85880,2026-10-02,0.03616,0.89147,0.997675319643549,7.8
Bisihacker,CVE-2026-85880,2026-10-03,0.03616,0.89152,0.997675319643549,7.8
Bisihacker,CVE-2026-85880,2026-10-04,0.03616,0.89152,0.997675319643549,7.8
Bisihacker,CVE-2026-85880,2026-10-05,0.03616,0.89156,0.997597830298334,7.8
Bisihacker,CVE-2026-85880,2026-10-06,0.03616,0.89174,0.997597830298334,7.8
Bisihacker,CVE-2026-85880,2026-10-07,0.03616,0.8919,0.997597830298334,7.8
Bisihacker,CVE-2026-85880,2026-10-08,0.03616,0.89199,0.997597830298334,7.8
Bisihacker,CVE-2026-85880,2026-10-09,0.03616,0.8921,0.997597830298334,7.8
Bisihacker,CVE-2026-84869,2026-09-20,0.00691,0.51363,0.9417098445595856,9.9
Bisihacker,CVE-2026-84869,2026-09-21,0.00691,0.50979,0.9412419700214132,9.9
Bisihacker,CVE-2026-84869,2026-09-22,0.00691,0.51392,0.9410733661630916,9.9
Bisihacker,CVE-2026-84869,2026-09-23,0.00691,0.51422,0.9369700847864342,9.9
Bisihacker,CVE-2026-84869,2026-09-25,0.00924,0.58775,0.9559928720849152,9.9
Bisihacker,CVE-2026-84869,2026-09-26,0.00924,0.58843,0.957232509490974,9.9
Bisihacker,CVE-2026-84869,2026-09-27,0.00924,0.58858,0.9571550321530952,9.9
Bisihacker,CVE-2026-84869,2026-09-29,0.00924,0.5888,0.9570000774773378,9.9
Bisihacker,CVE-2026-84869,2026-10-01,0.00924,0.58992,0.9570709027508718,9.9
Bisihacker,CVE-2026-84869,2026-10-02,0.00924,0.59035,0.9568384347152268,9.9
Bisihacker,CVE-2026-84869,2026-10-03,0.00924,0.59068,0.9568384347152268,9.9
Bisihacker,CVE-2026-84869,2026-10-04,0.00924,0.59066,0.9568384347152268,9.9
Bisihacker,CVE-2026-84869,2026-10-05,0.00924,0.59076,0.9567609453700116,9.9
Bisihacker,CVE-2026-84869,2026-10-06,0.00924,0.59137,0.9566834560247964,9.9
Bisihacker,CVE-2026-84869,2026-10-07,0.00924,0.59198,0.9566059666795816,9.9
Bisihacker,CVE-2026-84869,2026-10-08,0.00924,0.59222,0.9566059666795816,9.9
Bisihacker,CVE-2026-84869,2026-10-09,0.00924,0.59258,0.9566059666795816,9.9
Bisihacker,CVE-2026-87491,2026-09-20,0.00997,0.61191,0.9791018998272883,8.8
Bisihacker,CVE-2026-87491,2026-09-21,0.00997,0.60708,0.9785010706638116,8.8
Bisihacker,CVE-2026-87491,2026-09-22,0.00997,0.61216,0.978465904348552,8.8
Bisihacker,CVE-2026-87491,2026-09-23,0.00997,0.61248,0.9756838905775076,8.8
Bisihacker,CVE-2026-87491,2026-09-25,0.03142,0.87392,0.9960486557681878,8.8
Bisihacker,CVE-2026-87491,2026-09-26,0.03142,0.87413,0.9958937010924304,8.8
Bisihacker,CVE-2026-87491,2026-09-27,0.03142,0.87416,0.9958937010924304,8.8
Bisihacker,CVE-2026-87491,2026-09-29,0.03142,0.87427,0.9958162237545518,8.8
Bisihacker,CVE-2026-87491,2026-10-01,0.03142,0.87461,0.9958155753583884,8.8
Bisihacker,CVE-2026-87491,2026-10-02,0.03142,0.87474,0.995660596667958,8.8
Bisihacker,CVE-2026-87491,2026-10-03,0.03142,0.87483,0.995660596667958,8.8
Bisihacker,CVE-2026-87491,2026-10-04,0.03142,0.87481,0.995660596667958,8.8
Bisihacker,CVE-2026-87491,2026-10-05,0.03142,0.87485,0.9955831073227432,8.8
Bisihacker,CVE-2026-87491,2026-10-06,0.03142,0.87504,0.9955831073227432,8.8
Bisihacker,CVE-2026-87491,2026-10-07,0.03142,0.87521,0.9955831073227432,8.8
Bisihacker,CVE-2026-87491,2026-10-08,0.03142,0.8753,0.9955831073227432,8.8
Bisihacker,CVE-2026-87491,2026-10-09,0.03142,0.87544,0.9955831073227432,8.8
Bisihacker,CVE-2026-85102,2026-09-20,0.00329,0.26274,0.6727115716753023,9.8
Bisihacker,CVE-2026-85102,2026-09-21,0.00329,0.26208,0.6726338329764454,9.8
Bisihacker,CVE-2026-85102,2026-09-22,0.00329,0.26293,0.6713963775978633,9.8
Bisihacker,CVE-2026-85102,2026-09-23,0.0066,0.50214,0.9292913133898576,9.8
Bisihacker,CVE-2026-85102,2026-09-25,0.00988,0.60904,0.9646703339273264,9.8
Bisihacker,CVE-2026-85102,2026-09-26,0.00988,0.60969,0.9649802432788408,9.8
Bisihacker,CVE-2026-85102,2026-09-27,0.00988,0.60982,0.9649027659409622,9.8
Bisihacker,CVE-2026-85102,2026-09-29,0.07546,0.94314,0.9992252266212132,9.8
Bisihacker,CVE-2026-85102,2026-10-01,0.07546,0.94328,0.9990701278574196,9.8
Bisihacker,CVE-2026-85102,2026-10-02,0.07546,0.94334,0.9990701278574196,9.8
Bisihacker,CVE-2026-85102,2026-10-03,0.07546,0.94339,0.9990701278574196,9.8
Bisihacker,CVE-2026-85102,2026-10-04,0.07546,0.94339,0.9990701278574196,9.8
Bisihacker,CVE-2026-85102,2026-10-05,0.07546,0.9434,0.9990701278574196,9.8
Bisihacker,CVE-2026-85102,2026-10-06,0.07546,0.9435,0.9990701278574196,9.8
Bisihacker,CVE-2026-85102,2026-10-07,0.07546,0.9436,0.9990701278574196,9.8
Bisihacker,CVE-2026-85102,2026-10-08,0.07546,0.94364,0.9990701278574196,9.8
Bisihacker,CVE-2026-85102,2026-10-09,0.07546,0.94372,0.9990701278574196,9.8
Bisihacker,CVE-2026-58704,2026-09-20,0.00207,0.11161,0.3407599309153713,8.8
Bisihacker,CVE-2026-58704,2026-09-21,0.00207,0.11142,0.339271948608137,8.8
Bisihacker,CVE-2026-58704,2026-09-22,0.00207,0.11133,0.3364493781821216,8.8
Bisihacker,CVE-2026-58704,2026-09-23,0.00207,0.1114,0.332026875699888,8.8
Bisihacker,CVE-2026-58704,2026-09-25,0.00591,0.45989,0.8341210196017664,8.8
Bisihacker,CVE-2026-58704,2026-09-26,0.00591,0.46094,0.8357480436972186,8.8
Bisihacker,CVE-2026-58704,2026-09-27,0.00591,0.4612,0.8359804757108545,8.8
Bisihacker,CVE-2026-58704,2026-09-29,0.00591,0.46145,0.8359029983729759,8.8
Bisihacker,CVE-2026-58704,2026-10-01,0.00591,0.46292,0.8365749709414956,8.8
Bisihacker,CVE-2026-58704,2026-10-02,0.00591,0.46349,0.8372723750484309,8.8
Bisihacker,CVE-2026-58704,2026-10-03,0.00591,0.46391,0.8374273537388609,8.8
Bisihacker,CVE-2026-58704,2026-10-04,0.00591,0.46387,0.8375823324292909,8.8
Bisihacker,CVE-2026-58704,2026-10-05,0.00591,0.46402,0.840061991476172,8.8
Bisihacker,CVE-2026-58704,2026-10-06,0.00591,0.46486,0.840061991476172,8.8
Bisihacker,CVE-2026-58704,2026-10-07,0.00591,0.46569,0.8402944595118171,8.8
Bisihacker,CVE-2026-58704,2026-10-08,0.00591,0.466,0.8406044168926773,8.8
Bisihacker,CVE-2026-58704,2026-10-09,0.00591,0.46649,0.8409143742735374,8.8
Bisihacker,CVE-2026-76460,2026-09-20,0.00784,0.54529,0.958376511226252,10.0
Bisihacker,CVE-2026-76460,2026-09-21,0.00784,0.54107,0.9577730192719486,10.0
Bisihacker,CVE-2026-76460,2026-09-22,0.00784,0.54554,0.9575995325932728,10.0
Bisihacker,CVE-2026-76460,2026-09-23,0.00784,0.54592,0.9544872820348744,10.0
Bisihacker,CVE-2026-76460,2026-09-25,0.14026,0.96427,0.9996126133106068,10.0
Bisihacker,CVE-2026-76460,2026-09-26,0.14026,0.96434,0.999535135972728,10.0
Bisihacker,CVE-2026-76460,2026-09-27,0.14026,0.96436,0.999535135972728,10.0
Bisihacker,CVE-2026-76460,2026-09-29,0.14026,0.96439,0.999535135972728,10.0
Bisihacker,CVE-2026-76460,2026-10-01,0.14026,0.96449,0.9993800852382796,10.0
Bisihacker,CVE-2026-76460,2026-10-02,0.14026,0.96453,0.9993800852382796,10.0
Bisihacker,CVE-2026-76460,2026-10-03,0.14026,0.96456,0.9993800852382796,10.0
Bisihacker,CVE-2026-76460,2026-10-04,0.14026,0.96457,0.9993800852382796,10.0
Bisihacker,CVE-2026-76460,2026-10-05,0.14026,0.96457,0.9993800852382796,10.0
Bisihacker,CVE-2026-76460,2026-10-06,0.14026,0.96464,0.9993800852382796,10.0
Bisihacker,CVE-2026-76460,2026-10-07,0.14026,0.9647,0.9993800852382796,10.0
Bisihacker,CVE-2026-76460,2026-10-08,0.14026,0.96473,0.9993800852382796,10.0
Bisihacker,CVE-2026-76460,2026-10-09,0.14026,0.96475,0.9993025958930648,10.0
Bisihacker,CVE-2026-87886,2026-09-20,0.00254,0.1733,0.477720207253886,7.8
Bisihacker,CVE-2026-87886,2026-09-21,0.00254,0.17289,0.4764025695931477,7.8
Bisihacker,CVE-2026-87886,2026-09-22,0.00254,0.17308,0.474668224689091,7.8
Bisihacker,CVE-2026-87886,2026-09-23,0.00254,0.17317,0.4656854903215485,7.8
Bisihacker,CVE-2026-87886,2026-09-25,0.00233,0.12683,0.278143642984427,7.8
Bisihacker,CVE-2026-87886,2026-09-26,0.00233,0.1277,0.2784535523359417,7.8
Bisihacker,CVE-2026-87886,2026-09-27,0.00233,0.12771,0.2789184163632137,7.8
Bisihacker,CVE-2026-87886,2026-09-29,0.00233,0.12773,0.2789184163632137,7.8
Bisihacker,CVE-2026-87886,2026-10-01,0.00233,0.12841,0.2788066640836885,7.8
Bisihacker,CVE-2026-87886,2026-10-02,0.00233,0.12881,0.2792716001549787,7.8
Bisihacker,CVE-2026-87886,2026-10-03,0.00233,0.12895,0.2802014722975591,7.8
Bisihacker,CVE-2026-87886,2026-10-04,0.00233,0.12885,0.2802789616427741,7.8
Bisihacker,CVE-2026-87886,2026-10-05,0.00233,0.12897,0.2808213870592793,7.8
Bisihacker,CVE-2026-87886,2026-10-06,0.00233,0.12972,0.2813638124757845,7.8
Bisihacker,CVE-2026-87886,2026-10-07,0.00233,0.13011,0.2814413018209996,7.8
Bisihacker,CVE-2026-87886,2026-10-08,0.00233,0.13023,0.2815187911662146,7.8
Bisihacker,CVE-2026-87886,2026-10-09,0.00233,0.13041,0.2817512592018597,7.8
Prova,CVE-2026-81578,2026-09-20,0.0329,0.87925,0.9991364421416234,9.8
Prova,CVE-2026-81578,2026-09-21,0.0329,0.87941,0.9991434689507496,9.8
Prova,CVE-2026-81578,2026-09-22,0.0329,0.87936,0.9991653451297888,9.8
Prova,CVE-2026-81578,2026-09-23,0.0329,0.87951,0.999040153575428,9.8
Prova,CVE-2026-81578,2026-09-25,0.04481,0.91108,0.99883783993182,9.8
Prova,CVE-2026-81578,2026-09-26,0.04481,0.91124,0.9986828852560626,9.8
Prova,CVE-2026-81578,2026-09-27,0.04481,0.91127,0.9986828852560626,9.8
Prova,CVE-2026-81578,2026-09-29,0.04481,0.91136,0.9985279305803052,9.8
Prova,CVE-2026-81578,2026-10-01,0.85169,0.99709,0.999922510654785,9.8
Prova,CVE-2026-81578,2026-10-02,0.85169,0.9971,0.999922510654785,9.8
Prova,CVE-2026-81578,2026-10-03,0.85169,0.9971,0.999922510654785,9.8
Prova,CVE-2026-81578,2026-10-04,0.85169,0.9971,0.999922510654785,9.8
Prova,CVE-2026-81578,2026-10-05,0.84594,0.99699,0.999922510654785,9.8
Prova,CVE-2026-81578,2026-10-06,0.84594,0.99699,0.999922510654785,9.8
Prova,CVE-2026-81578,2026-10-07,0.84594,0.997,0.999922510654785,9.8
Prova,CVE-2026-81578,2026-10-08,0.85581,0.9972,0.999922510654785,9.8
Prova,CVE-2026-81578,2026-10-09,0.85581,0.9972,0.999922510654785,9.8
Prova,CVE-2026-82078,2026-09-20,0.03574,0.88849,0.9993091537132988,9.1
Prova,CVE-2026-82078,2026-09-21,0.03574,0.88875,0.9993147751605996,9.1
Prova,CVE-2026-82078,2026-09-22,0.03574,0.8886,0.999332276103831,9.1
Prova,CVE-2026-82078,2026-09-23,0.03574,0.88875,0.9992001279795232,9.1
Prova,CVE-2026-82078,2026-09-25,0.03843,0.89738,0.998372975904548,9.1
Prova,CVE-2026-82078,2026-09-26,0.03843,0.89756,0.9982180212287906,9.1
Prova,CVE-2026-82078,2026-09-27,0.03843,0.89761,0.9982180212287906,9.1
Prova,CVE-2026-82078,2026-09-29,0.03843,0.89768,0.998140543890912,9.1
Prova,CVE-2026-82078,2026-10-01,0.61394,0.99141,0.99984502130957,9.1
Prova,CVE-2026-82078,2026-10-02,0.61394,0.99142,0.99984502130957,9.1
Prova,CVE-2026-82078,2026-10-03,0.61394,0.99142,0.99984502130957,9.1
Prova,CVE-2026-82078,2026-10-04,0.61394,0.99142,0.99984502130957,9.1
Prova,CVE-2026-82078,2026-10-05,0.61394,0.99143,0.99984502130957,9.1
Prova,CVE-2026-82078,2026-10-06,0.61394,0.99144,0.99984502130957,9.1
Prova,CVE-2026-82078,2026-10-07,0.61394,0.99145,0.99984502130957,9.1
Prova,CVE-2026-82078,2026-10-08,0.63532,0.99195,0.99984502130957,9.1
Prova,CVE-2026-82078,2026-10-09,0.63532,0.99196,0.99984502130957,9.1
Prova,CVE-2026-82329,2026-09-20,0.07666,0.94309,0.9998272884283248,9.8
Prova,CVE-2026-82329,2026-09-21,0.07666,0.94403,0.99982869379015,9.8
Prova,CVE-2026-82329,2026-09-22,0.07666,0.94315,0.9998330690259578,9.8
Prova,CVE-2026-82329,2026-09-23,0.07666,0.94323,0.9998400255959048,9.8
Prova,CVE-2026-82329,2026-09-25,0.14121,0.96444,0.9996900906484854,9.8
Prova,CVE-2026-82329,2026-09-26,0.14121,0.9645,0.9996126133106068,9.8
Prova,CVE-2026-82329,2026-09-27,0.14121,0.96452,0.9996126133106068,9.8
Prova,CVE-2026-82329,2026-09-29,0.14121,0.96456,0.9996126133106068,9.8
Prova,CVE-2026-82329,2026-10-01,0.14121,0.96465,0.9994575745834948,9.8
Prova,CVE-2026-82329,2026-10-02,0.14121,0.96469,0.9994575745834948,9.8
Prova,CVE-2026-82329,2026-10-03,0.14121,0.96473,0.9994575745834948,9.8
Prova,CVE-2026-82329,2026-10-04,0.14121,0.96473,0.9994575745834948,9.8
Prova,CVE-2026-82329,2026-10-05,0.14121,0.96474,0.9994575745834948,9.8
Prova,CVE-2026-82329,2026-10-06,0.14121,0.9648,0.9994575745834948,9.8
Prova,CVE-2026-82329,2026-10-07,0.14121,0.96486,0.9994575745834948,9.8
Prova,CVE-2026-82329,2026-10-08,0.14121,0.96489,0.9994575745834948,9.8
Prova,CVE-2026-82329,2026-10-09,0.14121,0.96492,0.9993800852382796,9.8
Prova,CVE-2026-83548,2026-09-20,0.04667,0.91339,0.9995682210708118,10.0
Prova,CVE-2026-83548,2026-09-21,0.04667,0.91357,0.9995717344753748,10.0
Prova,CVE-2026-83548,2026-09-22,0.04667,0.91346,0.9995826725648944,10.0
Prova,CVE-2026-83548,2026-09-23,0.04667,0.91358,0.9996000639897616,10.0
Prova,CVE-2026-83548,2026-09-25,0.08757,0.94979,0.9993801812969706,10.0
Prova,CVE-2026-83548,2026-09-26,0.08757,0.94988,0.999302703959092,10.0
Prova,CVE-2026-83548,2026-09-27,0.08757,0.94991,0.999302703959092,10.0
Prova,CVE-2026-83548,2026-09-29,0.08757,0.94996,0.999302703959092,10.0
Prova,CVE-2026-83548,2026-10-01,0.08757,0.9501,0.9991476172026348,10.0
Prova,CVE-2026-83548,2026-10-02,0.08757,0.95015,0.9991476172026348,10.0
Prova,CVE-2026-83548,2026-10-03,0.08757,0.95018,0.9991476172026348,10.0
Prova,CVE-2026-83548,2026-10-04,0.08757,0.95019,0.9991476172026348,10.0
Prova,CVE-2026-83548,2026-10-05,0.08757,0.95021,0.9991476172026348,10.0
Prova,CVE-2026-83548,2026-10-06,0.08757,0.95029,0.9991476172026348,10.0
Prova,CVE-2026-83548,2026-10-07,0.08757,0.95039,0.9991476172026348,10.0
Prova,CVE-2026-83548,2026-10-08,0.08757,0.95042,0.9991476172026348,10.0
Prova,CVE-2026-83548,2026-10-09,0.08757,0.95047,0.9991476172026348,10.0
Prova,CVE-2026-83549,2026-09-20,0.08505,0.94785,0.9999136442141624,7.8
Prova,CVE-2026-83549,2026-09-21,0.08505,0.94859,0.999914346895075,7.8
Prova,CVE-2026-83549,2026-09-22,0.08505,0.9479,0.9999165345129788,7.8
Prova,CVE-2026-83549,2026-09-23,0.08505,0.94797,0.9999200127979524,7.8
Prova,CVE-2026-83549,2026-09-25,0.1076,0.95678,0.9994576586348493,7.8
Prova,CVE-2026-83549,2026-09-26,0.1076,0.95685,0.9993801812969706,7.8
Prova,CVE-2026-83549,2026-09-27,0.1076,0.95688,0.9993801812969706,7.8
Prova,CVE-2026-83549,2026-09-29,0.1076,0.95692,0.9993801812969706,7.8
Prova,CVE-2026-83549,2026-10-01,0.1076,0.95704,0.9992251065478496,7.8
Prova,CVE-2026-83549,2026-10-02,0.1076,0.95708,0.9992251065478496,7.8
Prova,CVE-2026-83549,2026-10-03,0.1076,0.95712,0.9992251065478496,7.8
Prova,CVE-2026-83549,2026-10-04,0.1076,0.95711,0.9992251065478496,7.8
Prova,CVE-2026-83549,2026-10-05,0.1076,0.95712,0.9992251065478496,7.8
Prova,CVE-2026-83549,2026-10-06,0.1076,0.9572,0.9992251065478496,7.8
Prova,CVE-2026-83549,2026-10-07,0.1076,0.95728,0.9992251065478496,7.8
Prova,CVE-2026-83549,2026-10-08,0.1076,0.95731,0.9992251065478496,7.8
Prova,CVE-2026-83549,2026-10-09,0.1076,0.95735,0.9992251065478496,7.8
Prova,CVE-2026-85046,2026-09-20,0.01462,0.72424,0.9898963730569948,8.8
Prova,CVE-2026-85046,2026-09-21,0.01462,0.72027,0.9893790149892934,8.8
Prova,CVE-2026-85046,2026-09-22,0.01462,0.72442,0.9893998831483182,8.8
Prova,CVE-2026-85046,2026-09-23,0.01462,0.72471,0.9881618940969444,8.8
Prova,CVE-2026-85046,2026-09-25,0.48881,0.98838,0.9999225226621212,8.8
Prova,CVE-2026-85046,2026-09-26,0.48881,0.9884,0.9999225226621212,8.8
Prova,CVE-2026-85046,2026-09-27,0.48881,0.98841,0.9999225226621212,8.8
Prova,CVE-2026-85046,2026-09-29,0.48881,0.98841,0.9999225226621212,8.8
Prova,CVE-2026-85046,2026-10-01,0.48881,0.98844,0.9997675319643547,8.8
Prova,CVE-2026-85046,2026-10-02,0.48881,0.98845,0.9997675319643547,8.8
Prova,CVE-2026-85046,2026-10-03,0.48881,0.98846,0.9997675319643547,8.8
Prova,CVE-2026-85046,2026-10-04,0.48881,0.98847,0.9997675319643547,8.8
Prova,CVE-2026-85046,2026-10-05,0.48881,0.98847,0.9997675319643547,8.8
Prova,CVE-2026-85046,2026-10-06,0.48881,0.98848,0.9997675319643547,8.8
Prova,CVE-2026-85046,2026-10-07,0.48881,0.98851,0.9997675319643547,8.8
Prova,CVE-2026-85046,2026-10-08,0.48881,0.98851,0.9997675319643547,8.8
Prova,CVE-2026-85046,2026-10-09,0.48881,0.98852,0.9997675319643547,8.8
Prova,CVE-2026-86218,2026-09-20,0.07494,0.942,0.9997409326424872,9.8
Prova,CVE-2026-86218,2026-09-21,0.07494,0.94295,0.9997430406852248,9.8
Prova,CVE-2026-86218,2026-09-22,0.07494,0.94207,0.9997496035389366,9.8
Prova,CVE-2026-86218,2026-09-23,0.07494,0.94215,0.999760038393857,9.8
Prova,CVE-2026-86218,2026-09-25,0.12928,0.96174,0.999535135972728,9.8
Prova,CVE-2026-86218,2026-09-26,0.12928,0.96181,0.9994576586348493,9.8
Prova,CVE-2026-86218,2026-09-27,0.12928,0.96183,0.9994576586348493,9.8
Prova,CVE-2026-86218,2026-09-29,0.12928,0.96187,0.9994576586348493,9.8
Prova,CVE-2026-86218,2026-10-01,0.12928,0.96198,0.9993025958930648,9.8
Prova,CVE-2026-86218,2026-10-02,0.12928,0.96202,0.9993025958930648,9.8
Prova,CVE-2026-86218,2026-10-03,0.12928,0.96205,0.9993025958930648,9.8
Prova,CVE-2026-86218,2026-10-04,0.12928,0.96204,0.9993025958930648,9.8
Prova,CVE-2026-86218,2026-10-05,0.12928,0.96206,0.9993025958930648,9.8
Prova,CVE-2026-86218,2026-10-06,0.12928,0.96213,0.9993025958930648,9.8
Prova,CVE-2026-86218,2026-10-07,0.12928,0.96219,0.9993025958930648,9.8
Prova,CVE-2026-86218,2026-10-08,0.12928,0.96221,0.9993025958930648,9.8
Prova,CVE-2026-86218,2026-10-09,0.14509,0.9656,0.9994575745834948,9.8
Prova,CVE-2026-75650,2026-09-20,0.02148,0.81298,0.9968911917098444,10.0
Prova,CVE-2026-75650,2026-09-21,0.02148,0.81057,0.996830835117773,10.0
Prova,CVE-2026-75650,2026-09-22,0.02148,0.81313,0.9968283114931976,10.0
Prova,CVE-2026-75650,2026-09-23,0.02148,0.81332,0.996080627099664,10.0
Prova,CVE-2026-75650,2026-09-25,0.03949,0.90027,0.998605407918184,10.0
Prova,CVE-2026-75650,2026-09-26,0.03949,0.90045,0.9984504532424264,10.0
Prova,CVE-2026-75650,2026-09-27,0.03949,0.9005,0.9984504532424264,10.0
Prova,CVE-2026-75650,2026-09-29,0.03949,0.90058,0.998372975904548,10.0
Prova,CVE-2026-75650,2026-10-01,0.03949,0.90085,0.9982952344052692,10.0
Prova,CVE-2026-75650,2026-10-02,0.03949,0.90094,0.9981402557148392,10.0
Prova,CVE-2026-75650,2026-10-03,0.03949,0.901,0.9981402557148392,10.0
Prova,CVE-2026-75650,2026-10-04,0.03949,0.90099,0.9981402557148392,10.0
Prova,CVE-2026-75650,2026-10-05,0.03949,0.90102,0.9980627663696242,10.0
Prova,CVE-2026-75650,2026-10-06,0.03949,0.90118,0.9980627663696242,10.0
Prova,CVE-2026-75650,2026-10-07,0.03949,0.90133,0.9980627663696242,10.0
Prova,CVE-2026-75650,2026-10-08,0.03949,0.9014,0.9980627663696242,10.0
Prova,CVE-2026-75650,2026-10-09,0.03949,0.9015,0.9980627663696242,10.0
Prova,CVE-2026-85706,2026-09-20,0.14563,0.96485,1.0,10.0
Prova,CVE-2026-85706,2026-09-21,0.14563,0.96545,1.0,10.0
Prova,CVE-2026-85706,2026-09-22,0.09287,0.95138,1.0,10.0
Prova,CVE-2026-85706,2026-09-23,0.09287,0.95144,1.0,10.0
Prova,CVE-2026-85706,2026-09-25,0.91425,0.9981,1.0,10.0
Prova,CVE-2026-85706,2026-09-26,0.91425,0.9981,1.0,10.0
Prova,CVE-2026-85706,2026-09-27,0.91425,0.99811,1.0,10.0
Prova,CVE-2026-85706,2026-09-29,0.91425,0.9981,1.0,10.0
Prova,CVE-2026-85706,2026-10-01,0.92956,0.9983,1.0,10.0
Prova,CVE-2026-85706,2026-10-02,0.92956,0.9983,1.0,10.0
Prova,CVE-2026-85706,2026-10-03,0.92956,0.9983,1.0,10.0
Prova,CVE-2026-85706,2026-10-04,0.92956,0.9983,1.0,10.0
Prova,CVE-2026-85706,2026-10-05,0.92956,0.9983,1.0,10.0
Prova,CVE-2026-85706,2026-10-06,0.92956,0.99831,1.0,10.0
Prova,CVE-2026-85706,2026-10-07,0.92956,0.99831,1.0,10.0
Prova,CVE-2026-85706,2026-10-08,0.92956,0.99831,1.0,10.0
Prova,CVE-2026-85706,2026-10-09,0.92956,0.99831,1.0,10.0
Prova,CVE-2026-76461,2026-09-20,0.02009,0.79973,0.9949913644214162,9.8
Prova,CVE-2026-76461,2026-09-21,0.02009,0.79731,0.9948608137044967,9.8
Prova,CVE-2026-76461,2026-09-22,0.02009,0.7999,0.9948251398046908,9.8
Prova,CVE-2026-76461,2026-09-23,0.02009,0.80012,0.9940809470484724,9.8
Prova,CVE-2026-76461,2026-09-25,0.28269,0.98053,0.9998450453242428,9.8
Prova,CVE-2026-76461,2026-09-26,0.28269,0.98058,0.9998450453242428,9.8
Prova,CVE-2026-76461,2026-09-27,0.28269,0.98058,0.9998450453242428,9.8
Prova,CVE-2026-76461,2026-09-29,0.28269,0.9806,0.9998450453242428,9.8
Prova,CVE-2026-76461,2026-10-01,0.28269,0.98065,0.99969004261914,9.8
Prova,CVE-2026-76461,2026-10-02,0.28269,0.98068,0.9996125532739248,9.8
Prova,CVE-2026-76461,2026-10-03,0.28269,0.98069,0.9996125532739248,9.8
Prova,CVE-2026-76461,2026-10-04,0.28269,0.98069,0.9996125532739248,9.8
Prova,CVE-2026-76461,2026-10-05,0.28269,0.9807,0.9996125532739248,9.8
Prova,CVE-2026-76461,2026-10-06,0.28269,0.98073,0.9996125532739248,9.8
Prova,CVE-2026-76461,2026-10-07,0.28269,0.98076,0.9996125532739248,9.8
Prova,CVE-2026-76461,2026-10-08,0.28269,0.98077,0.9996125532739248,9.8
Prova,CVE-2026-76461,2026-10-09,0.28269,0.98079,0.9996125532739248,9.8
