,cve.id,cve.sourceIdentifier,cve.published,cve.lastModified,cve.vulnStatus,cve.references,cve.cisaExploitAdd,cve.cisaActionDue,cve.cisaRequiredAction,cve.cisaVulnerabilityName,description,vulnerable_cpes,num_references,cwe_list,cvss_version,cvss_vectorString,cvss_baseScore,cvss_baseSeverity,cvss_attackVector,cvss_attackComplexity,cvss_privilegesRequired,cvss_userInteraction,cvss_scope,cvss_confidentialityImpact,cvss_integrityImpact,cvss_availabilityImpact,cve,epss,percentile
290,CVE-2025-53691,9947ef80-c5d5-474a-bbab-97341a59000e,2025-09-03 13:15:49.297,2025-09-08 18:30:40.133,Analyzed,"[{'url': 'https://labs.watchtowr.com/cache-me-if-you-can-sitecore-experience-platform-cache-poisoning-to-rce/', 'source': '9947ef80-c5d5-474a-bbab-97341a59000e', 'tags': ['Exploit', 'Third Party Advisory']}, {'url': 'https://support.sitecore.com/kb?id=kb_article_view&sysparm_article=KB1003667', 'source': '9947ef80-c5d5-474a-bbab-97341a59000e', 'tags': ['Vendor Advisory']}]",,,,,"Deserialization of Untrusted Data vulnerability in Sitecore Experience Manager (XM), Sitecore Experience Platform (XP) allows Remote Code Execution (RCE).This issue affects Experience Manager (XM): from 9.0 through 9.3, from 10.0 through 10.4; Experience Platform (XP): from 9.0 through 9.3, from 10.0 through 10.4.","['cpe:2.3:a:sitecore:experience_commerce:*:*:*:*:*:*:*:*', 'cpe:2.3:a:sitecore:experience_manager:*:*:*:*:*:*:*:*', 'cpe:2.3:a:sitecore:experience_platform:*:*:*:*:*:*:*:*', 'cpe:2.3:a:sitecore:experience_platform:10.4:-:*:*:*:*:*:*', 'cpe:2.3:a:sitecore:managed_cloud:-:*:*:*:*:*:*:*']",2,['CWE-502'],3.1,CVSS:3.1/AV:N/AC:L/PR:L/UI:N/S:U/C:H/I:H/A:H,8.8,HIGH,NETWORK,LOW,LOW,NONE,UNCHANGED,HIGH,HIGH,HIGH,CVE-2025-53691,0.00884,0.74727
1048,CVE-2025-57285,cve@mitre.org,2025-09-08 18:15:34.160,2025-09-12 20:37:59.793,Analyzed,"[{'url': 'https://gist.github.com/Dremig/1ba111f9b1f7cffe1fcb4838b64e55b9', 'source': 'cve@mitre.org', 'tags': ['Third Party Advisory', 'Exploit']}, {'url': 'https://www.npmjs.com', 'source': 'cve@mitre.org', 'tags': ['Product']}]",,,,,"codeceptjs 3.7.3 contains a command injection vulnerability in the emptyFolder function (lib/utils.js). The execSync command directly concatenates the user-controlled directoryPath parameter without sanitization or escaping, allowing attackers to execute arbitrary commands.",['cpe:2.3:a:codecept:codeceptjs:3.7.3:*:*:*:*:node.js:*:*'],2,['CWE-77'],3.1,CVSS:3.1/AV:N/AC:L/PR:N/UI:N/S:U/C:H/I:H/A:H,9.8,CRITICAL,NETWORK,LOW,NONE,NONE,UNCHANGED,HIGH,HIGH,HIGH,CVE-2025-57285,0.00961,0.75783
1164,CVE-2025-54236,psirt@adobe.com,2025-09-09 14:15:46.563,2025-09-22 18:15:43.593,Modified,"[{'url': 'https://helpx.adobe.com/security/products/magento/apsb25-88.html', 'source': 'psirt@adobe.com', 'tags': ['Vendor Advisory']}, {'url': 'https://nullsecurityx.codes/cve-2025-54236-sessionreaper-unauthenticated-rce-in-magento', 'source': '134c704f-9b21-4f2e-91b3-4a467353bcc0'}]",,,,,"Adobe Commerce versions 2.4.9-alpha2, 2.4.8-p2, 2.4.7-p7, 2.4.6-p12, 2.4.5-p14, 2.4.4-p15 and earlier are affected by an Improper Input Validation vulnerability. A successful attacker can abuse this to achieve session takeover, increasing the confidentiality, and integrity impact to high. Exploitation of this issue does not require user interaction.","['cpe:2.3:a:adobe:commerce:2.4.4:-:*:*:*:*:*:*', 'cpe:2.3:a:adobe:commerce:2.4.4:p1:*:*:*:*:*:*', 'cpe:2.3:a:adobe:commerce:2.4.4:p10:*:*:*:*:*:*', 'cpe:2.3:a:adobe:commerce:2.4.4:p11:*:*:*:*:*:*', 'cpe:2.3:a:adobe:commerce:2.4.4:p12:*:*:*:*:*:*', 'cpe:2.3:a:adobe:commerce:2.4.4:p13:*:*:*:*:*:*', 'cpe:2.3:a:adobe:commerce:2.4.4:p14:*:*:*:*:*:*', 'cpe:2.3:a:adobe:commerce:2.4.4:p15:*:*:*:*:*:*', 'cpe:2.3:a:adobe:commerce:2.4.4:p2:*:*:*:*:*:*', 'cpe:2.3:a:adobe:commerce:2.4.4:p3:*:*:*:*:*:*', 'cpe:2.3:a:adobe:commerce:2.4.4:p4:*:*:*:*:*:*', 'cpe:2.3:a:adobe:commerce:2.4.4:p5:*:*:*:*:*:*', 'cpe:2.3:a:adobe:commerce:2.4.4:p6:*:*:*:*:*:*', 'cpe:2.3:a:adobe:commerce:2.4.4:p7:*:*:*:*:*:*', 'cpe:2.3:a:adobe:commerce:2.4.4:p8:*:*:*:*:*:*', 'cpe:2.3:a:adobe:commerce:2.4.4:p9:*:*:*:*:*:*', 'cpe:2.3:a:adobe:commerce:2.4.5:-:*:*:*:*:*:*', 'cpe:2.3:a:adobe:commerce:2.4.5:p1:*:*:*:*:*:*', 'cpe:2.3:a:adobe:commerce:2.4.5:p10:*:*:*:*:*:*', 'cpe:2.3:a:adobe:commerce:2.4.5:p11:*:*:*:*:*:*', 'cpe:2.3:a:adobe:commerce:2.4.5:p12:*:*:*:*:*:*', 'cpe:2.3:a:adobe:commerce:2.4.5:p13:*:*:*:*:*:*', 'cpe:2.3:a:adobe:commerce:2.4.5:p14:*:*:*:*:*:*', 'cpe:2.3:a:adobe:commerce:2.4.5:p2:*:*:*:*:*:*', 'cpe:2.3:a:adobe:commerce:2.4.5:p3:*:*:*:*:*:*', 'cpe:2.3:a:adobe:commerce:2.4.5:p4:*:*:*:*:*:*', 'cpe:2.3:a:adobe:commerce:2.4.5:p5:*:*:*:*:*:*', 'cpe:2.3:a:adobe:commerce:2.4.5:p6:*:*:*:*:*:*', 'cpe:2.3:a:adobe:commerce:2.4.5:p7:*:*:*:*:*:*', 'cpe:2.3:a:adobe:commerce:2.4.5:p8:*:*:*:*:*:*', 'cpe:2.3:a:adobe:commerce:2.4.5:p9:*:*:*:*:*:*', 'cpe:2.3:a:adobe:commerce:2.4.6:-:*:*:*:*:*:*', 'cpe:2.3:a:adobe:commerce:2.4.6:p1:*:*:*:*:*:*', 'cpe:2.3:a:adobe:commerce:2.4.6:p10:*:*:*:*:*:*', 'cpe:2.3:a:adobe:commerce:2.4.6:p11:*:*:*:*:*:*', 'cpe:2.3:a:adobe:commerce:2.4.6:p12:*:*:*:*:*:*', 'cpe:2.3:a:adobe:commerce:2.4.6:p2:*:*:*:*:*:*', 'cpe:2.3:a:adobe:commerce:2.4.6:p3:*:*:*:*:*:*', 'cpe:2.3:a:adobe:commerce:2.4.6:p4:*:*:*:*:*:*', 'cpe:2.3:a:adobe:commerce:2.4.6:p5:*:*:*:*:*:*', 'cpe:2.3:a:adobe:commerce:2.4.6:p6:*:*:*:*:*:*', 'cpe:2.3:a:adobe:commerce:2.4.6:p7:*:*:*:*:*:*', 'cpe:2.3:a:adobe:commerce:2.4.6:p8:*:*:*:*:*:*', 'cpe:2.3:a:adobe:commerce:2.4.6:p9:*:*:*:*:*:*', 'cpe:2.3:a:adobe:commerce:2.4.7:-:*:*:*:*:*:*', 'cpe:2.3:a:adobe:commerce:2.4.7:b1:*:*:*:*:*:*', 'cpe:2.3:a:adobe:commerce:2.4.7:b2:*:*:*:*:*:*', 'cpe:2.3:a:adobe:commerce:2.4.7:beta3:*:*:*:*:*:*', 'cpe:2.3:a:adobe:commerce:2.4.7:p1:*:*:*:*:*:*', 'cpe:2.3:a:adobe:commerce:2.4.7:p2:*:*:*:*:*:*', 'cpe:2.3:a:adobe:commerce:2.4.7:p3:*:*:*:*:*:*', 'cpe:2.3:a:adobe:commerce:2.4.7:p4:*:*:*:*:*:*', 'cpe:2.3:a:adobe:commerce:2.4.7:p5:*:*:*:*:*:*', 'cpe:2.3:a:adobe:commerce:2.4.7:p6:*:*:*:*:*:*', 'cpe:2.3:a:adobe:commerce:2.4.7:p7:*:*:*:*:*:*', 'cpe:2.3:a:adobe:commerce:2.4.8:-:*:*:*:*:*:*', 'cpe:2.3:a:adobe:commerce:2.4.8:beta1:*:*:*:*:*:*', 'cpe:2.3:a:adobe:commerce:2.4.8:beta2:*:*:*:*:*:*', 'cpe:2.3:a:adobe:commerce:2.4.8:p1:*:*:*:*:*:*', 'cpe:2.3:a:adobe:commerce:2.4.8:p2:*:*:*:*:*:*', 'cpe:2.3:a:adobe:commerce:2.4.9:alpha1:*:*:*:*:*:*', 'cpe:2.3:a:adobe:commerce:2.4.9:alpha2:*:*:*:*:*:*', 'cpe:2.3:a:adobe:commerce_b2b:1.3.3:-:*:*:*:*:*:*', 'cpe:2.3:a:adobe:commerce_b2b:1.3.3:p1:*:*:*:*:*:*', 'cpe:2.3:a:adobe:commerce_b2b:1.3.3:p10:*:*:*:*:*:*', 'cpe:2.3:a:adobe:commerce_b2b:1.3.3:p11:*:*:*:*:*:*', 'cpe:2.3:a:adobe:commerce_b2b:1.3.3:p12:*:*:*:*:*:*', 'cpe:2.3:a:adobe:commerce_b2b:1.3.3:p13:*:*:*:*:*:*', 'cpe:2.3:a:adobe:commerce_b2b:1.3.3:p14:*:*:*:*:*:*', 'cpe:2.3:a:adobe:commerce_b2b:1.3.3:p15:*:*:*:*:*:*', 'cpe:2.3:a:adobe:commerce_b2b:1.3.3:p2:*:*:*:*:*:*', 'cpe:2.3:a:adobe:commerce_b2b:1.3.3:p3:*:*:*:*:*:*', 'cpe:2.3:a:adobe:commerce_b2b:1.3.3:p4:*:*:*:*:*:*', 'cpe:2.3:a:adobe:commerce_b2b:1.3.3:p5:*:*:*:*:*:*', 'cpe:2.3:a:adobe:commerce_b2b:1.3.3:p6:*:*:*:*:*:*', 'cpe:2.3:a:adobe:commerce_b2b:1.3.3:p7:*:*:*:*:*:*', 'cpe:2.3:a:adobe:commerce_b2b:1.3.3:p8:*:*:*:*:*:*', 'cpe:2.3:a:adobe:commerce_b2b:1.3.3:p9:*:*:*:*:*:*', 'cpe:2.3:a:adobe:commerce_b2b:1.3.4:-:*:*:*:*:*:*', 'cpe:2.3:a:adobe:commerce_b2b:1.3.4:p1:*:*:*:*:*:*', 'cpe:2.3:a:adobe:commerce_b2b:1.3.4:p10:*:*:*:*:*:*', 'cpe:2.3:a:adobe:commerce_b2b:1.3.4:p11:*:*:*:*:*:*', 'cpe:2.3:a:adobe:commerce_b2b:1.3.4:p12:*:*:*:*:*:*', 'cpe:2.3:a:adobe:commerce_b2b:1.3.4:p13:*:*:*:*:*:*', 'cpe:2.3:a:adobe:commerce_b2b:1.3.4:p14:*:*:*:*:*:*', 'cpe:2.3:a:adobe:commerce_b2b:1.3.4:p2:*:*:*:*:*:*', 'cpe:2.3:a:adobe:commerce_b2b:1.3.4:p3:*:*:*:*:*:*', 'cpe:2.3:a:adobe:commerce_b2b:1.3.4:p4:*:*:*:*:*:*', 'cpe:2.3:a:adobe:commerce_b2b:1.3.4:p5:*:*:*:*:*:*', 'cpe:2.3:a:adobe:commerce_b2b:1.3.4:p6:*:*:*:*:*:*', 'cpe:2.3:a:adobe:commerce_b2b:1.3.4:p7:*:*:*:*:*:*', 'cpe:2.3:a:adobe:commerce_b2b:1.3.4:p8:*:*:*:*:*:*', 'cpe:2.3:a:adobe:commerce_b2b:1.3.4:p9:*:*:*:*:*:*', 'cpe:2.3:a:adobe:commerce_b2b:1.4.2:-:*:*:*:*:*:*', 'cpe:2.3:a:adobe:commerce_b2b:1.4.2:p1:*:*:*:*:*:*', 'cpe:2.3:a:adobe:commerce_b2b:1.4.2:p2:*:*:*:*:*:*', 'cpe:2.3:a:adobe:commerce_b2b:1.4.2:p3:*:*:*:*:*:*', 'cpe:2.3:a:adobe:commerce_b2b:1.4.2:p4:*:*:*:*:*:*', 'cpe:2.3:a:adobe:commerce_b2b:1.4.2:p5:*:*:*:*:*:*', 'cpe:2.3:a:adobe:commerce_b2b:1.4.2:p6:*:*:*:*:*:*', 'cpe:2.3:a:adobe:commerce_b2b:1.4.2:p7:*:*:*:*:*:*', 'cpe:2.3:a:adobe:commerce_b2b:1.5.2:-:*:*:*:*:*:*', 'cpe:2.3:a:adobe:commerce_b2b:1.5.2:p1:*:*:*:*:*:*', 'cpe:2.3:a:adobe:commerce_b2b:1.5.2:p2:*:*:*:*:*:*', 'cpe:2.3:a:adobe:commerce_b2b:1.5.3:alpha1:*:*:*:*:*:*', 'cpe:2.3:a:adobe:commerce_b2b:1.5.3:alpha2:*:*:*:*:*:*', 'cpe:2.3:a:adobe:magento:2.4.5:-:*:*:open_source:*:*:*', 'cpe:2.3:a:adobe:magento:2.4.5:p1:*:*:open_source:*:*:*', 'cpe:2.3:a:adobe:magento:2.4.5:p10:*:*:open_source:*:*:*', 'cpe:2.3:a:adobe:magento:2.4.5:p11:*:*:open_source:*:*:*', 'cpe:2.3:a:adobe:magento:2.4.5:p12:*:*:open_source:*:*:*', 'cpe:2.3:a:adobe:magento:2.4.5:p13:*:*:open_source:*:*:*', 'cpe:2.3:a:adobe:magento:2.4.5:p14:*:*:open_source:*:*:*', 'cpe:2.3:a:adobe:magento:2.4.5:p2:*:*:open_source:*:*:*', 'cpe:2.3:a:adobe:magento:2.4.5:p3:*:*:open_source:*:*:*', 'cpe:2.3:a:adobe:magento:2.4.5:p4:*:*:open_source:*:*:*', 'cpe:2.3:a:adobe:magento:2.4.5:p5:*:*:open_source:*:*:*', 'cpe:2.3:a:adobe:magento:2.4.5:p6:*:*:open_source:*:*:*', 'cpe:2.3:a:adobe:magento:2.4.5:p7:*:*:open_source:*:*:*', 'cpe:2.3:a:adobe:magento:2.4.5:p8:*:*:open_source:*:*:*', 'cpe:2.3:a:adobe:magento:2.4.5:p9:*:*:open_source:*:*:*', 'cpe:2.3:a:adobe:magento:2.4.6:-:*:*:open_source:*:*:*', 'cpe:2.3:a:adobe:magento:2.4.6:p1:*:*:open_source:*:*:*', 'cpe:2.3:a:adobe:magento:2.4.6:p10:*:*:open_source:*:*:*', 'cpe:2.3:a:adobe:magento:2.4.6:p11:*:*:open_source:*:*:*', 'cpe:2.3:a:adobe:magento:2.4.6:p12:*:*:open_source:*:*:*', 'cpe:2.3:a:adobe:magento:2.4.6:p2:*:*:open_source:*:*:*', 'cpe:2.3:a:adobe:magento:2.4.6:p3:*:*:open_source:*:*:*', 'cpe:2.3:a:adobe:magento:2.4.6:p4:*:*:open_source:*:*:*', 'cpe:2.3:a:adobe:magento:2.4.6:p5:*:*:open_source:*:*:*', 'cpe:2.3:a:adobe:magento:2.4.6:p6:*:*:open_source:*:*:*', 'cpe:2.3:a:adobe:magento:2.4.6:p7:*:*:open_source:*:*:*', 'cpe:2.3:a:adobe:magento:2.4.6:p8:*:*:open_source:*:*:*', 'cpe:2.3:a:adobe:magento:2.4.6:p9:*:*:open_source:*:*:*', 'cpe:2.3:a:adobe:magento:2.4.7:-:*:*:open_source:*:*:*', 'cpe:2.3:a:adobe:magento:2.4.7:b1:*:*:open_source:*:*:*', 'cpe:2.3:a:adobe:magento:2.4.7:b2:*:*:open_source:*:*:*', 'cpe:2.3:a:adobe:magento:2.4.7:beta3:*:*:open_source:*:*:*', 'cpe:2.3:a:adobe:magento:2.4.7:p1:*:*:open_source:*:*:*', 'cpe:2.3:a:adobe:magento:2.4.7:p2:*:*:open_source:*:*:*', 'cpe:2.3:a:adobe:magento:2.4.7:p3:*:*:open_source:*:*:*', 'cpe:2.3:a:adobe:magento:2.4.7:p4:*:*:open_source:*:*:*', 'cpe:2.3:a:adobe:magento:2.4.7:p5:*:*:open_source:*:*:*', 'cpe:2.3:a:adobe:magento:2.4.7:p6:*:*:open_source:*:*:*', 'cpe:2.3:a:adobe:magento:2.4.7:p7:*:*:open_source:*:*:*', 'cpe:2.3:a:adobe:magento:2.4.8:-:*:*:open_source:*:*:*', 'cpe:2.3:a:adobe:magento:2.4.8:beta1:*:*:open_source:*:*:*', 'cpe:2.3:a:adobe:magento:2.4.8:beta2:*:*:open_source:*:*:*', 'cpe:2.3:a:adobe:magento:2.4.8:p1:*:*:open_source:*:*:*', 'cpe:2.3:a:adobe:magento:2.4.8:p2:*:*:open_source:*:*:*', 'cpe:2.3:a:adobe:magento:2.4.9:alpha1:*:*:open_source:*:*:*', 'cpe:2.3:a:adobe:magento:2.4.9:alpha2:*:*:open_source:*:*:*']",2,['CWE-20'],3.1,CVSS:3.1/AV:N/AC:L/PR:N/UI:N/S:U/C:H/I:H/A:N,9.1,CRITICAL,NETWORK,LOW,NONE,NONE,UNCHANGED,HIGH,HIGH,NONE,CVE-2025-54236,0.00333,0.55705
1262,CVE-2025-54897,secure@microsoft.com,2025-09-09 17:16:00.510,2025-09-12 16:45:25.173,Analyzed,"[{'url': 'https://msrc.microsoft.com/update-guide/vulnerability/CVE-2025-54897', 'source': 'secure@microsoft.com', 'tags': ['Vendor Advisory']}]",,,,,Deserialization of untrusted data in Microsoft Office SharePoint allows an authorized attacker to execute code over a network.,"['cpe:2.3:a:microsoft:sharepoint_server:*:*:*:*:subscription:*:*:*', 'cpe:2.3:a:microsoft:sharepoint_server:2016:*:*:*:enterprise:*:*:*', 'cpe:2.3:a:microsoft:sharepoint_server:2019:*:*:*:*:*:*:*']",1,['CWE-502'],3.1,CVSS:3.1/AV:N/AC:L/PR:L/UI:N/S:U/C:H/I:H/A:H,8.8,HIGH,NETWORK,LOW,LOW,NONE,UNCHANGED,HIGH,HIGH,HIGH,CVE-2025-54897,0.0083,0.73861
2867,CVE-2025-10689,cna@vuldb.com,2025-09-18 21:15:47.340,2025-10-03 17:26:40.087,Analyzed,"[{'url': 'https://github.com/scanleale/IOT_sec/blob/main/DIR-645-soapcgi.pdf', 'source': 'cna@vuldb.com', 'tags': ['Exploit', 'Third Party Advisory']}, {'url': 'https://vuldb.com/?ctiid.324813', 'source': 'cna@vuldb.com', 'tags': ['Permissions Required', 'VDB Entry']}, {'url': 'https://vuldb.com/?id.324813', 'source': 'cna@vuldb.com', 'tags': ['Third Party Advisory', 'VDB Entry']}, {'url': 'https://vuldb.com/?submit.653689', 'source': 'cna@vuldb.com', 'tags': ['Third Party Advisory', 'VDB Entry']}, {'url': 'https://www.dlink.com/', 'source': 'cna@vuldb.com', 'tags': ['Product']}]",,,,,A vulnerability was identified in D-Link DIR-645 105B01. This issue affects the function soapcgi_main of the file /soap.cgi. Such manipulation of the argument service leads to command injection. The attack can be launched remotely. The exploit is publicly available and might be used. This vulnerability only affects products that are no longer supported by the maintainer.,['cpe:2.3:o:dlink:dir-645_firmware:1.05b01:*:*:*:*:*:*:*'],5,"['CWE-74', 'CWE-77', 'CWE-77']",3.1,CVSS:3.1/AV:N/AC:L/PR:N/UI:N/S:U/C:H/I:H/A:H,9.8,CRITICAL,NETWORK,LOW,NONE,NONE,UNCHANGED,HIGH,HIGH,HIGH,CVE-2025-10689,0.00836,0.73965
3657,CVE-2025-56816,cve@mitre.org,2025-09-24 17:15:41.450,2025-09-24 18:15:38.597,Undergoing Analysis,"[{'url': 'https://github.com/running-elephant/datart', 'source': 'cve@mitre.org'}, {'url': 'https://github.com/xiaoxiaoranxxx/CVE-2025-56815', 'source': 'cve@mitre.org'}]",,,,,"Datart 1.0.0-rc.3 is vulnerable to Directory Traversal. The configuration file handling of the application allows attackers to upload arbitrary YAML files to the config/jdbc-driver-ext.yml path. The application parses this file using SnakeYAML's unsafe load() or loadAs() method without input sanitization. This allows deserialization of attacker-controlled YAML content, leading to arbitrary class instantiation. Under certain conditions, this can be exploited to achieve remote code execution (RCE).",[],2,"['CWE-22', 'CWE-502']",3.1,CVSS:3.1/AV:N/AC:L/PR:N/UI:R/S:U/C:H/I:H/A:H,8.8,HIGH,NETWORK,LOW,NONE,REQUIRED,UNCHANGED,HIGH,HIGH,HIGH,CVE-2025-56816,0.00904,0.75035
3670,CVE-2025-20352,psirt@cisco.com,2025-09-24 18:15:36.930,2025-10-01 13:51:39.657,Analyzed,"[{'url': 'https://sec.cloudapps.cisco.com/security/center/content/CiscoSecurityAdvisory/cisco-sa-snmp-x4LPhte', 'source': 'psirt@cisco.com', 'tags': ['Vendor Advisory', 'Mitigation']}]",2025-09-29,2025-10-20,"Apply mitigations per vendor instructions, follow applicable BOD 22-01 guidance for cloud services, or discontinue use of the product if mitigations are unavailable.",Cisco IOS and IOS XE Software SNMP Denial of Service and Remote Code Execution Vulnerability,"A vulnerability in the Simple Network Management Protocol (SNMP) subsystem of Cisco IOS Software and Cisco IOS XE Software could allow the following:
  An authenticated, remote attacker with low privileges could cause a denial of service (DoS) condition on an affected device that is running Cisco IOS Software or Cisco IOS XE Software. To cause the DoS, the attacker must have the SNMPv2c or earlier read-only community string or valid SNMPv3 user credentials.  An authenticated, remote attacker with high privileges could execute code as the root user on an affected device that is running Cisco IOS XE Software. To execute code as the root user, the attacker must have the SNMPv1 or v2c read-only community string or valid SNMPv3 user credentials and administrative or privilege 15 credentials on the affected device.   An attacker could exploit this vulnerability by sending a crafted SNMP packet to an affected device over IPv4 or IPv6 networks. 
 This vulnerability is due to a stack overflow condition in the SNMP subsystem of the affected software. A successful exploit could allow a low-privileged attacker to cause the affected system to reload, resulting in a DoS condition, or allow a high-privileged attacker to execute arbitrary code as the root user and obtain full control of the affected system.
 Note: This vulnerability affects all versions of SNMP.","['cpe:2.3:o:cisco:ios_xe_sd-wan:16.9.1:*:*:*:*:*:*:*', 'cpe:2.3:o:cisco:ios_xe_sd-wan:16.9.2:*:*:*:*:*:*:*', 'cpe:2.3:o:cisco:ios_xe_sd-wan:16.9.3:*:*:*:*:*:*:*', 'cpe:2.3:o:cisco:ios_xe_sd-wan:16.9.4:*:*:*:*:*:*:*', 'cpe:2.3:o:cisco:ios_xe_sd-wan:16.10.1:*:*:*:*:*:*:*', 'cpe:2.3:o:cisco:ios_xe_sd-wan:16.10.2:*:*:*:*:*:*:*', 'cpe:2.3:o:cisco:ios_xe_sd-wan:16.10.3:*:*:*:*:*:*:*', 'cpe:2.3:o:cisco:ios_xe_sd-wan:16.10.3a:*:*:*:*:*:*:*', 'cpe:2.3:o:cisco:ios_xe_sd-wan:16.10.3b:*:*:*:*:*:*:*', 'cpe:2.3:o:cisco:ios_xe_sd-wan:16.10.4:*:*:*:*:*:*:*', 'cpe:2.3:o:cisco:ios_xe_sd-wan:16.10.5:*:*:*:*:*:*:*', 'cpe:2.3:o:cisco:ios_xe_sd-wan:16.10.6:*:*:*:*:*:*:*', 'cpe:2.3:o:cisco:ios_xe_sd-wan:16.11.1a:*:*:*:*:*:*:*', 'cpe:2.3:o:cisco:ios_xe_sd-wan:16.12.1b:*:*:*:*:*:*:*', 'cpe:2.3:o:cisco:ios_xe_sd-wan:16.12.1d:*:*:*:*:*:*:*', 'cpe:2.3:o:cisco:ios_xe_sd-wan:16.12.1e:*:*:*:*:*:*:*', 'cpe:2.3:o:cisco:ios_xe_sd-wan:16.12.2r:*:*:*:*:*:*:*', 'cpe:2.3:o:cisco:ios_xe_sd-wan:16.12.3:*:*:*:*:*:*:*', 'cpe:2.3:o:cisco:ios_xe_sd-wan:16.12.4:*:*:*:*:*:*:*', 'cpe:2.3:o:cisco:ios_xe_sd-wan:16.12.4a:*:*:*:*:*:*:*', 'cpe:2.3:o:cisco:ios_xe_sd-wan:16.12.5:*:*:*:*:*:*:*', 'cpe:2.3:o:cisco:ios_xe:3.5.0e:*:*:*:*:*:*:*', 'cpe:2.3:o:cisco:ios_xe:3.5.0sq:*:*:*:*:*:*:*', 'cpe:2.3:o:cisco:ios_xe:3.5.1e:*:*:*:*:*:*:*', 'cpe:2.3:o:cisco:ios_xe:3.5.1sq:*:*:*:*:*:*:*', 'cpe:2.3:o:cisco:ios_xe:3.5.2e:*:*:*:*:*:*:*', 'cpe:2.3:o:cisco:ios_xe:3.5.2sq:*:*:*:*:*:*:*', 'cpe:2.3:o:cisco:ios_xe:3.5.3e:*:*:*:*:*:*:*', 'cpe:2.3:o:cisco:ios_xe:3.5.3sq:*:*:*:*:*:*:*', 'cpe:2.3:o:cisco:ios_xe:3.5.4sq:*:*:*:*:*:*:*', 'cpe:2.3:o:cisco:ios_xe:3.5.5sq:*:*:*:*:*:*:*', 'cpe:2.3:o:cisco:ios_xe:3.5.6sq:*:*:*:*:*:*:*', 'cpe:2.3:o:cisco:ios_xe:3.5.7sq:*:*:*:*:*:*:*', 'cpe:2.3:o:cisco:ios_xe:3.5.8sq:*:*:*:*:*:*:*', 'cpe:2.3:o:cisco:ios_xe:3.6.0e:*:*:*:*:*:*:*', 'cpe:2.3:o:cisco:ios_xe:3.6.1e:*:*:*:*:*:*:*', 'cpe:2.3:o:cisco:ios_xe:3.6.2ae:*:*:*:*:*:*:*', 'cpe:2.3:o:cisco:ios_xe:3.6.2e:*:*:*:*:*:*:*', 'cpe:2.3:o:cisco:ios_xe:3.6.3e:*:*:*:*:*:*:*', 'cpe:2.3:o:cisco:ios_xe:3.6.4e:*:*:*:*:*:*:*', 'cpe:2.3:o:cisco:ios_xe:3.6.5ae:*:*:*:*:*:*:*', 'cpe:2.3:o:cisco:ios_xe:3.6.5e:*:*:*:*:*:*:*', 'cpe:2.3:o:cisco:ios_xe:3.6.6e:*:*:*:*:*:*:*', 'cpe:2.3:o:cisco:ios_xe:3.6.7be:*:*:*:*:*:*:*', 'cpe:2.3:o:cisco:ios_xe:3.6.7e:*:*:*:*:*:*:*', 'cpe:2.3:o:cisco:ios_xe:3.6.8e:*:*:*:*:*:*:*', 'cpe:2.3:o:cisco:ios_xe:3.6.9e:*:*:*:*:*:*:*', 'cpe:2.3:o:cisco:ios_xe:3.6.10e:*:*:*:*:*:*:*', 'cpe:2.3:o:cisco:ios_xe:3.7.0e:*:*:*:*:*:*:*', 'cpe:2.3:o:cisco:ios_xe:3.7.1e:*:*:*:*:*:*:*', 'cpe:2.3:o:cisco:ios_xe:3.7.2e:*:*:*:*:*:*:*', 'cpe:2.3:o:cisco:ios_xe:3.7.3e:*:*:*:*:*:*:*', 'cpe:2.3:o:cisco:ios_xe:3.7.4e:*:*:*:*:*:*:*', 'cpe:2.3:o:cisco:ios_xe:3.7.5e:*:*:*:*:*:*:*', 'cpe:2.3:o:cisco:ios_xe:3.8.0e:*:*:*:*:*:*:*', 'cpe:2.3:o:cisco:ios_xe:3.8.1e:*:*:*:*:*:*:*', 'cpe:2.3:o:cisco:ios_xe:3.8.2e:*:*:*:*:*:*:*', 'cpe:2.3:o:cisco:ios_xe:3.8.3e:*:*:*:*:*:*:*', 'cpe:2.3:o:cisco:ios_xe:3.8.4e:*:*:*:*:*:*:*', 'cpe:2.3:o:cisco:ios_xe:3.8.5ae:*:*:*:*:*:*:*', 'cpe:2.3:o:cisco:ios_xe:3.8.5e:*:*:*:*:*:*:*', 'cpe:2.3:o:cisco:ios_xe:3.8.6e:*:*:*:*:*:*:*', 'cpe:2.3:o:cisco:ios_xe:3.8.7e:*:*:*:*:*:*:*', 'cpe:2.3:o:cisco:ios_xe:3.8.8e:*:*:*:*:*:*:*', 'cpe:2.3:o:cisco:ios_xe:3.8.9e:*:*:*:*:*:*:*', 'cpe:2.3:o:cisco:ios_xe:3.8.10e:*:*:*:*:*:*:*', 'cpe:2.3:o:cisco:ios_xe:3.9.0e:*:*:*:*:*:*:*', 'cpe:2.3:o:cisco:ios_xe:3.9.1e:*:*:*:*:*:*:*', 'cpe:2.3:o:cisco:ios_xe:3.9.2e:*:*:*:*:*:*:*', 'cpe:2.3:o:cisco:ios_xe:3.10.0ce:*:*:*:*:*:*:*', 'cpe:2.3:o:cisco:ios_xe:3.10.0e:*:*:*:*:*:*:*', 'cpe:2.3:o:cisco:ios_xe:3.10.1e:*:*:*:*:*:*:*', 'cpe:2.3:o:cisco:ios_xe:3.10.2e:*:*:*:*:*:*:*', 'cpe:2.3:o:cisco:ios_xe:3.10.3e:*:*:*:*:*:*:*', 'cpe:2.3:o:cisco:ios_xe:3.11.0e:*:*:*:*:*:*:*', 'cpe:2.3:o:cisco:ios_xe:3.11.1ae:*:*:*:*:*:*:*', 'cpe:2.3:o:cisco:ios_xe:3.11.1e:*:*:*:*:*:*:*', 'cpe:2.3:o:cisco:ios_xe:3.11.2e:*:*:*:*:*:*:*', 'cpe:2.3:o:cisco:ios_xe:3.11.3ae:*:*:*:*:*:*:*', 'cpe:2.3:o:cisco:ios_xe:3.11.3e:*:*:*:*:*:*:*', 'cpe:2.3:o:cisco:ios_xe:3.11.4e:*:*:*:*:*:*:*', 'cpe:2.3:o:cisco:ios_xe:3.11.5e:*:*:*:*:*:*:*', 'cpe:2.3:o:cisco:ios_xe:3.11.6e:*:*:*:*:*:*:*', 'cpe:2.3:o:cisco:ios_xe:3.11.7e:*:*:*:*:*:*:*', 'cpe:2.3:o:cisco:ios_xe:3.11.8e:*:*:*:*:*:*:*', 'cpe:2.3:o:cisco:ios_xe:3.11.9e:*:*:*:*:*:*:*', 'cpe:2.3:o:cisco:ios_xe:3.11.10e:*:*:*:*:*:*:*', 'cpe:2.3:o:cisco:ios_xe:3.11.11e:*:*:*:*:*:*:*', 'cpe:2.3:o:cisco:ios_xe:3.11.12e:*:*:*:*:*:*:*', 'cpe:2.3:o:cisco:ios_xe:3.14.0s:*:*:*:*:*:*:*', 'cpe:2.3:o:cisco:ios_xe:3.14.1s:*:*:*:*:*:*:*', 'cpe:2.3:o:cisco:ios_xe:3.14.2s:*:*:*:*:*:*:*', 'cpe:2.3:o:cisco:ios_xe:3.14.3s:*:*:*:*:*:*:*', 'cpe:2.3:o:cisco:ios_xe:3.14.4s:*:*:*:*:*:*:*', 'cpe:2.3:o:cisco:ios_xe:3.15.0s:*:*:*:*:*:*:*', 'cpe:2.3:o:cisco:ios_xe:3.15.1cs:*:*:*:*:*:*:*', 'cpe:2.3:o:cisco:ios_xe:3.15.1s:*:*:*:*:*:*:*', 'cpe:2.3:o:cisco:ios_xe:3.15.2s:*:*:*:*:*:*:*', 'cpe:2.3:o:cisco:ios_xe:3.15.3s:*:*:*:*:*:*:*', 'cpe:2.3:o:cisco:ios_xe:3.15.4s:*:*:*:*:*:*:*', 'cpe:2.3:o:cisco:ios_xe:3.16.0cs:*:*:*:*:*:*:*', 'cpe:2.3:o:cisco:ios_xe:3.16.0s:*:*:*:*:*:*:*', 'cpe:2.3:o:cisco:ios_xe:3.16.1as:*:*:*:*:*:*:*', 'cpe:2.3:o:cisco:ios_xe:3.16.1s:*:*:*:*:*:*:*', 'cpe:2.3:o:cisco:ios_xe:3.16.2as:*:*:*:*:*:*:*', 'cpe:2.3:o:cisco:ios_xe:3.16.2bs:*:*:*:*:*:*:*', 'cpe:2.3:o:cisco:ios_xe:3.16.2s:*:*:*:*:*:*:*', 'cpe:2.3:o:cisco:ios_xe:3.16.3as:*:*:*:*:*:*:*', 'cpe:2.3:o:cisco:ios_xe:3.16.3s:*:*:*:*:*:*:*', 'cpe:2.3:o:cisco:ios_xe:3.16.4as:*:*:*:*:*:*:*', 'cpe:2.3:o:cisco:ios_xe:3.16.4bs:*:*:*:*:*:*:*', 'cpe:2.3:o:cisco:ios_xe:3.16.4ds:*:*:*:*:*:*:*', 'cpe:2.3:o:cisco:ios_xe:3.16.4s:*:*:*:*:*:*:*', 'cpe:2.3:o:cisco:ios_xe:3.16.5s:*:*:*:*:*:*:*', 'cpe:2.3:o:cisco:ios_xe:3.16.6bs:*:*:*:*:*:*:*', 'cpe:2.3:o:cisco:ios_xe:3.16.6s:*:*:*:*:*:*:*', 'cpe:2.3:o:cisco:ios_xe:3.16.7as:*:*:*:*:*:*:*', 'cpe:2.3:o:cisco:ios_xe:3.16.7bs:*:*:*:*:*:*:*', 'cpe:2.3:o:cisco:ios_xe:3.16.7s:*:*:*:*:*:*:*', 'cpe:2.3:o:cisco:ios_xe:3.16.8s:*:*:*:*:*:*:*', 'cpe:2.3:o:cisco:ios_xe:3.16.9s:*:*:*:*:*:*:*', 'cpe:2.3:o:cisco:ios_xe:3.16.10s:*:*:*:*:*:*:*', 'cpe:2.3:o:cisco:ios_xe:3.17.0s:*:*:*:*:*:*:*', 'cpe:2.3:o:cisco:ios_xe:3.17.1as:*:*:*:*:*:*:*', 'cpe:2.3:o:cisco:ios_xe:3.17.1s:*:*:*:*:*:*:*', 'cpe:2.3:o:cisco:ios_xe:3.17.2s:*:*:*:*:*:*:*', 'cpe:2.3:o:cisco:ios_xe:3.17.3s:*:*:*:*:*:*:*', 'cpe:2.3:o:cisco:ios_xe:3.17.4s:*:*:*:*:*:*:*', 'cpe:2.3:o:cisco:ios_xe:3.18.0as:*:*:*:*:*:*:*', 'cpe:2.3:o:cisco:ios_xe:3.18.0s:*:*:*:*:*:*:*', 'cpe:2.3:o:cisco:ios_xe:3.18.0sp:*:*:*:*:*:*:*', 'cpe:2.3:o:cisco:ios_xe:3.18.1asp:*:*:*:*:*:*:*', 'cpe:2.3:o:cisco:ios_xe:3.18.1bsp:*:*:*:*:*:*:*', 'cpe:2.3:o:cisco:ios_xe:3.18.1csp:*:*:*:*:*:*:*', 'cpe:2.3:o:cisco:ios_xe:3.18.1s:*:*:*:*:*:*:*', 'cpe:2.3:o:cisco:ios_xe:3.18.1sp:*:*:*:*:*:*:*', 'cpe:2.3:o:cisco:ios_xe:3.18.2asp:*:*:*:*:*:*:*', 'cpe:2.3:o:cisco:ios_xe:3.18.2s:*:*:*:*:*:*:*', 'cpe:2.3:o:cisco:ios_xe:3.18.2sp:*:*:*:*:*:*:*', 'cpe:2.3:o:cisco:ios_xe:3.18.3asp:*:*:*:*:*:*:*', 'cpe:2.3:o:cisco:ios_xe:3.18.3bsp:*:*:*:*:*:*:*', 'cpe:2.3:o:cisco:ios_xe:3.18.3s:*:*:*:*:*:*:*', 'cpe:2.3:o:cisco:ios_xe:3.18.3sp:*:*:*:*:*:*:*', 'cpe:2.3:o:cisco:ios_xe:3.18.4s:*:*:*:*:*:*:*', 'cpe:2.3:o:cisco:ios_xe:3.18.4sp:*:*:*:*:*:*:*', 'cpe:2.3:o:cisco:ios_xe:3.18.5sp:*:*:*:*:*:*:*', 'cpe:2.3:o:cisco:ios_xe:3.18.6sp:*:*:*:*:*:*:*', 'cpe:2.3:o:cisco:ios_xe:3.18.7sp:*:*:*:*:*:*:*', 'cpe:2.3:o:cisco:ios_xe:3.18.8asp:*:*:*:*:*:*:*', 'cpe:2.3:o:cisco:ios_xe:3.18.9sp:*:*:*:*:*:*:*', 'cpe:2.3:o:cisco:ios_xe:16.6.1:*:*:*:*:*:*:*', 'cpe:2.3:o:cisco:ios_xe:16.6.2:*:*:*:*:*:*:*', 'cpe:2.3:o:cisco:ios_xe:16.6.3:*:*:*:*:*:*:*', 'cpe:2.3:o:cisco:ios_xe:16.6.4:*:*:*:*:*:*:*', 'cpe:2.3:o:cisco:ios_xe:16.6.4a:*:*:*:*:*:*:*', 'cpe:2.3:o:cisco:ios_xe:16.6.5:*:*:*:*:*:*:*', 'cpe:2.3:o:cisco:ios_xe:16.6.5a:*:*:*:*:*:*:*', 'cpe:2.3:o:cisco:ios_xe:16.6.6:*:*:*:*:*:*:*', 'cpe:2.3:o:cisco:ios_xe:16.6.7:*:*:*:*:*:*:*', 'cpe:2.3:o:cisco:ios_xe:16.6.8:*:*:*:*:*:*:*', 'cpe:2.3:o:cisco:ios_xe:16.6.9:*:*:*:*:*:*:*', 'cpe:2.3:o:cisco:ios_xe:16.6.10:*:*:*:*:*:*:*', 'cpe:2.3:o:cisco:ios_xe:16.7.1:*:*:*:*:*:*:*', 'cpe:2.3:o:cisco:ios_xe:16.7.1a:*:*:*:*:*:*:*', 'cpe:2.3:o:cisco:ios_xe:16.7.1b:*:*:*:*:*:*:*', 'cpe:2.3:o:cisco:ios_xe:16.7.2:*:*:*:*:*:*:*', 'cpe:2.3:o:cisco:ios_xe:16.7.3:*:*:*:*:*:*:*', 'cpe:2.3:o:cisco:ios_xe:16.7.4:*:*:*:*:*:*:*', 'cpe:2.3:o:cisco:ios_xe:16.8.1:*:*:*:*:*:*:*', 'cpe:2.3:o:cisco:ios_xe:16.8.1a:*:*:*:*:*:*:*', 'cpe:2.3:o:cisco:ios_xe:16.8.1b:*:*:*:*:*:*:*', 'cpe:2.3:o:cisco:ios_xe:16.8.1c:*:*:*:*:*:*:*', 'cpe:2.3:o:cisco:ios_xe:16.8.1d:*:*:*:*:*:*:*', 'cpe:2.3:o:cisco:ios_xe:16.8.1e:*:*:*:*:*:*:*', 'cpe:2.3:o:cisco:ios_xe:16.8.1s:*:*:*:*:*:*:*', 'cpe:2.3:o:cisco:ios_xe:16.8.2:*:*:*:*:*:*:*', 'cpe:2.3:o:cisco:ios_xe:16.8.3:*:*:*:*:*:*:*', 'cpe:2.3:o:cisco:ios_xe:16.9.1:*:*:*:*:*:*:*', 'cpe:2.3:o:cisco:ios_xe:16.9.1a:*:*:*:*:*:*:*', 'cpe:2.3:o:cisco:ios_xe:16.9.1b:*:*:*:*:*:*:*', 'cpe:2.3:o:cisco:ios_xe:16.9.1s:*:*:*:*:*:*:*', 'cpe:2.3:o:cisco:ios_xe:16.9.2:*:*:*:*:*:*:*', 'cpe:2.3:o:cisco:ios_xe:16.9.3:*:*:*:*:*:*:*', 'cpe:2.3:o:cisco:ios_xe:16.9.3a:*:*:*:*:*:*:*', 'cpe:2.3:o:cisco:ios_xe:16.9.4:*:*:*:*:*:*:*', 'cpe:2.3:o:cisco:ios_xe:16.9.5:*:*:*:*:*:*:*', 'cpe:2.3:o:cisco:ios_xe:16.9.5f:*:*:*:*:*:*:*', 'cpe:2.3:o:cisco:ios_xe:16.9.6:*:*:*:*:*:*:*', 'cpe:2.3:o:cisco:ios_xe:16.9.7:*:*:*:*:*:*:*', 'cpe:2.3:o:cisco:ios_xe:16.9.8:*:*:*:*:*:*:*', 'cpe:2.3:o:cisco:ios_xe:16.10.1:*:*:*:*:*:*:*', 'cpe:2.3:o:cisco:ios_xe:16.10.1a:*:*:*:*:*:*:*', 'cpe:2.3:o:cisco:ios_xe:16.10.1b:*:*:*:*:*:*:*', 'cpe:2.3:o:cisco:ios_xe:16.10.1c:*:*:*:*:*:*:*', 'cpe:2.3:o:cisco:ios_xe:16.10.1d:*:*:*:*:*:*:*', 'cpe:2.3:o:cisco:ios_xe:16.10.1e:*:*:*:*:*:*:*', 'cpe:2.3:o:cisco:ios_xe:16.10.1f:*:*:*:*:*:*:*', 'cpe:2.3:o:cisco:ios_xe:16.10.1g:*:*:*:*:*:*:*', 'cpe:2.3:o:cisco:ios_xe:16.10.1s:*:*:*:*:*:*:*', 'cpe:2.3:o:cisco:ios_xe:16.10.2:*:*:*:*:*:*:*', 'cpe:2.3:o:cisco:ios_xe:16.10.3:*:*:*:*:*:*:*', 'cpe:2.3:o:cisco:ios_xe:16.11.1:*:*:*:*:*:*:*', 'cpe:2.3:o:cisco:ios_xe:16.11.1a:*:*:*:*:*:*:*', 'cpe:2.3:o:cisco:ios_xe:16.11.1b:*:*:*:*:*:*:*', 'cpe:2.3:o:cisco:ios_xe:16.11.1s:*:*:*:*:*:*:*', 'cpe:2.3:o:cisco:ios_xe:16.11.2:*:*:*:*:*:*:*', 'cpe:2.3:o:cisco:ios_xe:16.12.1:*:*:*:*:*:*:*', 'cpe:2.3:o:cisco:ios_xe:16.12.1a:*:*:*:*:*:*:*', 'cpe:2.3:o:cisco:ios_xe:16.12.1c:*:*:*:*:*:*:*', 'cpe:2.3:o:cisco:ios_xe:16.12.1s:*:*:*:*:*:*:*', 'cpe:2.3:o:cisco:ios_xe:16.12.1t:*:*:*:*:*:*:*', 'cpe:2.3:o:cisco:ios_xe:16.12.1w:*:*:*:*:*:*:*', 'cpe:2.3:o:cisco:ios_xe:16.12.1x:*:*:*:*:*:*:*', 'cpe:2.3:o:cisco:ios_xe:16.12.1y:*:*:*:*:*:*:*', 'cpe:2.3:o:cisco:ios_xe:16.12.1z1:*:*:*:*:*:*:*', 'cpe:2.3:o:cisco:ios_xe:16.12.1z2:*:*:*:*:*:*:*', 'cpe:2.3:o:cisco:ios_xe:16.12.2:*:*:*:*:*:*:*', 'cpe:2.3:o:cisco:ios_xe:16.12.2a:*:*:*:*:*:*:*', 'cpe:2.3:o:cisco:ios_xe:16.12.2s:*:*:*:*:*:*:*', 'cpe:2.3:o:cisco:ios_xe:16.12.3:*:*:*:*:*:*:*', 'cpe:2.3:o:cisco:ios_xe:16.12.3a:*:*:*:*:*:*:*', 'cpe:2.3:o:cisco:ios_xe:16.12.3s:*:*:*:*:*:*:*', 'cpe:2.3:o:cisco:ios_xe:16.12.4:*:*:*:*:*:*:*', 'cpe:2.3:o:cisco:ios_xe:16.12.4a:*:*:*:*:*:*:*', 'cpe:2.3:o:cisco:ios_xe:16.12.5:*:*:*:*:*:*:*', 'cpe:2.3:o:cisco:ios_xe:16.12.5a:*:*:*:*:*:*:*', 'cpe:2.3:o:cisco:ios_xe:16.12.5b:*:*:*:*:*:*:*', 'cpe:2.3:o:cisco:ios_xe:16.12.6:*:*:*:*:*:*:*', 'cpe:2.3:o:cisco:ios_xe:16.12.6a:*:*:*:*:*:*:*', 'cpe:2.3:o:cisco:ios_xe:16.12.7:*:*:*:*:*:*:*', 'cpe:2.3:o:cisco:ios_xe:16.12.8:*:*:*:*:*:*:*', 'cpe:2.3:o:cisco:ios_xe:16.12.9:*:*:*:*:*:*:*', 'cpe:2.3:o:cisco:ios_xe:16.12.10:*:*:*:*:*:*:*', 'cpe:2.3:o:cisco:ios_xe:16.12.10a:*:*:*:*:*:*:*', 'cpe:2.3:o:cisco:ios_xe:16.12.11:*:*:*:*:*:*:*', 'cpe:2.3:o:cisco:ios_xe:16.12.12:*:*:*:*:*:*:*', 'cpe:2.3:o:cisco:ios_xe:16.12.13:*:*:*:*:*:*:*', 'cpe:2.3:o:cisco:ios_xe:17.1.1:*:*:*:*:*:*:*', 'cpe:2.3:o:cisco:ios_xe:17.1.1a:*:*:*:*:*:*:*', 'cpe:2.3:o:cisco:ios_xe:17.1.1s:*:*:*:*:*:*:*', 'cpe:2.3:o:cisco:ios_xe:17.1.1t:*:*:*:*:*:*:*', 'cpe:2.3:o:cisco:ios_xe:17.1.3:*:*:*:*:*:*:*', 'cpe:2.3:o:cisco:ios_xe:17.2.1:*:*:*:*:*:*:*', 'cpe:2.3:o:cisco:ios_xe:17.2.1a:*:*:*:*:*:*:*', 'cpe:2.3:o:cisco:ios_xe:17.2.1r:*:*:*:*:*:*:*', 'cpe:2.3:o:cisco:ios_xe:17.2.1v:*:*:*:*:*:*:*', 'cpe:2.3:o:cisco:ios_xe:17.2.2:*:*:*:*:*:*:*', 'cpe:2.3:o:cisco:ios_xe:17.2.3:*:*:*:*:*:*:*', 'cpe:2.3:o:cisco:ios_xe:17.3.1:*:*:*:*:*:*:*', 'cpe:2.3:o:cisco:ios_xe:17.3.1a:*:*:*:*:*:*:*', 'cpe:2.3:o:cisco:ios_xe:17.3.1w:*:*:*:*:*:*:*', 'cpe:2.3:o:cisco:ios_xe:17.3.1x:*:*:*:*:*:*:*', 'cpe:2.3:o:cisco:ios_xe:17.3.1z:*:*:*:*:*:*:*', 'cpe:2.3:o:cisco:ios_xe:17.3.2:*:*:*:*:*:*:*', 'cpe:2.3:o:cisco:ios_xe:17.3.2a:*:*:*:*:*:*:*', 'cpe:2.3:o:cisco:ios_xe:17.3.3:*:*:*:*:*:*:*', 'cpe:2.3:o:cisco:ios_xe:17.3.4:*:*:*:*:*:*:*', 'cpe:2.3:o:cisco:ios_xe:17.3.4a:*:*:*:*:*:*:*', 'cpe:2.3:o:cisco:ios_xe:17.3.4b:*:*:*:*:*:*:*', 'cpe:2.3:o:cisco:ios_xe:17.3.4c:*:*:*:*:*:*:*', 'cpe:2.3:o:cisco:ios_xe:17.3.5:*:*:*:*:*:*:*', 'cpe:2.3:o:cisco:ios_xe:17.3.5a:*:*:*:*:*:*:*', 'cpe:2.3:o:cisco:ios_xe:17.3.5b:*:*:*:*:*:*:*', 'cpe:2.3:o:cisco:ios_xe:17.3.6:*:*:*:*:*:*:*', 'cpe:2.3:o:cisco:ios_xe:17.3.7:*:*:*:*:*:*:*', 'cpe:2.3:o:cisco:ios_xe:17.3.8:*:*:*:*:*:*:*', 'cpe:2.3:o:cisco:ios_xe:17.3.8a:*:*:*:*:*:*:*', 'cpe:2.3:o:cisco:ios_xe:17.4.1:*:*:*:*:*:*:*', 'cpe:2.3:o:cisco:ios_xe:17.4.1a:*:*:*:*:*:*:*', 'cpe:2.3:o:cisco:ios_xe:17.4.1b:*:*:*:*:*:*:*', 'cpe:2.3:o:cisco:ios_xe:17.4.2:*:*:*:*:*:*:*', 'cpe:2.3:o:cisco:ios_xe:17.4.2a:*:*:*:*:*:*:*', 'cpe:2.3:o:cisco:ios_xe:17.5.1:*:*:*:*:*:*:*', 'cpe:2.3:o:cisco:ios_xe:17.5.1a:*:*:*:*:*:*:*', 'cpe:2.3:o:cisco:ios_xe:17.6.1:*:*:*:*:*:*:*', 'cpe:2.3:o:cisco:ios_xe:17.6.1a:*:*:*:*:*:*:*', 'cpe:2.3:o:cisco:ios_xe:17.6.1w:*:*:*:*:*:*:*', 'cpe:2.3:o:cisco:ios_xe:17.6.1x:*:*:*:*:*:*:*', 'cpe:2.3:o:cisco:ios_xe:17.6.1y:*:*:*:*:*:*:*', 'cpe:2.3:o:cisco:ios_xe:17.6.1z:*:*:*:*:*:*:*', 'cpe:2.3:o:cisco:ios_xe:17.6.1z1:*:*:*:*:*:*:*', 'cpe:2.3:o:cisco:ios_xe:17.6.2:*:*:*:*:*:*:*', 'cpe:2.3:o:cisco:ios_xe:17.6.3:*:*:*:*:*:*:*', 'cpe:2.3:o:cisco:ios_xe:17.6.3a:*:*:*:*:*:*:*', 'cpe:2.3:o:cisco:ios_xe:17.6.4:*:*:*:*:*:*:*', 'cpe:2.3:o:cisco:ios_xe:17.6.5:*:*:*:*:*:*:*', 'cpe:2.3:o:cisco:ios_xe:17.6.5a:*:*:*:*:*:*:*', 'cpe:2.3:o:cisco:ios_xe:17.6.6:*:*:*:*:*:*:*', 'cpe:2.3:o:cisco:ios_xe:17.6.6a:*:*:*:*:*:*:*', 'cpe:2.3:o:cisco:ios_xe:17.6.7:*:*:*:*:*:*:*', 'cpe:2.3:o:cisco:ios_xe:17.6.8:*:*:*:*:*:*:*', 'cpe:2.3:o:cisco:ios_xe:17.6.8a:*:*:*:*:*:*:*', 'cpe:2.3:o:cisco:ios_xe:17.7.1:*:*:*:*:*:*:*', 'cpe:2.3:o:cisco:ios_xe:17.7.1a:*:*:*:*:*:*:*', 'cpe:2.3:o:cisco:ios_xe:17.7.1b:*:*:*:*:*:*:*', 'cpe:2.3:o:cisco:ios_xe:17.7.2:*:*:*:*:*:*:*', 'cpe:2.3:o:cisco:ios_xe:17.8.1:*:*:*:*:*:*:*', 'cpe:2.3:o:cisco:ios_xe:17.8.1a:*:*:*:*:*:*:*', 'cpe:2.3:o:cisco:ios_xe:17.9.1:*:*:*:*:*:*:*', 'cpe:2.3:o:cisco:ios_xe:17.9.1a:*:*:*:*:*:*:*', 'cpe:2.3:o:cisco:ios_xe:17.9.1w:*:*:*:*:*:*:*', 'cpe:2.3:o:cisco:ios_xe:17.9.1x:*:*:*:*:*:*:*', 'cpe:2.3:o:cisco:ios_xe:17.9.1x1:*:*:*:*:*:*:*', 'cpe:2.3:o:cisco:ios_xe:17.9.1y:*:*:*:*:*:*:*', 'cpe:2.3:o:cisco:ios_xe:17.9.1y1:*:*:*:*:*:*:*', 'cpe:2.3:o:cisco:ios_xe:17.9.2:*:*:*:*:*:*:*', 'cpe:2.3:o:cisco:ios_xe:17.9.2a:*:*:*:*:*:*:*', 'cpe:2.3:o:cisco:ios_xe:17.9.3:*:*:*:*:*:*:*', 'cpe:2.3:o:cisco:ios_xe:17.9.3a:*:*:*:*:*:*:*', 'cpe:2.3:o:cisco:ios_xe:17.9.4:*:*:*:*:*:*:*', 'cpe:2.3:o:cisco:ios_xe:17.9.4a:*:*:*:*:*:*:*', 'cpe:2.3:o:cisco:ios_xe:17.9.5:*:*:*:*:*:*:*', 'cpe:2.3:o:cisco:ios_xe:17.9.5a:*:*:*:*:*:*:*', 'cpe:2.3:o:cisco:ios_xe:17.9.5b:*:*:*:*:*:*:*', 'cpe:2.3:o:cisco:ios_xe:17.9.5e:*:*:*:*:*:*:*', 'cpe:2.3:o:cisco:ios_xe:17.9.5f:*:*:*:*:*:*:*', 'cpe:2.3:o:cisco:ios_xe:17.9.6:*:*:*:*:*:*:*', 'cpe:2.3:o:cisco:ios_xe:17.9.6a:*:*:*:*:*:*:*', 'cpe:2.3:o:cisco:ios_xe:17.9.7:*:*:*:*:*:*:*', 'cpe:2.3:o:cisco:ios_xe:17.9.7a:*:*:*:*:*:*:*', 'cpe:2.3:o:cisco:ios_xe:17.9.7b:*:*:*:*:*:*:*', 'cpe:2.3:o:cisco:ios_xe:17.10.1:*:*:*:*:*:*:*', 'cpe:2.3:o:cisco:ios_xe:17.10.1a:*:*:*:*:*:*:*', 'cpe:2.3:o:cisco:ios_xe:17.10.1b:*:*:*:*:*:*:*', 'cpe:2.3:o:cisco:ios_xe:17.11.1:*:*:*:*:*:*:*', 'cpe:2.3:o:cisco:ios_xe:17.11.1a:*:*:*:*:*:*:*', 'cpe:2.3:o:cisco:ios_xe:17.12.1:*:*:*:*:*:*:*', 'cpe:2.3:o:cisco:ios_xe:17.12.1a:*:*:*:*:*:*:*', 'cpe:2.3:o:cisco:ios_xe:17.12.1w:*:*:*:*:*:*:*', 'cpe:2.3:o:cisco:ios_xe:17.12.1x:*:*:*:*:*:*:*', 'cpe:2.3:o:cisco:ios_xe:17.12.1y:*:*:*:*:*:*:*', 'cpe:2.3:o:cisco:ios_xe:17.12.1z:*:*:*:*:*:*:*', 'cpe:2.3:o:cisco:ios_xe:17.12.1z1:*:*:*:*:*:*:*', 'cpe:2.3:o:cisco:ios_xe:17.12.1z2:*:*:*:*:*:*:*', 'cpe:2.3:o:cisco:ios_xe:17.12.1z3:*:*:*:*:*:*:*', 'cpe:2.3:o:cisco:ios_xe:17.12.1z4:*:*:*:*:*:*:*', 'cpe:2.3:o:cisco:ios_xe:17.12.2:*:*:*:*:*:*:*', 'cpe:2.3:o:cisco:ios_xe:17.12.2a:*:*:*:*:*:*:*', 'cpe:2.3:o:cisco:ios_xe:17.12.3:*:*:*:*:*:*:*', 'cpe:2.3:o:cisco:ios_xe:17.12.3a:*:*:*:*:*:*:*', 'cpe:2.3:o:cisco:ios_xe:17.12.4:*:*:*:*:*:*:*', 'cpe:2.3:o:cisco:ios_xe:17.12.4a:*:*:*:*:*:*:*', 'cpe:2.3:o:cisco:ios_xe:17.12.4b:*:*:*:*:*:*:*', 'cpe:2.3:o:cisco:ios_xe:17.12.5:*:*:*:*:*:*:*', 'cpe:2.3:o:cisco:ios_xe:17.12.5a:*:*:*:*:*:*:*', 'cpe:2.3:o:cisco:ios_xe:17.12.5b:*:*:*:*:*:*:*', 'cpe:2.3:o:cisco:ios_xe:17.12.5c:*:*:*:*:*:*:*', 'cpe:2.3:o:cisco:ios_xe:17.13.1:*:*:*:*:*:*:*', 'cpe:2.3:o:cisco:ios_xe:17.13.1a:*:*:*:*:*:*:*', 'cpe:2.3:o:cisco:ios_xe:17.14.1:*:*:*:*:*:*:*', 'cpe:2.3:o:cisco:ios_xe:17.14.1a:*:*:*:*:*:*:*', 'cpe:2.3:o:cisco:ios_xe:17.15.1:*:*:*:*:*:*:*', 'cpe:2.3:o:cisco:ios_xe:17.15.1a:*:*:*:*:*:*:*', 'cpe:2.3:o:cisco:ios_xe:17.15.1b:*:*:*:*:*:*:*', 'cpe:2.3:o:cisco:ios_xe:17.15.1w:*:*:*:*:*:*:*', 'cpe:2.3:o:cisco:ios_xe:17.15.1x:*:*:*:*:*:*:*', 'cpe:2.3:o:cisco:ios_xe:17.15.1y:*:*:*:*:*:*:*', 'cpe:2.3:o:cisco:ios_xe:17.15.1z:*:*:*:*:*:*:*', 'cpe:2.3:o:cisco:ios_xe:17.15.2:*:*:*:*:*:*:*', 'cpe:2.3:o:cisco:ios_xe:17.15.2a:*:*:*:*:*:*:*', 'cpe:2.3:o:cisco:ios_xe:17.15.2b:*:*:*:*:*:*:*', 'cpe:2.3:o:cisco:ios_xe:17.15.2c:*:*:*:*:*:*:*', 'cpe:2.3:o:cisco:ios_xe:17.15.3:*:*:*:*:*:*:*', 'cpe:2.3:o:cisco:ios_xe:17.15.3a:*:*:*:*:*:*:*', 'cpe:2.3:o:cisco:ios_xe:17.15.3b:*:*:*:*:*:*:*', 'cpe:2.3:o:cisco:ios_xe:17.15.4:*:*:*:*:*:*:*', 'cpe:2.3:o:cisco:ios_xe:17.16.1:*:*:*:*:*:*:*', 'cpe:2.3:o:cisco:ios_xe:17.16.1a:*:*:*:*:*:*:*', 'cpe:2.3:o:cisco:ios_xe:17.17.1:*:*:*:*:*:*:*', 'cpe:2.3:o:cisco:ios_xe:17.18.1:*:*:*:*:*:*:*', 'cpe:2.3:o:cisco:ios:12.2\\(33\\)sxi:*:*:*:*:*:*:*', 'cpe:2.3:o:cisco:ios:12.2\\(33\\)sxi1:*:*:*:*:*:*:*', 'cpe:2.3:o:cisco:ios:12.2\\(33\\)sxi2:*:*:*:*:*:*:*', 'cpe:2.3:o:cisco:ios:12.2\\(33\\)sxi2a:*:*:*:*:*:*:*', 'cpe:2.3:o:cisco:ios:12.2\\(33\\)sxi3:*:*:*:*:*:*:*', 'cpe:2.3:o:cisco:ios:12.2\\(33\\)sxi4:*:*:*:*:*:*:*', 'cpe:2.3:o:cisco:ios:12.2\\(33\\)sxi4a:*:*:*:*:*:*:*', 'cpe:2.3:o:cisco:ios:12.2\\(33\\)sxi5:*:*:*:*:*:*:*', 'cpe:2.3:o:cisco:ios:12.2\\(33\\)sxi6:*:*:*:*:*:*:*', 'cpe:2.3:o:cisco:ios:12.2\\(33\\)sxi7:*:*:*:*:*:*:*', 'cpe:2.3:o:cisco:ios:12.2\\(33\\)sxi8:*:*:*:*:*:*:*', 'cpe:2.3:o:cisco:ios:12.2\\(33\\)sxi8a:*:*:*:*:*:*:*', 'cpe:2.3:o:cisco:ios:12.2\\(33\\)sxi9:*:*:*:*:*:*:*', 'cpe:2.3:o:cisco:ios:12.2\\(33\\)sxi10:*:*:*:*:*:*:*', 'cpe:2.3:o:cisco:ios:12.2\\(33\\)sxi11:*:*:*:*:*:*:*', 'cpe:2.3:o:cisco:ios:12.2\\(33\\)sxi12:*:*:*:*:*:*:*', 'cpe:2.3:o:cisco:ios:12.2\\(33\\)sxi13:*:*:*:*:*:*:*', 'cpe:2.3:o:cisco:ios:12.2\\(33\\)sxi14:*:*:*:*:*:*:*', 'cpe:2.3:o:cisco:ios:12.2\\(33\\)sxj:*:*:*:*:*:*:*', 'cpe:2.3:o:cisco:ios:12.2\\(33\\)sxj1:*:*:*:*:*:*:*', 'cpe:2.3:o:cisco:ios:12.2\\(33\\)sxj2:*:*:*:*:*:*:*', 'cpe:2.3:o:cisco:ios:12.2\\(33\\)sxj3:*:*:*:*:*:*:*', 'cpe:2.3:o:cisco:ios:12.2\\(33\\)sxj4:*:*:*:*:*:*:*', 'cpe:2.3:o:cisco:ios:12.2\\(33\\)sxj5:*:*:*:*:*:*:*', 'cpe:2.3:o:cisco:ios:12.2\\(33\\)sxj6:*:*:*:*:*:*:*', 'cpe:2.3:o:cisco:ios:12.2\\(33\\)sxj7:*:*:*:*:*:*:*', 'cpe:2.3:o:cisco:ios:12.2\\(33\\)sxj8:*:*:*:*:*:*:*', 'cpe:2.3:o:cisco:ios:12.2\\(33\\)sxj9:*:*:*:*:*:*:*', 'cpe:2.3:o:cisco:ios:12.2\\(33\\)sxj10:*:*:*:*:*:*:*', 'cpe:2.3:o:cisco:ios:12.2\\(50\\)sq:*:*:*:*:*:*:*', 'cpe:2.3:o:cisco:ios:12.2\\(50\\)sq1:*:*:*:*:*:*:*', 'cpe:2.3:o:cisco:ios:12.2\\(50\\)sq2:*:*:*:*:*:*:*', 'cpe:2.3:o:cisco:ios:12.2\\(50\\)sq3:*:*:*:*:*:*:*', 'cpe:2.3:o:cisco:ios:12.2\\(50\\)sq4:*:*:*:*:*:*:*', 'cpe:2.3:o:cisco:ios:12.2\\(50\\)sq5:*:*:*:*:*:*:*', 'cpe:2.3:o:cisco:ios:12.2\\(50\\)sq6:*:*:*:*:*:*:*', 'cpe:2.3:o:cisco:ios:12.2\\(50\\)sq7:*:*:*:*:*:*:*', 'cpe:2.3:o:cisco:ios:12.2\\(53\\)ez:*:*:*:*:*:*:*', 'cpe:2.3:o:cisco:ios:12.2\\(55\\)ez:*:*:*:*:*:*:*', 'cpe:2.3:o:cisco:ios:12.2\\(55\\)se:*:*:*:*:*:*:*', 'cpe:2.3:o:cisco:ios:12.2\\(55\\)se1:*:*:*:*:*:*:*', 'cpe:2.3:o:cisco:ios:12.2\\(55\\)se2:*:*:*:*:*:*:*', 'cpe:2.3:o:cisco:ios:12.2\\(55\\)se3:*:*:*:*:*:*:*', 'cpe:2.3:o:cisco:ios:12.2\\(55\\)se4:*:*:*:*:*:*:*', 'cpe:2.3:o:cisco:ios:12.2\\(55\\)se5:*:*:*:*:*:*:*', 'cpe:2.3:o:cisco:ios:12.2\\(55\\)se6:*:*:*:*:*:*:*', 'cpe:2.3:o:cisco:ios:12.2\\(55\\)se7:*:*:*:*:*:*:*', 'cpe:2.3:o:cisco:ios:12.2\\(55\\)se8:*:*:*:*:*:*:*', 'cpe:2.3:o:cisco:ios:12.2\\(55\\)se9:*:*:*:*:*:*:*', 'cpe:2.3:o:cisco:ios:12.2\\(55\\)se10:*:*:*:*:*:*:*', 'cpe:2.3:o:cisco:ios:12.2\\(55\\)se11:*:*:*:*:*:*:*', 'cpe:2.3:o:cisco:ios:12.2\\(55\\)se12:*:*:*:*:*:*:*', 'cpe:2.3:o:cisco:ios:12.2\\(55\\)se13:*:*:*:*:*:*:*', 'cpe:2.3:o:cisco:ios:12.2\\(58\\)ez:*:*:*:*:*:*:*', 'cpe:2.3:o:cisco:ios:12.2\\(58\\)se:*:*:*:*:*:*:*', 'cpe:2.3:o:cisco:ios:12.2\\(58\\)se1:*:*:*:*:*:*:*', 'cpe:2.3:o:cisco:ios:12.2\\(58\\)se2:*:*:*:*:*:*:*', 'cpe:2.3:o:cisco:ios:12.2\\(60\\)ez:*:*:*:*:*:*:*', 'cpe:2.3:o:cisco:ios:12.2\\(60\\)ez1:*:*:*:*:*:*:*', 'cpe:2.3:o:cisco:ios:12.2\\(60\\)ez2:*:*:*:*:*:*:*', 'cpe:2.3:o:cisco:ios:12.2\\(60\\)ez3:*:*:*:*:*:*:*', 'cpe:2.3:o:cisco:ios:12.2\\(60\\)ez4:*:*:*:*:*:*:*', 'cpe:2.3:o:cisco:ios:12.2\\(60\\)ez5:*:*:*:*:*:*:*', 'cpe:2.3:o:cisco:ios:12.2\\(60\\)ez6:*:*:*:*:*:*:*', 'cpe:2.3:o:cisco:ios:12.2\\(60\\)ez7:*:*:*:*:*:*:*', 'cpe:2.3:o:cisco:ios:12.2\\(60\\)ez8:*:*:*:*:*:*:*', 'cpe:2.3:o:cisco:ios:12.2\\(60\\)ez9:*:*:*:*:*:*:*', 'cpe:2.3:o:cisco:ios:12.2\\(60\\)ez10:*:*:*:*:*:*:*', 'cpe:2.3:o:cisco:ios:12.2\\(60\\)ez11:*:*:*:*:*:*:*', 'cpe:2.3:o:cisco:ios:12.2\\(60\\)ez12:*:*:*:*:*:*:*', 'cpe:2.3:o:cisco:ios:12.2\\(60\\)ez13:*:*:*:*:*:*:*', 'cpe:2.3:o:cisco:ios:12.2\\(60\\)ez14:*:*:*:*:*:*:*', 'cpe:2.3:o:cisco:ios:12.2\\(60\\)ez15:*:*:*:*:*:*:*', 'cpe:2.3:o:cisco:ios:15.0\\(1\\)ey:*:*:*:*:*:*:*', 'cpe:2.3:o:cisco:ios:15.0\\(1\\)ey1:*:*:*:*:*:*:*', 'cpe:2.3:o:cisco:ios:15.0\\(1\\)ey2:*:*:*:*:*:*:*', 'cpe:2.3:o:cisco:ios:15.0\\(1\\)se:*:*:*:*:*:*:*', 'cpe:2.3:o:cisco:ios:15.0\\(1\\)se1:*:*:*:*:*:*:*', 'cpe:2.3:o:cisco:ios:15.0\\(1\\)se2:*:*:*:*:*:*:*', 'cpe:2.3:o:cisco:ios:15.0\\(1\\)se3:*:*:*:*:*:*:*', 'cpe:2.3:o:cisco:ios:15.0\\(1\\)sy:*:*:*:*:*:*:*', 'cpe:2.3:o:cisco:ios:15.0\\(1\\)sy1:*:*:*:*:*:*:*', 'cpe:2.3:o:cisco:ios:15.0\\(1\\)sy2:*:*:*:*:*:*:*', 'cpe:2.3:o:cisco:ios:15.0\\(1\\)sy3:*:*:*:*:*:*:*', 'cpe:2.3:o:cisco:ios:15.0\\(1\\)sy4:*:*:*:*:*:*:*', 'cpe:2.3:o:cisco:ios:15.0\\(1\\)sy5:*:*:*:*:*:*:*', 'cpe:2.3:o:cisco:ios:15.0\\(1\\)sy6:*:*:*:*:*:*:*', 'cpe:2.3:o:cisco:ios:15.0\\(1\\)sy7:*:*:*:*:*:*:*', 'cpe:2.3:o:cisco:ios:15.0\\(1\\)sy7a:*:*:*:*:*:*:*', 'cpe:2.3:o:cisco:ios:15.0\\(1\\)sy8:*:*:*:*:*:*:*', 'cpe:2.3:o:cisco:ios:15.0\\(1\\)sy9:*:*:*:*:*:*:*', 'cpe:2.3:o:cisco:ios:15.0\\(1\\)sy10:*:*:*:*:*:*:*', 'cpe:2.3:o:cisco:ios:15.0\\(2\\)ea:*:*:*:*:*:*:*', 'cpe:2.3:o:cisco:ios:15.0\\(2\\)ea1:*:*:*:*:*:*:*', 'cpe:2.3:o:cisco:ios:15.0\\(2\\)ej:*:*:*:*:*:*:*', 'cpe:2.3:o:cisco:ios:15.0\\(2\\)ej1:*:*:*:*:*:*:*', 'cpe:2.3:o:cisco:ios:15.0\\(2\\)ek:*:*:*:*:*:*:*', 'cpe:2.3:o:cisco:ios:15.0\\(2\\)ek1:*:*:*:*:*:*:*', 'cpe:2.3:o:cisco:ios:15.0\\(2\\)ey:*:*:*:*:*:*:*', 'cpe:2.3:o:cisco:ios:15.0\\(2\\)ey1:*:*:*:*:*:*:*', 'cpe:2.3:o:cisco:ios:15.0\\(2\\)ey2:*:*:*:*:*:*:*', 'cpe:2.3:o:cisco:ios:15.0\\(2\\)ey3:*:*:*:*:*:*:*', 'cpe:2.3:o:cisco:ios:15.0\\(2\\)se:*:*:*:*:*:*:*', 'cpe:2.3:o:cisco:ios:15.0\\(2\\)se1:*:*:*:*:*:*:*', 'cpe:2.3:o:cisco:ios:15.0\\(2\\)se2:*:*:*:*:*:*:*', 'cpe:2.3:o:cisco:ios:15.0\\(2\\)se3:*:*:*:*:*:*:*', 'cpe:2.3:o:cisco:ios:15.0\\(2\\)se4:*:*:*:*:*:*:*', 'cpe:2.3:o:cisco:ios:15.0\\(2\\)se5:*:*:*:*:*:*:*', 'cpe:2.3:o:cisco:ios:15.0\\(2\\)se6:*:*:*:*:*:*:*', 'cpe:2.3:o:cisco:ios:15.0\\(2\\)se7:*:*:*:*:*:*:*', 'cpe:2.3:o:cisco:ios:15.0\\(2\\)se8:*:*:*:*:*:*:*', 'cpe:2.3:o:cisco:ios:15.0\\(2\\)se9:*:*:*:*:*:*:*', 'cpe:2.3:o:cisco:ios:15.0\\(2\\)se10:*:*:*:*:*:*:*', 'cpe:2.3:o:cisco:ios:15.0\\(2\\)se10a:*:*:*:*:*:*:*', 'cpe:2.3:o:cisco:ios:15.0\\(2\\)se11:*:*:*:*:*:*:*', 'cpe:2.3:o:cisco:ios:15.0\\(2\\)se12:*:*:*:*:*:*:*', 'cpe:2.3:o:cisco:ios:15.0\\(2\\)se13:*:*:*:*:*:*:*', 'cpe:2.3:o:cisco:ios:15.0\\(2\\)sg:*:*:*:*:*:*:*', 'cpe:2.3:o:cisco:ios:15.0\\(2\\)sg1:*:*:*:*:*:*:*', 'cpe:2.3:o:cisco:ios:15.0\\(2\\)sg2:*:*:*:*:*:*:*', 'cpe:2.3:o:cisco:ios:15.0\\(2\\)sg3:*:*:*:*:*:*:*', 'cpe:2.3:o:cisco:ios:15.0\\(2\\)sg4:*:*:*:*:*:*:*', 'cpe:2.3:o:cisco:ios:15.0\\(2\\)sg5:*:*:*:*:*:*:*', 'cpe:2.3:o:cisco:ios:15.0\\(2\\)sg6:*:*:*:*:*:*:*', 'cpe:2.3:o:cisco:ios:15.0\\(2\\)sg7:*:*:*:*:*:*:*', 'cpe:2.3:o:cisco:ios:15.0\\(2\\)sg8:*:*:*:*:*:*:*', 'cpe:2.3:o:cisco:ios:15.0\\(2\\)sg9:*:*:*:*:*:*:*', 'cpe:2.3:o:cisco:ios:15.0\\(2\\)sg10:*:*:*:*:*:*:*', 'cpe:2.3:o:cisco:ios:15.0\\(2\\)sg11:*:*:*:*:*:*:*', 'cpe:2.3:o:cisco:ios:15.0\\(2\\)sqd:*:*:*:*:*:*:*', 'cpe:2.3:o:cisco:ios:15.0\\(2\\)sqd1:*:*:*:*:*:*:*', 'cpe:2.3:o:cisco:ios:15.0\\(2\\)sqd2:*:*:*:*:*:*:*', 'cpe:2.3:o:cisco:ios:15.0\\(2\\)sqd3:*:*:*:*:*:*:*', 'cpe:2.3:o:cisco:ios:15.0\\(2\\)sqd4:*:*:*:*:*:*:*', 'cpe:2.3:o:cisco:ios:15.0\\(2\\)sqd5:*:*:*:*:*:*:*', 'cpe:2.3:o:cisco:ios:15.0\\(2\\)sqd6:*:*:*:*:*:*:*', 'cpe:2.3:o:cisco:ios:15.0\\(2\\)sqd7:*:*:*:*:*:*:*', 'cpe:2.3:o:cisco:ios:15.0\\(2\\)sqd8:*:*:*:*:*:*:*', 'cpe:2.3:o:cisco:ios:15.1\\(1\\)sg:*:*:*:*:*:*:*', 'cpe:2.3:o:cisco:ios:15.1\\(1\\)sg1:*:*:*:*:*:*:*', 'cpe:2.3:o:cisco:ios:15.1\\(1\\)sg2:*:*:*:*:*:*:*', 'cpe:2.3:o:cisco:ios:15.1\\(1\\)sy:*:*:*:*:*:*:*', 'cpe:2.3:o:cisco:ios:15.1\\(1\\)sy1:*:*:*:*:*:*:*', 'cpe:2.3:o:cisco:ios:15.1\\(1\\)sy2:*:*:*:*:*:*:*', 'cpe:2.3:o:cisco:ios:15.1\\(1\\)sy3:*:*:*:*:*:*:*', 'cpe:2.3:o:cisco:ios:15.1\\(1\\)sy4:*:*:*:*:*:*:*', 'cpe:2.3:o:cisco:ios:15.1\\(1\\)sy5:*:*:*:*:*:*:*', 'cpe:2.3:o:cisco:ios:15.1\\(1\\)sy6:*:*:*:*:*:*:*', 'cpe:2.3:o:cisco:ios:15.1\\(2\\)sg:*:*:*:*:*:*:*', 'cpe:2.3:o:cisco:ios:15.1\\(2\\)sg1:*:*:*:*:*:*:*', 'cpe:2.3:o:cisco:ios:15.1\\(2\\)sg2:*:*:*:*:*:*:*', 'cpe:2.3:o:cisco:ios:15.1\\(2\\)sg3:*:*:*:*:*:*:*', 'cpe:2.3:o:cisco:ios:15.1\\(2\\)sg4:*:*:*:*:*:*:*', 'cpe:2.3:o:cisco:ios:15.1\\(2\\)sg5:*:*:*:*:*:*:*', 'cpe:2.3:o:cisco:ios:15.1\\(2\\)sg6:*:*:*:*:*:*:*', 'cpe:2.3:o:cisco:ios:15.1\\(2\\)sg7:*:*:*:*:*:*:*', 'cpe:2.3:o:cisco:ios:15.1\\(2\\)sg8:*:*:*:*:*:*:*', 'cpe:2.3:o:cisco:ios:15.1\\(2\\)sy:*:*:*:*:*:*:*', 'cpe:2.3:o:cisco:ios:15.1\\(2\\)sy1:*:*:*:*:*:*:*', 'cpe:2.3:o:cisco:ios:15.1\\(2\\)sy2:*:*:*:*:*:*:*', 'cpe:2.3:o:cisco:ios:15.1\\(2\\)sy3:*:*:*:*:*:*:*', 'cpe:2.3:o:cisco:ios:15.1\\(2\\)sy4:*:*:*:*:*:*:*', 'cpe:2.3:o:cisco:ios:15.1\\(2\\)sy4a:*:*:*:*:*:*:*', 'cpe:2.3:o:cisco:ios:15.1\\(2\\)sy5:*:*:*:*:*:*:*', 'cpe:2.3:o:cisco:ios:15.1\\(2\\)sy6:*:*:*:*:*:*:*', 'cpe:2.3:o:cisco:ios:15.1\\(2\\)sy7:*:*:*:*:*:*:*', 'cpe:2.3:o:cisco:ios:15.1\\(2\\)sy8:*:*:*:*:*:*:*', 'cpe:2.3:o:cisco:ios:15.1\\(2\\)sy9:*:*:*:*:*:*:*', 'cpe:2.3:o:cisco:ios:15.1\\(2\\)sy10:*:*:*:*:*:*:*', 'cpe:2.3:o:cisco:ios:15.1\\(2\\)sy11:*:*:*:*:*:*:*', 'cpe:2.3:o:cisco:ios:15.1\\(2\\)sy12:*:*:*:*:*:*:*', 'cpe:2.3:o:cisco:ios:15.1\\(2\\)sy13:*:*:*:*:*:*:*', 'cpe:2.3:o:cisco:ios:15.1\\(2\\)sy14:*:*:*:*:*:*:*', 'cpe:2.3:o:cisco:ios:15.1\\(2\\)sy15:*:*:*:*:*:*:*', 'cpe:2.3:o:cisco:ios:15.1\\(2\\)sy16:*:*:*:*:*:*:*', 'cpe:2.3:o:cisco:ios:15.2\\(1\\)e:*:*:*:*:*:*:*', 'cpe:2.3:o:cisco:ios:15.2\\(1\\)e1:*:*:*:*:*:*:*', 'cpe:2.3:o:cisco:ios:15.2\\(1\\)e2:*:*:*:*:*:*:*', 'cpe:2.3:o:cisco:ios:15.2\\(1\\)e3:*:*:*:*:*:*:*', 'cpe:2.3:o:cisco:ios:15.2\\(1\\)ey:*:*:*:*:*:*:*', 'cpe:2.3:o:cisco:ios:15.2\\(1\\)sy:*:*:*:*:*:*:*', 'cpe:2.3:o:cisco:ios:15.2\\(1\\)sy0a:*:*:*:*:*:*:*', 'cpe:2.3:o:cisco:ios:15.2\\(1\\)sy1:*:*:*:*:*:*:*', 'cpe:2.3:o:cisco:ios:15.2\\(1\\)sy1a:*:*:*:*:*:*:*', 'cpe:2.3:o:cisco:ios:15.2\\(1\\)sy2:*:*:*:*:*:*:*', 'cpe:2.3:o:cisco:ios:15.2\\(1\\)sy3:*:*:*:*:*:*:*', 'cpe:2.3:o:cisco:ios:15.2\\(1\\)sy4:*:*:*:*:*:*:*', 'cpe:2.3:o:cisco:ios:15.2\\(1\\)sy5:*:*:*:*:*:*:*', 'cpe:2.3:o:cisco:ios:15.2\\(1\\)sy6:*:*:*:*:*:*:*', 'cpe:2.3:o:cisco:ios:15.2\\(1\\)sy7:*:*:*:*:*:*:*', 'cpe:2.3:o:cisco:ios:15.2\\(1\\)sy8:*:*:*:*:*:*:*', 'cpe:2.3:o:cisco:ios:15.2\\(2\\)e:*:*:*:*:*:*:*', 'cpe:2.3:o:cisco:ios:15.2\\(2\\)e1:*:*:*:*:*:*:*', 'cpe:2.3:o:cisco:ios:15.2\\(2\\)e2:*:*:*:*:*:*:*', 'cpe:2.3:o:cisco:ios:15.2\\(2\\)e3:*:*:*:*:*:*:*', 'cpe:2.3:o:cisco:ios:15.2\\(2\\)e4:*:*:*:*:*:*:*', 'cpe:2.3:o:cisco:ios:15.2\\(2\\)e5:*:*:*:*:*:*:*', 'cpe:2.3:o:cisco:ios:15.2\\(2\\)e5a:*:*:*:*:*:*:*', 'cpe:2.3:o:cisco:ios:15.2\\(2\\)e5b:*:*:*:*:*:*:*', 'cpe:2.3:o:cisco:ios:15.2\\(2\\)e6:*:*:*:*:*:*:*', 'cpe:2.3:o:cisco:ios:15.2\\(2\\)e7:*:*:*:*:*:*:*', 'cpe:2.3:o:cisco:ios:15.2\\(2\\)e8:*:*:*:*:*:*:*', 'cpe:2.3:o:cisco:ios:15.2\\(2\\)e9:*:*:*:*:*:*:*', 'cpe:2.3:o:cisco:ios:15.2\\(2\\)e10:*:*:*:*:*:*:*', 'cpe:2.3:o:cisco:ios:15.2\\(2\\)ea:*:*:*:*:*:*:*', 'cpe:2.3:o:cisco:ios:15.2\\(2\\)ea1:*:*:*:*:*:*:*', 'cpe:2.3:o:cisco:ios:15.2\\(2\\)ea2:*:*:*:*:*:*:*', 'cpe:2.3:o:cisco:ios:15.2\\(2\\)ea3:*:*:*:*:*:*:*', 'cpe:2.3:o:cisco:ios:15.2\\(2\\)gc:*:*:*:*:*:*:*', 'cpe:2.3:o:cisco:ios:15.2\\(2\\)jax:*:*:*:*:*:*:*', 'cpe:2.3:o:cisco:ios:15.2\\(2\\)jb:*:*:*:*:*:*:*', 'cpe:2.3:o:cisco:ios:15.2\\(2\\)jb2:*:*:*:*:*:*:*', 'cpe:2.3:o:cisco:ios:15.2\\(2\\)jb3:*:*:*:*:*:*:*', 'cpe:2.3:o:cisco:ios:15.2\\(2\\)jb4:*:*:*:*:*:*:*', 'cpe:2.3:o:cisco:ios:15.2\\(2\\)jb5:*:*:*:*:*:*:*', 'cpe:2.3:o:cisco:ios:15.2\\(2\\)jb6:*:*:*:*:*:*:*', 'cpe:2.3:o:cisco:ios:15.2\\(2\\)sy:*:*:*:*:*:*:*', 'cpe:2.3:o:cisco:ios:15.2\\(2\\)sy1:*:*:*:*:*:*:*', 'cpe:2.3:o:cisco:ios:15.2\\(2\\)sy2:*:*:*:*:*:*:*', 'cpe:2.3:o:cisco:ios:15.2\\(2\\)sy3:*:*:*:*:*:*:*', 'cpe:2.3:o:cisco:ios:15.2\\(2a\\)e1:*:*:*:*:*:*:*', 'cpe:2.3:o:cisco:ios:15.2\\(2a\\)e2:*:*:*:*:*:*:*', 'cpe:2.3:o:cisco:ios:15.2\\(3\\)e:*:*:*:*:*:*:*', 'cpe:2.3:o:cisco:ios:15.2\\(3\\)e1:*:*:*:*:*:*:*', 'cpe:2.3:o:cisco:ios:15.2\\(3\\)e2:*:*:*:*:*:*:*', 'cpe:2.3:o:cisco:ios:15.2\\(3\\)e3:*:*:*:*:*:*:*', 'cpe:2.3:o:cisco:ios:15.2\\(3\\)e4:*:*:*:*:*:*:*', 'cpe:2.3:o:cisco:ios:15.2\\(3\\)ea:*:*:*:*:*:*:*', 'cpe:2.3:o:cisco:ios:15.2\\(3\\)gc:*:*:*:*:*:*:*', 'cpe:2.3:o:cisco:ios:15.2\\(3\\)gc1:*:*:*:*:*:*:*', 'cpe:2.3:o:cisco:ios:15.2\\(3a\\)e:*:*:*:*:*:*:*', 'cpe:2.3:o:cisco:ios:15.2\\(4\\)e:*:*:*:*:*:*:*', 'cpe:2.3:o:cisco:ios:15.2\\(4\\)e1:*:*:*:*:*:*:*', 'cpe:2.3:o:cisco:ios:15.2\\(4\\)e2:*:*:*:*:*:*:*', 'cpe:2.3:o:cisco:ios:15.2\\(4\\)e3:*:*:*:*:*:*:*', 'cpe:2.3:o:cisco:ios:15.2\\(4\\)e4:*:*:*:*:*:*:*', 'cpe:2.3:o:cisco:ios:15.2\\(4\\)e5:*:*:*:*:*:*:*', 'cpe:2.3:o:cisco:ios:15.2\\(4\\)e6:*:*:*:*:*:*:*', 'cpe:2.3:o:cisco:ios:15.2\\(4\\)e7:*:*:*:*:*:*:*', 'cpe:2.3:o:cisco:ios:15.2\\(4\\)e8:*:*:*:*:*:*:*', 'cpe:2.3:o:cisco:ios:15.2\\(4\\)e9:*:*:*:*:*:*:*', 'cpe:2.3:o:cisco:ios:15.2\\(4\\)e10:*:*:*:*:*:*:*', 'cpe:2.3:o:cisco:ios:15.2\\(4\\)e10a:*:*:*:*:*:*:*', 'cpe:2.3:o:cisco:ios:15.2\\(4\\)e10d:*:*:*:*:*:*:*', 'cpe:2.3:o:cisco:ios:15.2\\(4\\)ea:*:*:*:*:*:*:*', 'cpe:2.3:o:cisco:ios:15.2\\(4\\)ea1:*:*:*:*:*:*:*', 'cpe:2.3:o:cisco:ios:15.2\\(4\\)ea3:*:*:*:*:*:*:*', 'cpe:2.3:o:cisco:ios:15.2\\(4\\)ea4:*:*:*:*:*:*:*', 'cpe:2.3:o:cisco:ios:15.2\\(4\\)ea5:*:*:*:*:*:*:*', 'cpe:2.3:o:cisco:ios:15.2\\(4\\)ea6:*:*:*:*:*:*:*', 'cpe:2.3:o:cisco:ios:15.2\\(4\\)ea7:*:*:*:*:*:*:*', 'cpe:2.3:o:cisco:ios:15.2\\(4\\)ea8:*:*:*:*:*:*:*', 'cpe:2.3:o:cisco:ios:15.2\\(4\\)ea9:*:*:*:*:*:*:*', 'cpe:2.3:o:cisco:ios:15.2\\(4\\)ea9a:*:*:*:*:*:*:*', 'cpe:2.3:o:cisco:ios:15.2\\(4\\)ec1:*:*:*:*:*:*:*', 'cpe:2.3:o:cisco:ios:15.2\\(4\\)ec2:*:*:*:*:*:*:*', 'cpe:2.3:o:cisco:ios:15.2\\(4\\)gc:*:*:*:*:*:*:*', 'cpe:2.3:o:cisco:ios:15.2\\(4\\)gc1:*:*:*:*:*:*:*', 'cpe:2.3:o:cisco:ios:15.2\\(4\\)gc2:*:*:*:*:*:*:*', 'cpe:2.3:o:cisco:ios:15.2\\(4\\)gc3:*:*:*:*:*:*:*', 'cpe:2.3:o:cisco:ios:15.2\\(4\\)jb:*:*:*:*:*:*:*', 'cpe:2.3:o:cisco:ios:15.2\\(4\\)jb1:*:*:*:*:*:*:*', 'cpe:2.3:o:cisco:ios:15.2\\(4\\)jb2:*:*:*:*:*:*:*', 'cpe:2.3:o:cisco:ios:15.2\\(4\\)jb3:*:*:*:*:*:*:*', 'cpe:2.3:o:cisco:ios:15.2\\(4\\)jb3a:*:*:*:*:*:*:*', 'cpe:2.3:o:cisco:ios:15.2\\(4\\)jb3b:*:*:*:*:*:*:*', 'cpe:2.3:o:cisco:ios:15.2\\(4\\)jb3h:*:*:*:*:*:*:*', 'cpe:2.3:o:cisco:ios:15.2\\(4\\)jb4:*:*:*:*:*:*:*', 'cpe:2.3:o:cisco:ios:15.2\\(4\\)jb5:*:*:*:*:*:*:*', 'cpe:2.3:o:cisco:ios:15.2\\(4\\)jb6:*:*:*:*:*:*:*', 'cpe:2.3:o:cisco:ios:15.2\\(4\\)jn:*:*:*:*:*:*:*', 'cpe:2.3:o:cisco:ios:15.2\\(4\\)m:*:*:*:*:*:*:*', 'cpe:2.3:o:cisco:ios:15.2\\(4\\)m1:*:*:*:*:*:*:*', 'cpe:2.3:o:cisco:ios:15.2\\(4\\)m2:*:*:*:*:*:*:*', 'cpe:2.3:o:cisco:ios:15.2\\(4\\)m3:*:*:*:*:*:*:*', 'cpe:2.3:o:cisco:ios:15.2\\(4\\)m4:*:*:*:*:*:*:*', 'cpe:2.3:o:cisco:ios:15.2\\(4\\)m5:*:*:*:*:*:*:*', 'cpe:2.3:o:cisco:ios:15.2\\(4\\)m6:*:*:*:*:*:*:*', 'cpe:2.3:o:cisco:ios:15.2\\(4\\)m6a:*:*:*:*:*:*:*', 'cpe:2.3:o:cisco:ios:15.2\\(4\\)m7:*:*:*:*:*:*:*', 'cpe:2.3:o:cisco:ios:15.2\\(4\\)m8:*:*:*:*:*:*:*', 'cpe:2.3:o:cisco:ios:15.2\\(4\\)m9:*:*:*:*:*:*:*', 'cpe:2.3:o:cisco:ios:15.2\\(4\\)m10:*:*:*:*:*:*:*', 'cpe:2.3:o:cisco:ios:15.2\\(4\\)m11:*:*:*:*:*:*:*', 'cpe:2.3:o:cisco:ios:15.2\\(5\\)e:*:*:*:*:*:*:*', 'cpe:2.3:o:cisco:ios:15.2\\(5\\)e1:*:*:*:*:*:*:*', 'cpe:2.3:o:cisco:ios:15.2\\(5\\)e2:*:*:*:*:*:*:*', 'cpe:2.3:o:cisco:ios:15.2\\(5\\)e2c:*:*:*:*:*:*:*', 'cpe:2.3:o:cisco:ios:15.2\\(5\\)ea:*:*:*:*:*:*:*', 'cpe:2.3:o:cisco:ios:15.2\\(5\\)ex:*:*:*:*:*:*:*', 'cpe:2.3:o:cisco:ios:15.2\\(5a\\)e:*:*:*:*:*:*:*', 'cpe:2.3:o:cisco:ios:15.2\\(5a\\)e1:*:*:*:*:*:*:*', 'cpe:2.3:o:cisco:ios:15.2\\(5b\\)e:*:*:*:*:*:*:*', 'cpe:2.3:o:cisco:ios:15.2\\(5c\\)e:*:*:*:*:*:*:*', 'cpe:2.3:o:cisco:ios:15.2\\(6\\)e:*:*:*:*:*:*:*', 'cpe:2.3:o:cisco:ios:15.2\\(6\\)e0a:*:*:*:*:*:*:*', 'cpe:2.3:o:cisco:ios:15.2\\(6\\)e0c:*:*:*:*:*:*:*', 'cpe:2.3:o:cisco:ios:15.2\\(6\\)e1:*:*:*:*:*:*:*', 'cpe:2.3:o:cisco:ios:15.2\\(6\\)e2:*:*:*:*:*:*:*', 'cpe:2.3:o:cisco:ios:15.2\\(6\\)e2a:*:*:*:*:*:*:*', 'cpe:2.3:o:cisco:ios:15.2\\(6\\)e2b:*:*:*:*:*:*:*', 'cpe:2.3:o:cisco:ios:15.2\\(6\\)e3:*:*:*:*:*:*:*', 'cpe:2.3:o:cisco:ios:15.2\\(7\\)e:*:*:*:*:*:*:*', 'cpe:2.3:o:cisco:ios:15.2\\(7\\)e0a:*:*:*:*:*:*:*', 'cpe:2.3:o:cisco:ios:15.2\\(7\\)e0b:*:*:*:*:*:*:*', 'cpe:2.3:o:cisco:ios:15.2\\(7\\)e0s:*:*:*:*:*:*:*', 'cpe:2.3:o:cisco:ios:15.2\\(7\\)e1:*:*:*:*:*:*:*', 'cpe:2.3:o:cisco:ios:15.2\\(7\\)e1a:*:*:*:*:*:*:*', 'cpe:2.3:o:cisco:ios:15.2\\(7\\)e2:*:*:*:*:*:*:*', 'cpe:2.3:o:cisco:ios:15.2\\(7\\)e2a:*:*:*:*:*:*:*', 'cpe:2.3:o:cisco:ios:15.2\\(7\\)e3:*:*:*:*:*:*:*', 'cpe:2.3:o:cisco:ios:15.2\\(7\\)e3k:*:*:*:*:*:*:*', 'cpe:2.3:o:cisco:ios:15.2\\(7\\)e4:*:*:*:*:*:*:*', 'cpe:2.3:o:cisco:ios:15.2\\(7\\)e5:*:*:*:*:*:*:*', 'cpe:2.3:o:cisco:ios:15.2\\(7\\)e6:*:*:*:*:*:*:*', 'cpe:2.3:o:cisco:ios:15.2\\(7\\)e7:*:*:*:*:*:*:*', 'cpe:2.3:o:cisco:ios:15.2\\(7\\)e8:*:*:*:*:*:*:*', 'cpe:2.3:o:cisco:ios:15.2\\(7\\)e9:*:*:*:*:*:*:*', 'cpe:2.3:o:cisco:ios:15.2\\(7\\)e10:*:*:*:*:*:*:*', 'cpe:2.3:o:cisco:ios:15.2\\(7\\)e11:*:*:*:*:*:*:*', 'cpe:2.3:o:cisco:ios:15.2\\(7\\)e12:*:*:*:*:*:*:*', 'cpe:2.3:o:cisco:ios:15.2\\(7a\\)e0b:*:*:*:*:*:*:*', 'cpe:2.3:o:cisco:ios:15.2\\(7b\\)e0b:*:*:*:*:*:*:*', 'cpe:2.3:o:cisco:ios:15.2\\(8\\)e:*:*:*:*:*:*:*', 'cpe:2.3:o:cisco:ios:15.2\\(8\\)e1:*:*:*:*:*:*:*', 'cpe:2.3:o:cisco:ios:15.2\\(8\\)e2:*:*:*:*:*:*:*', 'cpe:2.3:o:cisco:ios:15.2\\(8\\)e3:*:*:*:*:*:*:*', 'cpe:2.3:o:cisco:ios:15.2\\(8\\)e4:*:*:*:*:*:*:*', 'cpe:2.3:o:cisco:ios:15.2\\(8\\)e5:*:*:*:*:*:*:*', 'cpe:2.3:o:cisco:ios:15.2\\(8\\)e6:*:*:*:*:*:*:*', 'cpe:2.3:o:cisco:ios:15.2\\(8\\)e7:*:*:*:*:*:*:*', 'cpe:2.3:o:cisco:ios:15.3\\(1\\)sy:*:*:*:*:*:*:*', 'cpe:2.3:o:cisco:ios:15.3\\(1\\)sy1:*:*:*:*:*:*:*', 'cpe:2.3:o:cisco:ios:15.3\\(1\\)sy2:*:*:*:*:*:*:*', 'cpe:2.3:o:cisco:ios:15.3\\(1\\)t:*:*:*:*:*:*:*', 'cpe:2.3:o:cisco:ios:15.3\\(1\\)t1:*:*:*:*:*:*:*', 'cpe:2.3:o:cisco:ios:15.3\\(1\\)t2:*:*:*:*:*:*:*', 'cpe:2.3:o:cisco:ios:15.3\\(1\\)t3:*:*:*:*:*:*:*', 'cpe:2.3:o:cisco:ios:15.3\\(1\\)t4:*:*:*:*:*:*:*', 'cpe:2.3:o:cisco:ios:15.3\\(2\\)t:*:*:*:*:*:*:*', 'cpe:2.3:o:cisco:ios:15.3\\(2\\)t1:*:*:*:*:*:*:*', 'cpe:2.3:o:cisco:ios:15.3\\(2\\)t2:*:*:*:*:*:*:*', 'cpe:2.3:o:cisco:ios:15.3\\(2\\)t3:*:*:*:*:*:*:*', 'cpe:2.3:o:cisco:ios:15.3\\(2\\)t4:*:*:*:*:*:*:*', 'cpe:2.3:o:cisco:ios:15.3\\(3\\)ja1:*:*:*:*:*:*:*', 'cpe:2.3:o:cisco:ios:15.3\\(3\\)ja1m:*:*:*:*:*:*:*', 'cpe:2.3:o:cisco:ios:15.3\\(3\\)ja4:*:*:*:*:*:*:*', 'cpe:2.3:o:cisco:ios:15.3\\(3\\)ja5:*:*:*:*:*:*:*', 'cpe:2.3:o:cisco:ios:15.3\\(3\\)ja6:*:*:*:*:*:*:*', 'cpe:2.3:o:cisco:ios:15.3\\(3\\)ja7:*:*:*:*:*:*:*', 'cpe:2.3:o:cisco:ios:15.3\\(3\\)ja8:*:*:*:*:*:*:*', 'cpe:2.3:o:cisco:ios:15.3\\(3\\)ja10:*:*:*:*:*:*:*', 'cpe:2.3:o:cisco:ios:15.3\\(3\\)ja11:*:*:*:*:*:*:*', 'cpe:2.3:o:cisco:ios:15.3\\(3\\)ja12:*:*:*:*:*:*:*', 'cpe:2.3:o:cisco:ios:15.3\\(3\\)jaa:*:*:*:*:*:*:*', 'cpe:2.3:o:cisco:ios:15.3\\(3\\)jaa11:*:*:*:*:*:*:*', 'cpe:2.3:o:cisco:ios:15.3\\(3\\)jaa12:*:*:*:*:*:*:*', 'cpe:2.3:o:cisco:ios:15.3\\(3\\)jab:*:*:*:*:*:*:*', 'cpe:2.3:o:cisco:ios:15.3\\(3\\)jax:*:*:*:*:*:*:*', 'cpe:2.3:o:cisco:ios:15.3\\(3\\)jax1:*:*:*:*:*:*:*', 'cpe:2.3:o:cisco:ios:15.3\\(3\\)jax2:*:*:*:*:*:*:*', 'cpe:2.3:o:cisco:ios:15.3\\(3\\)jb:*:*:*:*:*:*:*', 'cpe:2.3:o:cisco:ios:15.3\\(3\\)jbb:*:*:*:*:*:*:*', 'cpe:2.3:o:cisco:ios:15.3\\(3\\)jbb1:*:*:*:*:*:*:*', 'cpe:2.3:o:cisco:ios:15.3\\(3\\)jbb2:*:*:*:*:*:*:*', 'cpe:2.3:o:cisco:ios:15.3\\(3\\)jbb4:*:*:*:*:*:*:*', 'cpe:2.3:o:cisco:ios:15.3\\(3\\)jbb5:*:*:*:*:*:*:*', 'cpe:2.3:o:cisco:ios:15.3\\(3\\)jbb6:*:*:*:*:*:*:*', 'cpe:2.3:o:cisco:ios:15.3\\(3\\)jbb6a:*:*:*:*:*:*:*', 'cpe:2.3:o:cisco:ios:15.3\\(3\\)jbb8:*:*:*:*:*:*:*', 'cpe:2.3:o:cisco:ios:15.3\\(3\\)jc:*:*:*:*:*:*:*', 'cpe:2.3:o:cisco:ios:15.3\\(3\\)jc1:*:*:*:*:*:*:*', 'cpe:2.3:o:cisco:ios:15.3\\(3\\)jc2:*:*:*:*:*:*:*', 'cpe:2.3:o:cisco:ios:15.3\\(3\\)jc3:*:*:*:*:*:*:*', 'cpe:2.3:o:cisco:ios:15.3\\(3\\)jc4:*:*:*:*:*:*:*', 'cpe:2.3:o:cisco:ios:15.3\\(3\\)jc5:*:*:*:*:*:*:*', 'cpe:2.3:o:cisco:ios:15.3\\(3\\)jc6:*:*:*:*:*:*:*', 'cpe:2.3:o:cisco:ios:15.3\\(3\\)jc8:*:*:*:*:*:*:*', 'cpe:2.3:o:cisco:ios:15.3\\(3\\)jc9:*:*:*:*:*:*:*', 'cpe:2.3:o:cisco:ios:15.3\\(3\\)jc14:*:*:*:*:*:*:*', 'cpe:2.3:o:cisco:ios:15.3\\(3\\)jca7:*:*:*:*:*:*:*', 'cpe:2.3:o:cisco:ios:15.3\\(3\\)jca8:*:*:*:*:*:*:*', 'cpe:2.3:o:cisco:ios:15.3\\(3\\)jca9:*:*:*:*:*:*:*', 'cpe:2.3:o:cisco:ios:15.3\\(3\\)jd:*:*:*:*:*:*:*', 'cpe:2.3:o:cisco:ios:15.3\\(3\\)jd2:*:*:*:*:*:*:*', 'cpe:2.3:o:cisco:ios:15.3\\(3\\)jd3:*:*:*:*:*:*:*', 'cpe:2.3:o:cisco:ios:15.3\\(3\\)jd4:*:*:*:*:*:*:*', 'cpe:2.3:o:cisco:ios:15.3\\(3\\)jd5:*:*:*:*:*:*:*', 'cpe:2.3:o:cisco:ios:15.3\\(3\\)jd6:*:*:*:*:*:*:*', 'cpe:2.3:o:cisco:ios:15.3\\(3\\)jd7:*:*:*:*:*:*:*', 'cpe:2.3:o:cisco:ios:15.3\\(3\\)jd8:*:*:*:*:*:*:*', 'cpe:2.3:o:cisco:ios:15.3\\(3\\)jd9:*:*:*:*:*:*:*', 'cpe:2.3:o:cisco:ios:15.3\\(3\\)jd11:*:*:*:*:*:*:*', 'cpe:2.3:o:cisco:ios:15.3\\(3\\)jd13:*:*:*:*:*:*:*', 'cpe:2.3:o:cisco:ios:15.3\\(3\\)jd14:*:*:*:*:*:*:*', 'cpe:2.3:o:cisco:ios:15.3\\(3\\)jd16:*:*:*:*:*:*:*', 'cpe:2.3:o:cisco:ios:15.3\\(3\\)jd17:*:*:*:*:*:*:*', 'cpe:2.3:o:cisco:ios:15.3\\(3\\)jda7:*:*:*:*:*:*:*', 'cpe:2.3:o:cisco:ios:15.3\\(3\\)jda8:*:*:*:*:*:*:*', 'cpe:2.3:o:cisco:ios:15.3\\(3\\)jda9:*:*:*:*:*:*:*', 'cpe:2.3:o:cisco:ios:15.3\\(3\\)jda11:*:*:*:*:*:*:*', 'cpe:2.3:o:cisco:ios:15.3\\(3\\)jda13:*:*:*:*:*:*:*', 'cpe:2.3:o:cisco:ios:15.3\\(3\\)jda14:*:*:*:*:*:*:*', 'cpe:2.3:o:cisco:ios:15.3\\(3\\)jda16:*:*:*:*:*:*:*', 'cpe:2.3:o:cisco:ios:15.3\\(3\\)jda17:*:*:*:*:*:*:*', 'cpe:2.3:o:cisco:ios:15.3\\(3\\)je:*:*:*:*:*:*:*', 'cpe:2.3:o:cisco:ios:15.3\\(3\\)jf:*:*:*:*:*:*:*', 'cpe:2.3:o:cisco:ios:15.3\\(3\\)jf1:*:*:*:*:*:*:*', 'cpe:2.3:o:cisco:ios:15.3\\(3\\)jf2:*:*:*:*:*:*:*', 'cpe:2.3:o:cisco:ios:15.3\\(3\\)jf4:*:*:*:*:*:*:*', 'cpe:2.3:o:cisco:ios:15.3\\(3\\)jf5:*:*:*:*:*:*:*', 'cpe:2.3:o:cisco:ios:15.3\\(3\\)jf6:*:*:*:*:*:*:*', 'cpe:2.3:o:cisco:ios:15.3\\(3\\)jf7:*:*:*:*:*:*:*', 'cpe:2.3:o:cisco:ios:15.3\\(3\\)jf8:*:*:*:*:*:*:*', 'cpe:2.3:o:cisco:ios:15.3\\(3\\)jf9:*:*:*:*:*:*:*', 'cpe:2.3:o:cisco:ios:15.3\\(3\\)jf10:*:*:*:*:*:*:*', 'cpe:2.3:o:cisco:ios:15.3\\(3\\)jf11:*:*:*:*:*:*:*', 'cpe:2.3:o:cisco:ios:15.3\\(3\\)jf12:*:*:*:*:*:*:*', 'cpe:2.3:o:cisco:ios:15.3\\(3\\)jf12i:*:*:*:*:*:*:*', 'cpe:2.3:o:cisco:ios:15.3\\(3\\)jf14:*:*:*:*:*:*:*', 'cpe:2.3:o:cisco:ios:15.3\\(3\\)jf14i:*:*:*:*:*:*:*', 'cpe:2.3:o:cisco:ios:15.3\\(3\\)jf15:*:*:*:*:*:*:*', 'cpe:2.3:o:cisco:ios:15.3\\(3\\)jg:*:*:*:*:*:*:*', 'cpe:2.3:o:cisco:ios:15.3\\(3\\)jg1:*:*:*:*:*:*:*', 'cpe:2.3:o:cisco:ios:15.3\\(3\\)jh:*:*:*:*:*:*:*', 'cpe:2.3:o:cisco:ios:15.3\\(3\\)jh1:*:*:*:*:*:*:*', 'cpe:2.3:o:cisco:ios:15.3\\(3\\)ji1:*:*:*:*:*:*:*', 'cpe:2.3:o:cisco:ios:15.3\\(3\\)ji3:*:*:*:*:*:*:*', 'cpe:2.3:o:cisco:ios:15.3\\(3\\)ji4:*:*:*:*:*:*:*', 'cpe:2.3:o:cisco:ios:15.3\\(3\\)ji5:*:*:*:*:*:*:*', 'cpe:2.3:o:cisco:ios:15.3\\(3\\)ji6:*:*:*:*:*:*:*', 'cpe:2.3:o:cisco:ios:15.3\\(3\\)jj:*:*:*:*:*:*:*', 'cpe:2.3:o:cisco:ios:15.3\\(3\\)jj1:*:*:*:*:*:*:*', 'cpe:2.3:o:cisco:ios:15.3\\(3\\)jk:*:*:*:*:*:*:*', 'cpe:2.3:o:cisco:ios:15.3\\(3\\)jk1:*:*:*:*:*:*:*', 'cpe:2.3:o:cisco:ios:15.3\\(3\\)jk1t:*:*:*:*:*:*:*', 'cpe:2.3:o:cisco:ios:15.3\\(3\\)jk2:*:*:*:*:*:*:*', 'cpe:2.3:o:cisco:ios:15.3\\(3\\)jk2a:*:*:*:*:*:*:*', 'cpe:2.3:o:cisco:ios:15.3\\(3\\)jk3:*:*:*:*:*:*:*', 'cpe:2.3:o:cisco:ios:15.3\\(3\\)jk4:*:*:*:*:*:*:*', 'cpe:2.3:o:cisco:ios:15.3\\(3\\)jk5:*:*:*:*:*:*:*', 'cpe:2.3:o:cisco:ios:15.3\\(3\\)jk6:*:*:*:*:*:*:*', 'cpe:2.3:o:cisco:ios:15.3\\(3\\)jk7:*:*:*:*:*:*:*', 'cpe:2.3:o:cisco:ios:15.3\\(3\\)jk8:*:*:*:*:*:*:*', 'cpe:2.3:o:cisco:ios:15.3\\(3\\)jk8a:*:*:*:*:*:*:*', 'cpe:2.3:o:cisco:ios:15.3\\(3\\)jk8b:*:*:*:*:*:*:*', 'cpe:2.3:o:cisco:ios:15.3\\(3\\)jk9:*:*:*:*:*:*:*', 'cpe:2.3:o:cisco:ios:15.3\\(3\\)jk10:*:*:*:*:*:*:*', 'cpe:2.3:o:cisco:ios:15.3\\(3\\)jk11:*:*:*:*:*:*:*', 'cpe:2.3:o:cisco:ios:15.3\\(3\\)jn3:*:*:*:*:*:*:*', 'cpe:2.3:o:cisco:ios:15.3\\(3\\)jn4:*:*:*:*:*:*:*', 'cpe:2.3:o:cisco:ios:15.3\\(3\\)jn7:*:*:*:*:*:*:*', 'cpe:2.3:o:cisco:ios:15.3\\(3\\)jn8:*:*:*:*:*:*:*', 'cpe:2.3:o:cisco:ios:15.3\\(3\\)jn9:*:*:*:*:*:*:*', 'cpe:2.3:o:cisco:ios:15.3\\(3\\)jnb:*:*:*:*:*:*:*', 'cpe:2.3:o:cisco:ios:15.3\\(3\\)jnb1:*:*:*:*:*:*:*', 'cpe:2.3:o:cisco:ios:15.3\\(3\\)jnb2:*:*:*:*:*:*:*', 'cpe:2.3:o:cisco:ios:15.3\\(3\\)jnb3:*:*:*:*:*:*:*', 'cpe:2.3:o:cisco:ios:15.3\\(3\\)jnb4:*:*:*:*:*:*:*', 'cpe:2.3:o:cisco:ios:15.3\\(3\\)jnb5:*:*:*:*:*:*:*', 'cpe:2.3:o:cisco:ios:15.3\\(3\\)jnb6:*:*:*:*:*:*:*', 'cpe:2.3:o:cisco:ios:15.3\\(3\\)jnc:*:*:*:*:*:*:*', 'cpe:2.3:o:cisco:ios:15.3\\(3\\)jnc1:*:*:*:*:*:*:*', 'cpe:2.3:o:cisco:ios:15.3\\(3\\)jnc4:*:*:*:*:*:*:*', 'cpe:2.3:o:cisco:ios:15.3\\(3\\)jnd:*:*:*:*:*:*:*', 'cpe:2.3:o:cisco:ios:15.3\\(3\\)jnd1:*:*:*:*:*:*:*', 'cpe:2.3:o:cisco:ios:15.3\\(3\\)jnd2:*:*:*:*:*:*:*', 'cpe:2.3:o:cisco:ios:15.3\\(3\\)jnd3:*:*:*:*:*:*:*', 'cpe:2.3:o:cisco:ios:15.3\\(3\\)jnp:*:*:*:*:*:*:*', 'cpe:2.3:o:cisco:ios:15.3\\(3\\)jnp1:*:*:*:*:*:*:*', 'cpe:2.3:o:cisco:ios:15.3\\(3\\)jnp3:*:*:*:*:*:*:*', 'cpe:2.3:o:cisco:ios:15.3\\(3\\)jpb:*:*:*:*:*:*:*', 'cpe:2.3:o:cisco:ios:15.3\\(3\\)jpb1:*:*:*:*:*:*:*', 'cpe:2.3:o:cisco:ios:15.3\\(3\\)jpc:*:*:*:*:*:*:*', 'cpe:2.3:o:cisco:ios:15.3\\(3\\)jpc1:*:*:*:*:*:*:*', 'cpe:2.3:o:cisco:ios:15.3\\(3\\)jpc2:*:*:*:*:*:*:*', 'cpe:2.3:o:cisco:ios:15.3\\(3\\)jpc3:*:*:*:*:*:*:*', 'cpe:2.3:o:cisco:ios:15.3\\(3\\)jpc5:*:*:*:*:*:*:*', 'cpe:2.3:o:cisco:ios:15.3\\(3\\)jpd:*:*:*:*:*:*:*', 'cpe:2.3:o:cisco:ios:15.3\\(3\\)jpi1:*:*:*:*:*:*:*', 'cpe:2.3:o:cisco:ios:15.3\\(3\\)jpi1t:*:*:*:*:*:*:*', 'cpe:2.3:o:cisco:ios:15.3\\(3\\)jpi4:*:*:*:*:*:*:*', 'cpe:2.3:o:cisco:ios:15.3\\(3\\)jpi5:*:*:*:*:*:*:*', 'cpe:2.3:o:cisco:ios:15.3\\(3\\)jpi6a:*:*:*:*:*:*:*', 'cpe:2.3:o:cisco:ios:15.3\\(3\\)jpi7:*:*:*:*:*:*:*', 'cpe:2.3:o:cisco:ios:15.3\\(3\\)jpi8a:*:*:*:*:*:*:*', 'cpe:2.3:o:cisco:ios:15.3\\(3\\)jpi9:*:*:*:*:*:*:*', 'cpe:2.3:o:cisco:ios:15.3\\(3\\)jpi10:*:*:*:*:*:*:*', 'cpe:2.3:o:cisco:ios:15.3\\(3\\)jpj2:*:*:*:*:*:*:*', 'cpe:2.3:o:cisco:ios:15.3\\(3\\)jpj2t:*:*:*:*:*:*:*', 'cpe:2.3:o:cisco:ios:15.3\\(3\\)jpj3:*:*:*:*:*:*:*', 'cpe:2.3:o:cisco:ios:15.3\\(3\\)jpj3a:*:*:*:*:*:*:*', 'cpe:2.3:o:cisco:ios:15.3\\(3\\)jpj4:*:*:*:*:*:*:*', 'cpe:2.3:o:cisco:ios:15.3\\(3\\)jpj5:*:*:*:*:*:*:*', 'cpe:2.3:o:cisco:ios:15.3\\(3\\)jpj6:*:*:*:*:*:*:*', 'cpe:2.3:o:cisco:ios:15.3\\(3\\)jpj7:*:*:*:*:*:*:*', 'cpe:2.3:o:cisco:ios:15.3\\(3\\)jpj7c:*:*:*:*:*:*:*', 'cpe:2.3:o:cisco:ios:15.3\\(3\\)jpj8a:*:*:*:*:*:*:*', 'cpe:2.3:o:cisco:ios:15.3\\(3\\)jpj9:*:*:*:*:*:*:*', 'cpe:2.3:o:cisco:ios:15.3\\(3\\)jpj10:*:*:*:*:*:*:*', 'cpe:2.3:o:cisco:ios:15.3\\(3\\)jpj11:*:*:*:*:*:*:*', 'cpe:2.3:o:cisco:ios:15.3\\(3\\)jpk:*:*:*:*:*:*:*', 'cpe:2.3:o:cisco:ios:15.3\\(3\\)jpk1:*:*:*:*:*:*:*', 'cpe:2.3:o:cisco:ios:15.3\\(3\\)jpk2:*:*:*:*:*:*:*', 'cpe:2.3:o:cisco:ios:15.3\\(3\\)jpk3:*:*:*:*:*:*:*', 'cpe:2.3:o:cisco:ios:15.3\\(3\\)jpk4:*:*:*:*:*:*:*', 'cpe:2.3:o:cisco:ios:15.3\\(3\\)jpk5:*:*:*:*:*:*:*', 'cpe:2.3:o:cisco:ios:15.3\\(3\\)jpk6:*:*:*:*:*:*:*', 'cpe:2.3:o:cisco:ios:15.3\\(3\\)jpk7:*:*:*:*:*:*:*', 'cpe:2.3:o:cisco:ios:15.3\\(3\\)jpk8:*:*:*:*:*:*:*', 'cpe:2.3:o:cisco:ios:15.3\\(3\\)jpk9:*:*:*:*:*:*:*', 'cpe:2.3:o:cisco:ios:15.3\\(3\\)jpl:*:*:*:*:*:*:*', 'cpe:2.3:o:cisco:ios:15.3\\(3\\)jpm:*:*:*:*:*:*:*', 'cpe:2.3:o:cisco:ios:15.3\\(3\\)jpn:*:*:*:*:*:*:*', 'cpe:2.3:o:cisco:ios:15.3\\(3\\)jpn1:*:*:*:*:*:*:*', 'cpe:2.3:o:cisco:ios:15.3\\(3\\)jpn2:*:*:*:*:*:*:*', 'cpe:2.3:o:cisco:ios:15.3\\(3\\)jpn3:*:*:*:*:*:*:*', 'cpe:2.3:o:cisco:ios:15.3\\(3\\)jpn4:*:*:*:*:*:*:*', 'cpe:2.3:o:cisco:ios:15.3\\(3\\)jpn5:*:*:*:*:*:*:*', 'cpe:2.3:o:cisco:ios:15.3\\(3\\)jpn6:*:*:*:*:*:*:*', 'cpe:2.3:o:cisco:ios:15.3\\(3\\)jpo:*:*:*:*:*:*:*', 'cpe:2.3:o:cisco:ios:15.3\\(3\\)jpp:*:*:*:*:*:*:*', 'cpe:2.3:o:cisco:ios:15.3\\(3\\)jpq:*:*:*:*:*:*:*', 'cpe:2.3:o:cisco:ios:15.3\\(3\\)jpq1:*:*:*:*:*:*:*', 'cpe:2.3:o:cisco:ios:15.3\\(3\\)jpq2:*:*:*:*:*:*:*', 'cpe:2.3:o:cisco:ios:15.3\\(3\\)jpq3:*:*:*:*:*:*:*', 'cpe:2.3:o:cisco:ios:15.3\\(3\\)jpq4:*:*:*:*:*:*:*', 'cpe:2.3:o:cisco:ios:15.3\\(3\\)jpq5:*:*:*:*:*:*:*', 'cpe:2.3:o:cisco:ios:15.3\\(3\\)jpr:*:*:*:*:*:*:*', 'cpe:2.3:o:cisco:ios:15.3\\(3\\)jps:*:*:*:*:*:*:*', 'cpe:2.3:o:cisco:ios:15.3\\(3\\)jpt:*:*:*:*:*:*:*', 'cpe:2.3:o:cisco:ios:15.3\\(3\\)jpt1:*:*:*:*:*:*:*', 'cpe:2.3:o:cisco:ios:15.3\\(3\\)jpt2:*:*:*:*:*:*:*', 'cpe:2.3:o:cisco:ios:15.3\\(3\\)m:*:*:*:*:*:*:*', 'cpe:2.3:o:cisco:ios:15.3\\(3\\)m1:*:*:*:*:*:*:*', 'cpe:2.3:o:cisco:ios:15.3\\(3\\)m2:*:*:*:*:*:*:*', 'cpe:2.3:o:cisco:ios:15.3\\(3\\)m3:*:*:*:*:*:*:*', 'cpe:2.3:o:cisco:ios:15.3\\(3\\)m4:*:*:*:*:*:*:*', 'cpe:2.3:o:cisco:ios:15.3\\(3\\)m5:*:*:*:*:*:*:*', 'cpe:2.3:o:cisco:ios:15.3\\(3\\)m6:*:*:*:*:*:*:*', 'cpe:2.3:o:cisco:ios:15.3\\(3\\)m7:*:*:*:*:*:*:*', 'cpe:2.3:o:cisco:ios:15.3\\(3\\)m8:*:*:*:*:*:*:*', 'cpe:2.3:o:cisco:ios:15.3\\(3\\)m8a:*:*:*:*:*:*:*', 'cpe:2.3:o:cisco:ios:15.3\\(3\\)m9:*:*:*:*:*:*:*', 'cpe:2.3:o:cisco:ios:15.3\\(3\\)m10:*:*:*:*:*:*:*', 'cpe:2.3:o:cisco:ios:15.4\\(1\\)cg:*:*:*:*:*:*:*', 'cpe:2.3:o:cisco:ios:15.4\\(1\\)cg1:*:*:*:*:*:*:*', 'cpe:2.3:o:cisco:ios:15.4\\(1\\)sy:*:*:*:*:*:*:*', 'cpe:2.3:o:cisco:ios:15.4\\(1\\)sy1:*:*:*:*:*:*:*', 'cpe:2.3:o:cisco:ios:15.4\\(1\\)sy2:*:*:*:*:*:*:*', 'cpe:2.3:o:cisco:ios:15.4\\(1\\)sy3:*:*:*:*:*:*:*', 'cpe:2.3:o:cisco:ios:15.4\\(1\\)sy4:*:*:*:*:*:*:*', 'cpe:2.3:o:cisco:ios:15.4\\(1\\)t:*:*:*:*:*:*:*', 'cpe:2.3:o:cisco:ios:15.4\\(1\\)t1:*:*:*:*:*:*:*', 'cpe:2.3:o:cisco:ios:15.4\\(1\\)t2:*:*:*:*:*:*:*', 'cpe:2.3:o:cisco:ios:15.4\\(1\\)t3:*:*:*:*:*:*:*', 'cpe:2.3:o:cisco:ios:15.4\\(1\\)t4:*:*:*:*:*:*:*', 'cpe:2.3:o:cisco:ios:15.4\\(2\\)cg:*:*:*:*:*:*:*', 'cpe:2.3:o:cisco:ios:15.4\\(2\\)t:*:*:*:*:*:*:*', 'cpe:2.3:o:cisco:ios:15.4\\(2\\)t1:*:*:*:*:*:*:*', 'cpe:2.3:o:cisco:ios:15.4\\(2\\)t2:*:*:*:*:*:*:*', 'cpe:2.3:o:cisco:ios:15.4\\(2\\)t3:*:*:*:*:*:*:*', 'cpe:2.3:o:cisco:ios:15.4\\(2\\)t4:*:*:*:*:*:*:*', 'cpe:2.3:o:cisco:ios:15.5\\(1\\)s:*:*:*:*:*:*:*', 'cpe:2.3:o:cisco:ios:15.5\\(1\\)s1:*:*:*:*:*:*:*', 'cpe:2.3:o:cisco:ios:15.5\\(1\\)s2:*:*:*:*:*:*:*', 'cpe:2.3:o:cisco:ios:15.5\\(1\\)s3:*:*:*:*:*:*:*', 'cpe:2.3:o:cisco:ios:15.5\\(1\\)s4:*:*:*:*:*:*:*', 'cpe:2.3:o:cisco:ios:15.5\\(1\\)sy:*:*:*:*:*:*:*', 'cpe:2.3:o:cisco:ios:15.5\\(1\\)sy1:*:*:*:*:*:*:*', 'cpe:2.3:o:cisco:ios:15.5\\(1\\)sy2:*:*:*:*:*:*:*', 'cpe:2.3:o:cisco:ios:15.5\\(1\\)sy3:*:*:*:*:*:*:*', 'cpe:2.3:o:cisco:ios:15.5\\(1\\)sy4:*:*:*:*:*:*:*', 'cpe:2.3:o:cisco:ios:15.5\\(1\\)sy5:*:*:*:*:*:*:*', 'cpe:2.3:o:cisco:ios:15.5\\(1\\)sy6:*:*:*:*:*:*:*', 'cpe:2.3:o:cisco:ios:15.5\\(1\\)sy7:*:*:*:*:*:*:*', 'cpe:2.3:o:cisco:ios:15.5\\(1\\)sy8:*:*:*:*:*:*:*', 'cpe:2.3:o:cisco:ios:15.5\\(1\\)sy9:*:*:*:*:*:*:*', 'cpe:2.3:o:cisco:ios:15.5\\(1\\)sy10:*:*:*:*:*:*:*', 'cpe:2.3:o:cisco:ios:15.5\\(1\\)sy11:*:*:*:*:*:*:*', 'cpe:2.3:o:cisco:ios:15.5\\(1\\)sy12:*:*:*:*:*:*:*', 'cpe:2.3:o:cisco:ios:15.5\\(1\\)sy13:*:*:*:*:*:*:*', 'cpe:2.3:o:cisco:ios:15.5\\(1\\)sy14:*:*:*:*:*:*:*', 'cpe:2.3:o:cisco:ios:15.5\\(1\\)sy15:*:*:*:*:*:*:*', 'cpe:2.3:o:cisco:ios:15.5\\(1\\)t:*:*:*:*:*:*:*', 'cpe:2.3:o:cisco:ios:15.5\\(1\\)t1:*:*:*:*:*:*:*', 'cpe:2.3:o:cisco:ios:15.5\\(1\\)t2:*:*:*:*:*:*:*', 'cpe:2.3:o:cisco:ios:15.5\\(1\\)t3:*:*:*:*:*:*:*', 'cpe:2.3:o:cisco:ios:15.5\\(1\\)t4:*:*:*:*:*:*:*', 'cpe:2.3:o:cisco:ios:15.5\\(2\\)s:*:*:*:*:*:*:*', 'cpe:2.3:o:cisco:ios:15.5\\(2\\)s1:*:*:*:*:*:*:*', 'cpe:2.3:o:cisco:ios:15.5\\(2\\)s2:*:*:*:*:*:*:*', 'cpe:2.3:o:cisco:ios:15.5\\(2\\)s3:*:*:*:*:*:*:*', 'cpe:2.3:o:cisco:ios:15.5\\(2\\)s4:*:*:*:*:*:*:*', 'cpe:2.3:o:cisco:ios:15.5\\(2\\)t:*:*:*:*:*:*:*', 'cpe:2.3:o:cisco:ios:15.5\\(2\\)t1:*:*:*:*:*:*:*', 'cpe:2.3:o:cisco:ios:15.5\\(2\\)t2:*:*:*:*:*:*:*', 'cpe:2.3:o:cisco:ios:15.5\\(2\\)t3:*:*:*:*:*:*:*', 'cpe:2.3:o:cisco:ios:15.5\\(2\\)t4:*:*:*:*:*:*:*', 'cpe:2.3:o:cisco:ios:15.5\\(3\\)m:*:*:*:*:*:*:*', 'cpe:2.3:o:cisco:ios:15.5\\(3\\)m0a:*:*:*:*:*:*:*', 'cpe:2.3:o:cisco:ios:15.5\\(3\\)m1:*:*:*:*:*:*:*', 'cpe:2.3:o:cisco:ios:15.5\\(3\\)m2:*:*:*:*:*:*:*', 'cpe:2.3:o:cisco:ios:15.5\\(3\\)m3:*:*:*:*:*:*:*', 'cpe:2.3:o:cisco:ios:15.5\\(3\\)m4:*:*:*:*:*:*:*', 'cpe:2.3:o:cisco:ios:15.5\\(3\\)m4a:*:*:*:*:*:*:*', 'cpe:2.3:o:cisco:ios:15.5\\(3\\)m5:*:*:*:*:*:*:*', 'cpe:2.3:o:cisco:ios:15.5\\(3\\)m6:*:*:*:*:*:*:*', 'cpe:2.3:o:cisco:ios:15.5\\(3\\)m6a:*:*:*:*:*:*:*', 'cpe:2.3:o:cisco:ios:15.5\\(3\\)m7:*:*:*:*:*:*:*', 'cpe:2.3:o:cisco:ios:15.5\\(3\\)m8:*:*:*:*:*:*:*', 'cpe:2.3:o:cisco:ios:15.5\\(3\\)m9:*:*:*:*:*:*:*', 'cpe:2.3:o:cisco:ios:15.5\\(3\\)m10:*:*:*:*:*:*:*', 'cpe:2.3:o:cisco:ios:15.5\\(3\\)s:*:*:*:*:*:*:*', 'cpe:2.3:o:cisco:ios:15.5\\(3\\)s0a:*:*:*:*:*:*:*', 'cpe:2.3:o:cisco:ios:15.5\\(3\\)s1:*:*:*:*:*:*:*', 'cpe:2.3:o:cisco:ios:15.5\\(3\\)s1a:*:*:*:*:*:*:*', 'cpe:2.3:o:cisco:ios:15.5\\(3\\)s2:*:*:*:*:*:*:*', 'cpe:2.3:o:cisco:ios:15.5\\(3\\)s3:*:*:*:*:*:*:*', 'cpe:2.3:o:cisco:ios:15.5\\(3\\)s4:*:*:*:*:*:*:*', 'cpe:2.3:o:cisco:ios:15.5\\(3\\)s5:*:*:*:*:*:*:*', 'cpe:2.3:o:cisco:ios:15.5\\(3\\)s6:*:*:*:*:*:*:*', 'cpe:2.3:o:cisco:ios:15.5\\(3\\)s6a:*:*:*:*:*:*:*', 'cpe:2.3:o:cisco:ios:15.5\\(3\\)s6b:*:*:*:*:*:*:*', 'cpe:2.3:o:cisco:ios:15.5\\(3\\)s7:*:*:*:*:*:*:*', 'cpe:2.3:o:cisco:ios:15.5\\(3\\)s8:*:*:*:*:*:*:*', 'cpe:2.3:o:cisco:ios:15.5\\(3\\)s9:*:*:*:*:*:*:*', 'cpe:2.3:o:cisco:ios:15.5\\(3\\)s9a:*:*:*:*:*:*:*', 'cpe:2.3:o:cisco:ios:15.5\\(3\\)s10:*:*:*:*:*:*:*', 'cpe:2.3:o:cisco:ios:15.5\\(3\\)sn:*:*:*:*:*:*:*', 'cpe:2.3:o:cisco:ios:15.6\\(1\\)s:*:*:*:*:*:*:*', 'cpe:2.3:o:cisco:ios:15.6\\(1\\)s1:*:*:*:*:*:*:*', 'cpe:2.3:o:cisco:ios:15.6\\(1\\)s2:*:*:*:*:*:*:*', 'cpe:2.3:o:cisco:ios:15.6\\(1\\)s3:*:*:*:*:*:*:*', 'cpe:2.3:o:cisco:ios:15.6\\(1\\)s4:*:*:*:*:*:*:*', 'cpe:2.3:o:cisco:ios:15.6\\(1\\)t:*:*:*:*:*:*:*', 'cpe:2.3:o:cisco:ios:15.6\\(1\\)t0a:*:*:*:*:*:*:*', 'cpe:2.3:o:cisco:ios:15.6\\(1\\)t1:*:*:*:*:*:*:*', 'cpe:2.3:o:cisco:ios:15.6\\(1\\)t2:*:*:*:*:*:*:*', 'cpe:2.3:o:cisco:ios:15.6\\(1\\)t3:*:*:*:*:*:*:*', 'cpe:2.3:o:cisco:ios:15.6\\(2\\)s:*:*:*:*:*:*:*', 'cpe:2.3:o:cisco:ios:15.6\\(2\\)s1:*:*:*:*:*:*:*', 'cpe:2.3:o:cisco:ios:15.6\\(2\\)s2:*:*:*:*:*:*:*', 'cpe:2.3:o:cisco:ios:15.6\\(2\\)s3:*:*:*:*:*:*:*', 'cpe:2.3:o:cisco:ios:15.6\\(2\\)s4:*:*:*:*:*:*:*', 'cpe:2.3:o:cisco:ios:15.6\\(2\\)sn:*:*:*:*:*:*:*', 'cpe:2.3:o:cisco:ios:15.6\\(2\\)sp:*:*:*:*:*:*:*', 'cpe:2.3:o:cisco:ios:15.6\\(2\\)sp1:*:*:*:*:*:*:*', 'cpe:2.3:o:cisco:ios:15.6\\(2\\)sp2:*:*:*:*:*:*:*', 'cpe:2.3:o:cisco:ios:15.6\\(2\\)sp3:*:*:*:*:*:*:*', 'cpe:2.3:o:cisco:ios:15.6\\(2\\)sp4:*:*:*:*:*:*:*', 'cpe:2.3:o:cisco:ios:15.6\\(2\\)sp5:*:*:*:*:*:*:*', 'cpe:2.3:o:cisco:ios:15.6\\(2\\)sp6:*:*:*:*:*:*:*', 'cpe:2.3:o:cisco:ios:15.6\\(2\\)sp7:*:*:*:*:*:*:*', 'cpe:2.3:o:cisco:ios:15.6\\(2\\)sp8:*:*:*:*:*:*:*', 'cpe:2.3:o:cisco:ios:15.6\\(2\\)sp9:*:*:*:*:*:*:*', 'cpe:2.3:o:cisco:ios:15.6\\(2\\)t:*:*:*:*:*:*:*', 'cpe:2.3:o:cisco:ios:15.6\\(2\\)t1:*:*:*:*:*:*:*', 'cpe:2.3:o:cisco:ios:15.6\\(2\\)t2:*:*:*:*:*:*:*', 'cpe:2.3:o:cisco:ios:15.6\\(2\\)t3:*:*:*:*:*:*:*', 'cpe:2.3:o:cisco:ios:15.6\\(3\\)m:*:*:*:*:*:*:*', 'cpe:2.3:o:cisco:ios:15.6\\(3\\)m0a:*:*:*:*:*:*:*', 'cpe:2.3:o:cisco:ios:15.6\\(3\\)m1:*:*:*:*:*:*:*', 'cpe:2.3:o:cisco:ios:15.6\\(3\\)m1b:*:*:*:*:*:*:*', 'cpe:2.3:o:cisco:ios:15.6\\(3\\)m2:*:*:*:*:*:*:*', 'cpe:2.3:o:cisco:ios:15.6\\(3\\)m2a:*:*:*:*:*:*:*', 'cpe:2.3:o:cisco:ios:15.6\\(3\\)m3:*:*:*:*:*:*:*', 'cpe:2.3:o:cisco:ios:15.6\\(3\\)m3a:*:*:*:*:*:*:*', 'cpe:2.3:o:cisco:ios:15.6\\(3\\)m4:*:*:*:*:*:*:*', 'cpe:2.3:o:cisco:ios:15.6\\(3\\)m5:*:*:*:*:*:*:*', 'cpe:2.3:o:cisco:ios:15.6\\(3\\)m6:*:*:*:*:*:*:*', 'cpe:2.3:o:cisco:ios:15.6\\(3\\)m6a:*:*:*:*:*:*:*', 'cpe:2.3:o:cisco:ios:15.6\\(3\\)m6b:*:*:*:*:*:*:*', 'cpe:2.3:o:cisco:ios:15.6\\(3\\)m7:*:*:*:*:*:*:*', 'cpe:2.3:o:cisco:ios:15.6\\(3\\)m8:*:*:*:*:*:*:*', 'cpe:2.3:o:cisco:ios:15.6\\(3\\)m9:*:*:*:*:*:*:*', 'cpe:2.3:o:cisco:ios:15.7\\(3\\)m:*:*:*:*:*:*:*', 'cpe:2.3:o:cisco:ios:15.7\\(3\\)m0a:*:*:*:*:*:*:*', 'cpe:2.3:o:cisco:ios:15.7\\(3\\)m1:*:*:*:*:*:*:*', 'cpe:2.3:o:cisco:ios:15.7\\(3\\)m2:*:*:*:*:*:*:*', 'cpe:2.3:o:cisco:ios:15.7\\(3\\)m3:*:*:*:*:*:*:*', 'cpe:2.3:o:cisco:ios:15.7\\(3\\)m4:*:*:*:*:*:*:*', 'cpe:2.3:o:cisco:ios:15.7\\(3\\)m4a:*:*:*:*:*:*:*', 'cpe:2.3:o:cisco:ios:15.7\\(3\\)m4b:*:*:*:*:*:*:*', 'cpe:2.3:o:cisco:ios:15.7\\(3\\)m5:*:*:*:*:*:*:*', 'cpe:2.3:o:cisco:ios:15.7\\(3\\)m6:*:*:*:*:*:*:*', 'cpe:2.3:o:cisco:ios:15.7\\(3\\)m7:*:*:*:*:*:*:*', 'cpe:2.3:o:cisco:ios:15.7\\(3\\)m8:*:*:*:*:*:*:*', 'cpe:2.3:o:cisco:ios:15.7\\(3\\)m9:*:*:*:*:*:*:*', 'cpe:2.3:o:cisco:ios:15.8\\(3\\)m:*:*:*:*:*:*:*', 'cpe:2.3:o:cisco:ios:15.8\\(3\\)m0a:*:*:*:*:*:*:*', 'cpe:2.3:o:cisco:ios:15.8\\(3\\)m0b:*:*:*:*:*:*:*', 'cpe:2.3:o:cisco:ios:15.8\\(3\\)m1:*:*:*:*:*:*:*', 'cpe:2.3:o:cisco:ios:15.8\\(3\\)m1a:*:*:*:*:*:*:*', 'cpe:2.3:o:cisco:ios:15.8\\(3\\)m2:*:*:*:*:*:*:*', 'cpe:2.3:o:cisco:ios:15.8\\(3\\)m2a:*:*:*:*:*:*:*', 'cpe:2.3:o:cisco:ios:15.8\\(3\\)m3:*:*:*:*:*:*:*', 'cpe:2.3:o:cisco:ios:15.8\\(3\\)m3a:*:*:*:*:*:*:*', 'cpe:2.3:o:cisco:ios:15.8\\(3\\)m3b:*:*:*:*:*:*:*', 'cpe:2.3:o:cisco:ios:15.8\\(3\\)m4:*:*:*:*:*:*:*', 'cpe:2.3:o:cisco:ios:15.8\\(3\\)m5:*:*:*:*:*:*:*', 'cpe:2.3:o:cisco:ios:15.8\\(3\\)m6:*:*:*:*:*:*:*', 'cpe:2.3:o:cisco:ios:15.8\\(3\\)m7:*:*:*:*:*:*:*', 'cpe:2.3:o:cisco:ios:15.8\\(3\\)m8:*:*:*:*:*:*:*', 'cpe:2.3:o:cisco:ios:15.8\\(3\\)m9:*:*:*:*:*:*:*', 'cpe:2.3:o:cisco:ios:15.9\\(3\\)m:*:*:*:*:*:*:*', 'cpe:2.3:o:cisco:ios:15.9\\(3\\)m0a:*:*:*:*:*:*:*', 'cpe:2.3:o:cisco:ios:15.9\\(3\\)m1:*:*:*:*:*:*:*', 'cpe:2.3:o:cisco:ios:15.9\\(3\\)m2:*:*:*:*:*:*:*', 'cpe:2.3:o:cisco:ios:15.9\\(3\\)m2a:*:*:*:*:*:*:*', 'cpe:2.3:o:cisco:ios:15.9\\(3\\)m3:*:*:*:*:*:*:*', 'cpe:2.3:o:cisco:ios:15.9\\(3\\)m3a:*:*:*:*:*:*:*', 'cpe:2.3:o:cisco:ios:15.9\\(3\\)m3b:*:*:*:*:*:*:*', 'cpe:2.3:o:cisco:ios:15.9\\(3\\)m4:*:*:*:*:*:*:*', 'cpe:2.3:o:cisco:ios:15.9\\(3\\)m4a:*:*:*:*:*:*:*', 'cpe:2.3:o:cisco:ios:15.9\\(3\\)m5:*:*:*:*:*:*:*', 'cpe:2.3:o:cisco:ios:15.9\\(3\\)m6:*:*:*:*:*:*:*', 'cpe:2.3:o:cisco:ios:15.9\\(3\\)m6a:*:*:*:*:*:*:*', 'cpe:2.3:o:cisco:ios:15.9\\(3\\)m6b:*:*:*:*:*:*:*', 'cpe:2.3:o:cisco:ios:15.9\\(3\\)m7:*:*:*:*:*:*:*', 'cpe:2.3:o:cisco:ios:15.9\\(3\\)m7a:*:*:*:*:*:*:*', 'cpe:2.3:o:cisco:ios:15.9\\(3\\)m8:*:*:*:*:*:*:*', 'cpe:2.3:o:cisco:ios:15.9\\(3\\)m8b:*:*:*:*:*:*:*', 'cpe:2.3:o:cisco:ios:15.9\\(3\\)m9:*:*:*:*:*:*:*', 'cpe:2.3:o:cisco:ios:15.9\\(3\\)m10:*:*:*:*:*:*:*', 'cpe:2.3:o:cisco:ios:15.9\\(3\\)m11:*:*:*:*:*:*:*']",1,['CWE-121'],3.1,CVSS:3.1/AV:N/AC:L/PR:L/UI:N/S:C/C:N/I:N/A:H,7.7,HIGH,NETWORK,LOW,LOW,NONE,CHANGED,NONE,NONE,HIGH,CVE-2025-20352,0.00893,0.74876
3850,CVE-2025-10307,security@wordfence.com,2025-09-26 07:15:40.807,2025-09-26 14:32:19.853,Awaiting Analysis,"[{'url': 'https://plugins.trac.wordpress.org/changeset?sfp_email=&sfph_mail=&reponame=&old=3363283%40backuply&new=3363283%40backuply&sfp_email=&sfph_mail=', 'source': 'security@wordfence.com'}, {'url': 'https://www.wordfence.com/threat-intel/vulnerabilities/id/0dd53fad-1bd7-41ed-95cb-205a9b421724?source=cve', 'source': 'security@wordfence.com'}]",,,,,"The Backuply – Backup, Restore, Migrate and Clone plugin for WordPress is vulnerable to arbitrary file deletion due to insufficient file path validation in the delete backup functionality in all versions up to, and including, 1.4.8. This makes it possible for authenticated attackers, with Administrator-level access and above, to delete arbitrary files on the server, which can easily lead to remote code execution when the right file is deleted (such as wp-config.php).",[],2,['CWE-22'],3.1,CVSS:3.1/AV:N/AC:L/PR:H/UI:N/S:U/C:N/I:H/A:H,6.5,MEDIUM,NETWORK,LOW,HIGH,NONE,UNCHANGED,NONE,HIGH,HIGH,CVE-2025-10307,0.00987,0.76149
4114,CVE-2025-11138,cna@vuldb.com,2025-09-29 03:15:42.467,2025-09-29 19:34:10.030,Undergoing Analysis,"[{'url': 'https://github.com/electroN1chahaha/wenkucms-RCE/issues/1', 'source': 'cna@vuldb.com'}, {'url': 'https://vuldb.com/?ctiid.326215', 'source': 'cna@vuldb.com'}, {'url': 'https://vuldb.com/?id.326215', 'source': 'cna@vuldb.com'}, {'url': 'https://vuldb.com/?submit.657055', 'source': 'cna@vuldb.com'}]",,,,,A vulnerability was found in mirweiye wenkucms up to 3.4. This impacts the function createPathOne of the file app/common/common.php. The manipulation results in os command injection. The attack may be launched remotely. The exploit has been made public and could be used.,[],4,"['CWE-77', 'CWE-78']",3.1,CVSS:3.1/AV:N/AC:L/PR:L/UI:N/S:U/C:L/I:L/A:L,6.3,MEDIUM,NETWORK,LOW,LOW,NONE,UNCHANGED,LOW,LOW,LOW,CVE-2025-11138,0.00841,0.74046
4175,CVE-2025-30247,psirt@wdc.com,2025-09-29 21:15:33.587,2025-10-02 19:12:42.843,Awaiting Analysis,"[{'url': 'https://www.westerndigital.com/support/product-security/wdc-25006-western-digital-my-cloud-os-5-firmware-5-31-108', 'source': 'psirt@wdc.com'}]",,,,,An OS command injection vulnerability in user interface in Western Digital My Cloud firmware prior to 5.31.108 on NAS platforms allows remote attackers to execute arbitrary system commands via a specially crafted HTTP POST.,[],1,['CWE-78'],,,,,,,,,,,,,CVE-2025-30247,0.00873,0.74564
