,cve.id,cve.sourceIdentifier,cve.published,cve.lastModified,cve.vulnStatus,cve.affected,cve.metrics.ssvcV203,cve.references,cve.cisaExploitAdd,cve.cisaActionDue,cve.cisaRequiredAction,cve.cisaVulnerabilityName,description,vulnerable_cpes,num_references,cwe_list,cvss_version,cvss_vectorString,cvss_baseScore,cvss_baseSeverity,cvss_attackVector,cvss_attackComplexity,cvss_privilegesRequired,cvss_userInteraction,cvss_scope,cvss_confidentialityImpact,cvss_integrityImpact,cvss_availabilityImpact,cve,epss,percentile
358,CVE-2026-81578,eb41dac7-0af8-4f84-9f6d-0272772514f4,2026-08-28 16:18:29.600,2026-09-14 00:16:56.207,Analyzed,"[{'source': 'eb41dac7-0af8-4f84-9f6d-0272772514f4', 'affectedData': [{'vendor': 'PaperCut', 'product': 'PaperCut MF/NG', 'defaultStatus': 'unaffected', 'versions': [{'version': '0', 'lessThan': '24.1.10', 'versionType': 'semver', 'status': 'affected'}, {'version': '25.0.0', 'lessThan': '25.0.13', 'versionType': 'semver', 'status': 'affected'}, {'version': '26.0.0', 'lessThan': '26.0.5', 'versionType': 'semver', 'status': 'affected'}]}]}]","[{'source': '134c704f-9b21-4f2e-91b3-4a467353bcc0', 'ssvcData': {'timestamp': '2026-08-28T00:00:00+00:00', 'id': 'CVE-2026-81578', 'options': [{'exploitation': 'active'}, {'automatable': 'yes'}, {'technicalImpact': 'partial'}], 'role': 'CISA Coordinator', 'version': '2.0.3'}}]","[{'url': 'https://www.papercut.com/kb/Main/security-bulletin-27-aug-2026-urgent-security-advisory/', 'source': 'eb41dac7-0af8-4f84-9f6d-0272772514f4', 'tags': ['Patch', 'Vendor Advisory']}, {'url': 'https://github.com/rapid7/metasploit-framework/pull/21842', 'source': '134c704f-9b21-4f2e-91b3-4a467353bcc0', 'tags': ['Issue Tracking', 'Patch']}, {'url': 'https://www.cisa.gov/known-exploited-vulnerabilities-catalog?field_cve=CVE-2026-81578', 'source': '134c704f-9b21-4f2e-91b3-4a467353bcc0', 'tags': ['Patch', 'Third Party Advisory', 'US Government Resource']}]",2026-08-31,2026-09-14,"Apply mitigations in accordance with vendor instructions, ensuring compliance with CISA’s BOD 26-04 Prioritizing Security Updates Based on Risk (see URL in Notes) guidance and CISA’s “Forensics Triage Requirements” (see URL in Notes). Follow applicable BOD 26-04 guidance for cloud services or discontinue use of the product if mitigations are unavailable. Stakeholders are responsible for evaluating each asset's internet exposure and ensuring adherence to BOD 26-04 patching guidelines.",PaperCut NG/MF Missing Authentication for Critical Function Vulnerability,"An improper access control vulnerability exists in the web management interface of PaperCut MF and PaperCut NG. Under specific conditions, unauthenticated remote requests targeting administrative functions can trigger backend actions prior to the  completion of access validation checks. This allows an unauthenticated remote attacker to modify certain system configurations.","['cpe:2.3:a:papercut:papercut_mf:*:*:*:*:*:*:*:*', 'cpe:2.3:a:papercut:papercut_mf:*:*:*:*:*:*:*:*', 'cpe:2.3:a:papercut:papercut_mf:*:*:*:*:*:*:*:*', 'cpe:2.3:a:papercut:papercut_ng:*:*:*:*:*:*:*:*', 'cpe:2.3:a:papercut:papercut_ng:*:*:*:*:*:*:*:*', 'cpe:2.3:a:papercut:papercut_ng:*:*:*:*:*:*:*:*']",3,['CWE-305'],3.1,CVSS:3.1/AV:N/AC:L/PR:N/UI:N/S:U/C:H/I:H/A:H,9.8,CRITICAL,NETWORK,LOW,NONE,NONE,UNCHANGED,HIGH,HIGH,HIGH,CVE-2026-81578,0.0329,0.87941
364,CVE-2026-82078,eb41dac7-0af8-4f84-9f6d-0272772514f4,2026-08-28 16:18:31.240,2026-09-14 00:16:56.777,Analyzed,"[{'source': 'eb41dac7-0af8-4f84-9f6d-0272772514f4', 'affectedData': [{'vendor': 'PaperCut', 'product': 'PaperCut MF/NG', 'defaultStatus': 'unaffected', 'versions': [{'version': '0', 'lessThan': '24.1.10', 'versionType': 'semver', 'status': 'affected'}, {'version': '25.0.0', 'lessThan': '25.0.13', 'versionType': 'semver', 'status': 'affected'}, {'version': '26.0.0', 'lessThan': '26.0.5', 'versionType': 'semver', 'status': 'affected'}]}]}]","[{'source': '134c704f-9b21-4f2e-91b3-4a467353bcc0', 'ssvcData': {'timestamp': '2026-08-28T00:00:00+00:00', 'id': 'CVE-2026-82078', 'options': [{'exploitation': 'active'}, {'automatable': 'no'}, {'technicalImpact': 'total'}], 'role': 'CISA Coordinator', 'version': '2.0.3'}}]","[{'url': 'https://www.papercut.com/kb/Main/security-bulletin-27-aug-2026-urgent-security-advisory/', 'source': 'eb41dac7-0af8-4f84-9f6d-0272772514f4', 'tags': ['Patch', 'Vendor Advisory']}, {'url': 'https://github.com/rapid7/metasploit-framework/pull/21842', 'source': '134c704f-9b21-4f2e-91b3-4a467353bcc0', 'tags': ['Issue Tracking', 'Patch']}, {'url': 'https://www.cisa.gov/known-exploited-vulnerabilities-catalog?field_cve=CVE-2026-82078', 'source': '134c704f-9b21-4f2e-91b3-4a467353bcc0', 'tags': ['Patch', 'Third Party Advisory', 'US Government Resource']}]",2026-08-31,2026-09-14,"Apply mitigations in accordance with vendor instructions, ensuring compliance with CISA’s BOD 26-04 Prioritizing Security Updates Based on Risk (see URL in Notes) guidance and CISA’s “Forensics Triage Requirements” (see URL in Notes). Follow applicable BOD 26-04 guidance for cloud services or discontinue use of the product if mitigations are unavailable. Stakeholders are responsible for evaluating each asset's internet exposure and ensuring adherence to BOD 26-04 patching guidelines.",PaperCut NG/MF Unsafe Reflection Vulnerability,"An unsafe dynamic class loading vulnerability exists in the database connection utilities of PaperCut MF and PaperCut NG. The application instantiates database driver classes based on configurable driver names without validating against an allowlist of approved drivers. If an attacker can manipulate system configuration parameters, this enables the execution of arbitrary Java bytecode residing on the application classpath under the security context of the PaperCut server process.","['cpe:2.3:a:papercut:papercut_mf:*:*:*:*:*:*:*:*', 'cpe:2.3:a:papercut:papercut_mf:*:*:*:*:*:*:*:*', 'cpe:2.3:a:papercut:papercut_mf:*:*:*:*:*:*:*:*', 'cpe:2.3:a:papercut:papercut_ng:*:*:*:*:*:*:*:*', 'cpe:2.3:a:papercut:papercut_ng:*:*:*:*:*:*:*:*', 'cpe:2.3:a:papercut:papercut_ng:*:*:*:*:*:*:*:*']",3,['CWE-470'],3.1,CVSS:3.1/AV:N/AC:L/PR:H/UI:N/S:C/C:H/I:H/A:H,9.1,CRITICAL,NETWORK,LOW,HIGH,NONE,CHANGED,HIGH,HIGH,HIGH,CVE-2026-82078,0.03574,0.88875
522,CVE-2026-82329,reefs@jfrog.com,2026-08-28 20:20:21.293,2026-09-03 13:06:15.630,Analyzed,"[{'source': 'reefs@jfrog.com', 'affectedData': [{'vendor': 'jfrog', 'product': 'artifactory', 'defaultStatus': 'unaffected', 'versions': [{'version': '0', 'lessThan': '7.111.21', 'versionType': 'custom', 'status': 'affected'}, {'version': '7.117.0', 'lessThan': '7.117.28', 'versionType': 'custom', 'status': 'affected'}, {'version': '7.125.0', 'lessThan': '7.125.20', 'versionType': 'custom', 'status': 'affected'}, {'version': '7.133.0', 'lessThan': '7.133.29', 'versionType': 'custom', 'status': 'affected'}, {'version': '7.146.0', 'lessThan': '7.146.38', 'versionType': 'custom', 'status': 'affected'}, {'version': '7.161.0', 'lessThan': '7.161.20', 'versionType': 'custom', 'status': 'affected'}]}]}]","[{'source': '134c704f-9b21-4f2e-91b3-4a467353bcc0', 'ssvcData': {'timestamp': '2026-09-02T00:00:00+00:00', 'id': 'CVE-2026-82329', 'options': [{'exploitation': 'active'}, {'automatable': 'yes'}, {'technicalImpact': 'total'}], 'role': 'CISA Coordinator', 'version': '2.0.3'}}]","[{'url': 'https://docs.jfrog.com/releases/docs/artifactory-self-managed-releases', 'source': 'reefs@jfrog.com', 'tags': ['Release Notes']}, {'url': 'https://docs.jfrog.com/releases/docs/jfrog-security-advisories', 'source': 'reefs@jfrog.com', 'tags': ['Vendor Advisory']}, {'url': 'https://www.cisa.gov/known-exploited-vulnerabilities-catalog?field_cve=CVE-2026-82329', 'source': '134c704f-9b21-4f2e-91b3-4a467353bcc0', 'tags': ['Third Party Advisory', 'US Government Resource']}]",2026-09-02,2026-09-05,"Apply mitigations in accordance with vendor instructions, ensuring compliance with CISA’s BOD 26-04 Prioritizing Security Updates Based on Risk (see URL in Notes) guidance and CISA’s “Forensics Triage Requirements” (see URL in Notes). Follow applicable BOD 26-04 guidance for cloud services or discontinue use of the product if mitigations are unavailable. Stakeholders are responsible for evaluating each asset's internet exposure and ensuring adherence to BOD 26-04 patching guidelines.",JFrog Artifactory Improper Authentication Vulnerability,"JFrog Artifactory contains an authentication weakness that, under default configuration, may allow an unauthenticated attacker with network access to obtain administrative privileges.","['cpe:2.3:a:jfrog:artifactory:*:*:*:*:*:-:*:*', 'cpe:2.3:a:jfrog:artifactory:*:*:*:*:*:-:*:*', 'cpe:2.3:a:jfrog:artifactory:*:*:*:*:*:-:*:*', 'cpe:2.3:a:jfrog:artifactory:*:*:*:*:*:-:*:*', 'cpe:2.3:a:jfrog:artifactory:*:*:*:*:*:-:*:*', 'cpe:2.3:a:jfrog:artifactory:*:*:*:*:*:-:*:*']",3,['CWE-287'],3.1,CVSS:3.1/AV:N/AC:L/PR:N/UI:N/S:U/C:H/I:H/A:H,9.8,CRITICAL,NETWORK,LOW,NONE,NONE,UNCHANGED,HIGH,HIGH,HIGH,CVE-2026-82329,0.07666,0.94403
1524,CVE-2026-83548,PSIRT@sonicwall.com,2026-09-01 22:17:13.170,2026-09-03 13:06:16.053,Analyzed,"[{'source': 'PSIRT@sonicwall.com', 'affectedData': [{'vendor': 'SonicWall', 'product': 'SMA1000', 'defaultStatus': 'unknown', 'platforms': ['Linux'], 'versions': [{'version': '12.4.3-03453 (platform-hotfix) and older versions', 'status': 'affected'}, {'version': '12.5.0-02835 (platform-hotfix) and older versions', 'status': 'affected'}]}]}]","[{'source': '134c704f-9b21-4f2e-91b3-4a467353bcc0', 'ssvcData': {'timestamp': '2026-09-01T00:00:00+00:00', 'id': 'CVE-2026-83548', 'options': [{'exploitation': 'active'}, {'automatable': 'yes'}, {'technicalImpact': 'total'}], 'role': 'CISA Coordinator', 'version': '2.0.3'}}]","[{'url': 'https://psirt.global.sonicwall.com/vuln-detail/SNWLID-2026-0016', 'source': 'PSIRT@sonicwall.com', 'tags': ['Vendor Advisory']}, {'url': 'https://www.cisa.gov/known-exploited-vulnerabilities-catalog?field_cve=CVE-2026-83548', 'source': '134c704f-9b21-4f2e-91b3-4a467353bcc0', 'tags': ['US Government Resource']}]",2026-09-02,2026-09-05,"Apply mitigations in accordance with vendor instructions, ensuring compliance with CISA’s BOD 26-04 Prioritizing Security Updates Based on Risk (see URL in Notes) guidance and CISA’s “Forensics Triage Requirements” (see URL in Notes). Follow applicable BOD 26-04 guidance for cloud services or discontinue use of the product if mitigations are unavailable. Stakeholders are responsible for evaluating each asset's internet exposure and ensuring adherence to BOD 26-04 patching guidelines.",SonicWall SMA1000 Appliances Server-Side Request Forgery Vulnerability,A Pre-authentication SSRF vulnerability exists in the SMA1000 Appliance Work Place interface due to an unintended alternate access path. A remote unauthenticated attacker could potentially exploit this vulnerability to gain unauthorized access to sensitive functionality and perform unauthorized operations.,"['cpe:2.3:a:sonicwall:sma8200v:*:*:*:*:*:*:*:*', 'cpe:2.3:a:sonicwall:sma8200v:*:*:*:*:*:*:*:*', 'cpe:2.3:o:sonicwall:sma6210_firmware:*:*:*:*:*:*:*:*', 'cpe:2.3:o:sonicwall:sma6210_firmware:*:*:*:*:*:*:*:*', 'cpe:2.3:o:sonicwall:sma7210_firmware:*:*:*:*:*:*:*:*', 'cpe:2.3:o:sonicwall:sma7210_firmware:*:*:*:*:*:*:*:*']",2,"['CWE-441', 'CWE-918']",3.1,CVSS:3.1/AV:N/AC:L/PR:N/UI:N/S:C/C:H/I:H/A:H,10.0,CRITICAL,NETWORK,LOW,NONE,NONE,CHANGED,HIGH,HIGH,HIGH,CVE-2026-83548,0.04667,0.91357
1525,CVE-2026-83549,PSIRT@sonicwall.com,2026-09-01 22:17:13.290,2026-09-21 14:17:21.703,Analyzed,"[{'source': 'PSIRT@sonicwall.com', 'affectedData': [{'vendor': 'SonicWall', 'product': 'SMA1000', 'defaultStatus': 'unknown', 'platforms': ['Linux'], 'versions': [{'version': '12.4.3-03453 (platform-hotfix) and older versions', 'status': 'affected'}, {'version': '12.5.0-02835 (platform-hotfix) and older versions', 'status': 'affected'}]}]}]","[{'source': '134c704f-9b21-4f2e-91b3-4a467353bcc0', 'ssvcData': {'timestamp': '2026-09-03T03:55:31.034713Z', 'id': 'CVE-2026-83549', 'options': [{'exploitation': 'active'}, {'automatable': 'no'}, {'technicalImpact': 'total'}], 'role': 'CISA Coordinator', 'version': '2.0.3'}}]","[{'url': 'https://psirt.global.sonicwall.com/vuln-detail/SNWLID-2026-0016', 'source': 'PSIRT@sonicwall.com', 'tags': ['Vendor Advisory']}, {'url': 'https://www.cisa.gov/known-exploited-vulnerabilities-catalog?field_cve=CVE-2026-83549', 'source': '134c704f-9b21-4f2e-91b3-4a467353bcc0', 'tags': ['US Government Resource']}]",2026-09-02,2026-09-05,"Apply mitigations in accordance with vendor instructions, ensuring compliance with CISA’s BOD 26-04 Prioritizing Security Updates Based on Risk (see URL in Notes) guidance and CISA’s “Forensics Triage Requirements” (see URL in Notes). Follow applicable BOD 26-04 guidance for cloud services or discontinue use of the product if mitigations are unavailable. Stakeholders are responsible for evaluating each asset's internet exposure and ensuring adherence to BOD 26-04 patching guidelines.",SonicWall SMA1000 Appliances OS Command Injection Vulnerability,"Post-authentication Improper Neutralization of Special Elements used in an OS Command ('OS Command Injection') vulnerability has been identified in the SMA1000 Appliance Management Console (AMC) which in specific conditions could potentially enable a remote authenticated attacker as administrator to execute arbitrary OS commands, resulting in remote code execution.","['cpe:2.3:a:sonicwall:sma8200v:*:*:*:*:*:*:*:*', 'cpe:2.3:a:sonicwall:sma8200v:*:*:*:*:*:*:*:*', 'cpe:2.3:o:sonicwall:sma6210_firmware:*:*:*:*:*:*:*:*', 'cpe:2.3:o:sonicwall:sma6210_firmware:*:*:*:*:*:*:*:*', 'cpe:2.3:o:sonicwall:sma7210_firmware:*:*:*:*:*:*:*:*', 'cpe:2.3:o:sonicwall:sma7210_firmware:*:*:*:*:*:*:*:*']",2,['CWE-78'],3.1,CVSS:3.1/AV:L/AC:L/PR:L/UI:N/S:U/C:H/I:H/A:H,7.8,HIGH,LOCAL,LOW,LOW,NONE,UNCHANGED,HIGH,HIGH,HIGH,CVE-2026-83549,0.08505,0.94859
2158,CVE-2026-85046,chrome-cve-admin@google.com,2026-09-03 20:17:24.210,2026-09-21 13:17:10.970,Analyzed,"[{'source': 'chrome-cve-admin@google.com', 'affectedData': [{'vendor': 'Google', 'product': 'Chrome', 'versions': [{'version': '152.0.7977.82', 'lessThan': '152.0.7977.82', 'versionType': 'custom', 'status': 'affected'}]}]}]","[{'source': '134c704f-9b21-4f2e-91b3-4a467353bcc0', 'ssvcData': {'timestamp': '2026-09-05T03:55:28.709112Z', 'id': 'CVE-2026-85046', 'options': [{'exploitation': 'active'}, {'automatable': 'no'}, {'technicalImpact': 'total'}], 'role': 'CISA Coordinator', 'version': '2.0.3'}}]","[{'url': 'https://chromereleases.googleblog.com/2026/09/stable-channel-update-for-desktop_01882797386.html', 'source': 'chrome-cve-admin@google.com', 'tags': ['Release Notes', 'Vendor Advisory']}, {'url': 'https://issues.chromium.org/issues/542403045', 'source': 'chrome-cve-admin@google.com', 'tags': ['Permissions Required']}, {'url': 'https://github.com/Serotav/Writeups/blob/77556c57999805fa7815a114da51d91cf24fbea9/v8/When_Sorting_Leads_To_Confusion.md', 'source': 'af854a3a-2127-422b-91ae-364da2661108', 'tags': ['Exploit', 'Third Party Advisory']}, {'url': 'https://github.com/v8/v8/commit/e0562d87ad9c17042b581582c99237d798572e67', 'source': 'af854a3a-2127-422b-91ae-364da2661108', 'tags': ['Patch']}, {'url': 'https://news.ycombinator.com/item?id=49570669', 'source': 'af854a3a-2127-422b-91ae-364da2661108', 'tags': ['Issue Tracking', 'Third Party Advisory']}, {'url': 'https://serotav.github.io/Writeups/v8/when-sorting-leads-to-confusion/', 'source': 'af854a3a-2127-422b-91ae-364da2661108', 'tags': ['Exploit', 'Third Party Advisory']}, {'url': 'https://www.cisa.gov/known-exploited-vulnerabilities-catalog?field_cve=CVE-2026-85046', 'source': '134c704f-9b21-4f2e-91b3-4a467353bcc0', 'tags': ['US Government Resource']}]",2026-09-04,2026-09-18,"Apply mitigations in accordance with vendor instructions, ensuring compliance with CISA’s BOD 26-04 Prioritizing Security Updates Based on Risk (see URL in Notes) guidance and CISA’s “Forensics Triage Requirements” (see URL in Notes). Follow applicable BOD 26-04 guidance for cloud services or discontinue use of the product if mitigations are unavailable. Stakeholders are responsible for evaluating each asset's internet exposure and ensuring adherence to BOD 26-04 patching guidelines.",Google Chromium V8 Type Confusion Vulnerability,Type confusion in V8 in Google Chrome prior to 152.0.7977.82 allowed a remote attacker to execute arbitrary code inside the sandbox via a crafted HTML page. (Chromium security severity: High),"['cpe:2.3:a:google:chrome:*:*:*:*:*:*:*:*', 'cpe:2.3:a:google:v8:*:*:*:*:*:*:*:*']",7,['CWE-843'],3.1,CVSS:3.1/AV:N/AC:L/PR:N/UI:R/S:U/C:H/I:H/A:H,8.8,HIGH,NETWORK,LOW,NONE,REQUIRED,UNCHANGED,HIGH,HIGH,HIGH,CVE-2026-85046,0.01462,0.72027
2945,CVE-2026-86218,a5532a13-c4dd-4202-bef1-e0b8f2f8d12b,2026-09-06 03:17:17.373,2026-09-09 05:18:19.490,Analyzed,"[{'source': 'a5532a13-c4dd-4202-bef1-e0b8f2f8d12b', 'affectedData': [{'vendor': 'N-able', 'product': 'N-central', 'defaultStatus': 'unaffected', 'versions': [{'version': '0', 'lessThan': '2026.3.1.14', 'versionType': 'custom', 'status': 'affected'}]}]}]","[{'source': '134c704f-9b21-4f2e-91b3-4a467353bcc0', 'ssvcData': {'timestamp': '2026-09-07T00:00:00+00:00', 'id': 'CVE-2026-86218', 'options': [{'exploitation': 'active'}, {'automatable': 'yes'}, {'technicalImpact': 'total'}], 'role': 'CISA Coordinator', 'version': '2.0.3'}}]","[{'url': 'https://me.n-able.com/s/security-advisory/aArVy0000002Ld3KAE/cve202686218-preauthentication-remote-code-execution', 'source': 'a5532a13-c4dd-4202-bef1-e0b8f2f8d12b', 'tags': ['Vendor Advisory']}, {'url': 'https://www.cisa.gov/known-exploited-vulnerabilities-catalog?field_cve=CVE-2026-86218', 'source': '134c704f-9b21-4f2e-91b3-4a467353bcc0', 'tags': ['US Government Resource']}]",2026-09-08,2026-09-11,"Apply mitigations in accordance with vendor instructions, ensuring compliance with CISA’s BOD 26-04 Prioritizing Security Updates Based on Risk (see URL in Notes) guidance and CISA’s “Forensics Triage Requirements” (see URL in Notes). Follow applicable BOD 26-04 guidance for cloud services or discontinue use of the product if mitigations are unavailable. Stakeholders are responsible for evaluating each asset's internet exposure and ensuring adherence to BOD 26-04 patching guidelines.",N-able N-central Static Code Injection Vulnerability,N-central is vulnerable to a pre-auth remote code execution This issue affects N-central: before 2026.3.1.14.,"['cpe:2.3:a:n-able:n-central:*:*:*:*:*:*:*:*', 'cpe:2.3:a:n-able:n-central:2026.3:-:*:*:*:*:*:*', 'cpe:2.3:a:n-able:n-central:2026.3:hotfix1:*:*:*:*:*:*', 'cpe:2.3:a:n-able:n-central:2026.3:hotfix2:*:*:*:*:*:*', 'cpe:2.3:a:n-able:n-central:2026.3:hotfix3:*:*:*:*:*:*']",2,['CWE-96'],3.1,CVSS:3.1/AV:N/AC:L/PR:N/UI:N/S:U/C:H/I:H/A:H,9.8,CRITICAL,NETWORK,LOW,NONE,NONE,UNCHANGED,HIGH,HIGH,HIGH,CVE-2026-86218,0.07494,0.94295
3259,CVE-2026-75650,psirt@adobe.com,2026-09-07 21:17:30.863,2026-09-09 05:18:07.237,Analyzed,"[{'source': 'psirt@adobe.com', 'affectedData': [{'vendor': 'Adobe', 'product': 'Adobe Commerce', 'defaultStatus': 'unaffected', 'versions': [{'version': '0', 'lessThanOrEqual': '2.4.9-2026-aug, 2.4.8-2026-aug, 2.4.7-2026-aug, 2.4.6-2026-aug, 2.4.5-2026-aug, 2.4.4-2026-aug', 'versionType': 'custom', 'status': 'affected'}, {'version': 'Hotfix for CVE-2026-7565', 'versionType': 'custom', 'status': 'unaffected'}]}, {'vendor': 'Adobe', 'product': 'Adobe Commerce B2B', 'defaultStatus': 'unaffected', 'versions': [{'version': '0', 'lessThanOrEqual': '1.5.3-2026-aug, 1.5.2-2026-aug, 1.4.2-2026-aug, 1.3.4-2026-aug, 1.3.3-2026-aug', 'versionType': 'custom', 'status': 'affected'}, {'version': 'Hotfix for CVE-2026-7565', 'versionType': 'custom', 'status': 'unaffected'}]}, {'vendor': 'Adobe', 'product': 'Magento Open Source', 'defaultStatus': 'unaffected', 'versions': [{'version': '0', 'lessThanOrEqual': '2.4.9-2026-aug, 2.4.8-2026-aug, 2.4.7-2026-aug, 2.4.6-2026-aug', 'versionType': 'custom', 'status': 'affected'}, {'version': 'Hotfix for CVE-2026-7565', 'versionType': 'custom', 'status': 'unaffected'}]}]}]","[{'source': '134c704f-9b21-4f2e-91b3-4a467353bcc0', 'ssvcData': {'timestamp': '2026-09-08T00:00:00+00:00', 'id': 'CVE-2026-75650', 'options': [{'exploitation': 'active'}, {'automatable': 'yes'}, {'technicalImpact': 'total'}], 'role': 'CISA Coordinator', 'version': '2.0.3'}}]","[{'url': 'https://helpx.adobe.com/security/products/magento/apsb26-146.html', 'source': 'psirt@adobe.com', 'tags': ['Patch', 'Vendor Advisory']}, {'url': 'https://www.cisa.gov/known-exploited-vulnerabilities-catalog?field_cve=CVE-2026-75650', 'source': '134c704f-9b21-4f2e-91b3-4a467353bcc0', 'tags': ['US Government Resource']}]",2026-09-08,2026-09-11,"Apply mitigations in accordance with vendor instructions, ensuring compliance with CISA’s BOD 26-04 Prioritizing Security Updates Based on Risk (see URL in Notes) guidance and CISA’s “Forensics Triage Requirements” (see URL in Notes). Follow applicable BOD 26-04 guidance for cloud services or discontinue use of the product if mitigations are unavailable. Stakeholders are responsible for evaluating each asset's internet exposure and ensuring adherence to BOD 26-04 patching guidelines.",Adobe Commerce and Magento Improper Neutralization of Special Elements Used in a Template Engine Vulnerability,Adobe Commerce is affected by an Improper Neutralization of Special Elements Used in a Template Engine vulnerability that could result in arbitrary code execution in the context of the current user. An attacker could exploit this vulnerability to execute arbitrary code. Exploitation of this issue does not require user interaction. Scope is changed.,"['cpe:2.3:a:adobe:commerce:*:*:*:*:*:*:*:*', 'cpe:2.3:a:adobe:commerce:2.4.4:-:*:*:*:*:*:*', 'cpe:2.3:a:adobe:commerce:2.4.4:p1:*:*:*:*:*:*', 'cpe:2.3:a:adobe:commerce:2.4.4:p10:*:*:*:*:*:*', 'cpe:2.3:a:adobe:commerce:2.4.4:p11:*:*:*:*:*:*', 'cpe:2.3:a:adobe:commerce:2.4.4:p12:*:*:*:*:*:*', 'cpe:2.3:a:adobe:commerce:2.4.4:p13:*:*:*:*:*:*', 'cpe:2.3:a:adobe:commerce:2.4.4:p14:*:*:*:*:*:*', 'cpe:2.3:a:adobe:commerce:2.4.4:p15:*:*:*:*:*:*', 'cpe:2.3:a:adobe:commerce:2.4.4:p16:*:*:*:*:*:*', 'cpe:2.3:a:adobe:commerce:2.4.4:p17:*:*:*:*:*:*', 'cpe:2.3:a:adobe:commerce:2.4.4:p18:*:*:*:*:*:*', 'cpe:2.3:a:adobe:commerce:2.4.4:p2:*:*:*:*:*:*', 'cpe:2.3:a:adobe:commerce:2.4.4:p3:*:*:*:*:*:*', 'cpe:2.3:a:adobe:commerce:2.4.4:p4:*:*:*:*:*:*', 'cpe:2.3:a:adobe:commerce:2.4.4:p5:*:*:*:*:*:*', 'cpe:2.3:a:adobe:commerce:2.4.4:p6:*:*:*:*:*:*', 'cpe:2.3:a:adobe:commerce:2.4.4:p7:*:*:*:*:*:*', 'cpe:2.3:a:adobe:commerce:2.4.4:p8:*:*:*:*:*:*', 'cpe:2.3:a:adobe:commerce:2.4.4:p9:*:*:*:*:*:*', 'cpe:2.3:a:adobe:commerce:2.4.5:-:*:*:*:*:*:*', 'cpe:2.3:a:adobe:commerce:2.4.5:p1:*:*:*:*:*:*', 'cpe:2.3:a:adobe:commerce:2.4.5:p10:*:*:*:*:*:*', 'cpe:2.3:a:adobe:commerce:2.4.5:p11:*:*:*:*:*:*', 'cpe:2.3:a:adobe:commerce:2.4.5:p12:*:*:*:*:*:*', 'cpe:2.3:a:adobe:commerce:2.4.5:p13:*:*:*:*:*:*', 'cpe:2.3:a:adobe:commerce:2.4.5:p14:*:*:*:*:*:*', 'cpe:2.3:a:adobe:commerce:2.4.5:p15:*:*:*:*:*:*', 'cpe:2.3:a:adobe:commerce:2.4.5:p16:*:*:*:*:*:*', 'cpe:2.3:a:adobe:commerce:2.4.5:p17:*:*:*:*:*:*', 'cpe:2.3:a:adobe:commerce:2.4.5:p2:*:*:*:*:*:*', 'cpe:2.3:a:adobe:commerce:2.4.5:p3:*:*:*:*:*:*', 'cpe:2.3:a:adobe:commerce:2.4.5:p4:*:*:*:*:*:*', 'cpe:2.3:a:adobe:commerce:2.4.5:p5:*:*:*:*:*:*', 'cpe:2.3:a:adobe:commerce:2.4.5:p6:*:*:*:*:*:*', 'cpe:2.3:a:adobe:commerce:2.4.5:p7:*:*:*:*:*:*', 'cpe:2.3:a:adobe:commerce:2.4.5:p8:*:*:*:*:*:*', 'cpe:2.3:a:adobe:commerce:2.4.5:p9:*:*:*:*:*:*', 'cpe:2.3:a:adobe:commerce:2.4.6:-:*:*:*:*:*:*', 'cpe:2.3:a:adobe:commerce:2.4.6:p1:*:*:*:*:*:*', 'cpe:2.3:a:adobe:commerce:2.4.6:p10:*:*:*:*:*:*', 'cpe:2.3:a:adobe:commerce:2.4.6:p11:*:*:*:*:*:*', 'cpe:2.3:a:adobe:commerce:2.4.6:p12:*:*:*:*:*:*', 'cpe:2.3:a:adobe:commerce:2.4.6:p13:*:*:*:*:*:*', 'cpe:2.3:a:adobe:commerce:2.4.6:p14:*:*:*:*:*:*', 'cpe:2.3:a:adobe:commerce:2.4.6:p15:*:*:*:*:*:*', 'cpe:2.3:a:adobe:commerce:2.4.6:p2:*:*:*:*:*:*', 'cpe:2.3:a:adobe:commerce:2.4.6:p3:*:*:*:*:*:*', 'cpe:2.3:a:adobe:commerce:2.4.6:p4:*:*:*:*:*:*', 'cpe:2.3:a:adobe:commerce:2.4.6:p5:*:*:*:*:*:*', 'cpe:2.3:a:adobe:commerce:2.4.6:p6:*:*:*:*:*:*', 'cpe:2.3:a:adobe:commerce:2.4.6:p7:*:*:*:*:*:*', 'cpe:2.3:a:adobe:commerce:2.4.6:p8:*:*:*:*:*:*', 'cpe:2.3:a:adobe:commerce:2.4.6:p9:*:*:*:*:*:*', 'cpe:2.3:a:adobe:commerce:2.4.7:-:*:*:*:*:*:*', 'cpe:2.3:a:adobe:commerce:2.4.7:b1:*:*:*:*:*:*', 'cpe:2.3:a:adobe:commerce:2.4.7:b2:*:*:*:*:*:*', 'cpe:2.3:a:adobe:commerce:2.4.7:beta3:*:*:*:*:*:*', 'cpe:2.3:a:adobe:commerce:2.4.7:p1:*:*:*:*:*:*', 'cpe:2.3:a:adobe:commerce:2.4.7:p10:*:*:*:*:*:*', 'cpe:2.3:a:adobe:commerce:2.4.7:p2:*:*:*:*:*:*', 'cpe:2.3:a:adobe:commerce:2.4.7:p3:*:*:*:*:*:*', 'cpe:2.3:a:adobe:commerce:2.4.7:p4:*:*:*:*:*:*', 'cpe:2.3:a:adobe:commerce:2.4.7:p5:*:*:*:*:*:*', 'cpe:2.3:a:adobe:commerce:2.4.7:p6:*:*:*:*:*:*', 'cpe:2.3:a:adobe:commerce:2.4.7:p7:*:*:*:*:*:*', 'cpe:2.3:a:adobe:commerce:2.4.7:p8:*:*:*:*:*:*', 'cpe:2.3:a:adobe:commerce:2.4.7:p9:*:*:*:*:*:*', 'cpe:2.3:a:adobe:commerce:2.4.8:-:*:*:*:*:*:*', 'cpe:2.3:a:adobe:commerce:2.4.8:beta1:*:*:*:*:*:*', 'cpe:2.3:a:adobe:commerce:2.4.8:beta2:*:*:*:*:*:*', 'cpe:2.3:a:adobe:commerce:2.4.8:p1:*:*:*:*:*:*', 'cpe:2.3:a:adobe:commerce:2.4.8:p2:*:*:*:*:*:*', 'cpe:2.3:a:adobe:commerce:2.4.8:p3:*:*:*:*:*:*', 'cpe:2.3:a:adobe:commerce:2.4.8:p4:*:*:*:*:*:*', 'cpe:2.3:a:adobe:commerce:2.4.8:p5:*:*:*:*:*:*', 'cpe:2.3:a:adobe:commerce:2.4.9:-:*:*:*:*:*:*', 'cpe:2.3:a:adobe:commerce:2.4.9:alpha1:*:*:*:*:*:*', 'cpe:2.3:a:adobe:commerce:2.4.9:alpha2:*:*:*:*:*:*', 'cpe:2.3:a:adobe:commerce:2.4.9:alpha3:*:*:*:*:*:*', 'cpe:2.3:a:adobe:commerce:2.4.9:beta1:*:*:*:*:*:*', 'cpe:2.3:a:adobe:commerce_b2b:*:-:*:*:*:*:*:*', 'cpe:2.3:a:adobe:commerce_b2b:1.3.3:-:*:*:*:*:*:*', 'cpe:2.3:a:adobe:commerce_b2b:1.3.3:p1:*:*:*:*:*:*', 'cpe:2.3:a:adobe:commerce_b2b:1.3.3:p10:*:*:*:*:*:*', 'cpe:2.3:a:adobe:commerce_b2b:1.3.3:p11:*:*:*:*:*:*', 'cpe:2.3:a:adobe:commerce_b2b:1.3.3:p12:*:*:*:*:*:*', 'cpe:2.3:a:adobe:commerce_b2b:1.3.3:p13:*:*:*:*:*:*', 'cpe:2.3:a:adobe:commerce_b2b:1.3.3:p14:*:*:*:*:*:*', 'cpe:2.3:a:adobe:commerce_b2b:1.3.3:p15:*:*:*:*:*:*', 'cpe:2.3:a:adobe:commerce_b2b:1.3.3:p16:*:*:*:*:*:*', 'cpe:2.3:a:adobe:commerce_b2b:1.3.3:p17:*:*:*:*:*:*', 'cpe:2.3:a:adobe:commerce_b2b:1.3.3:p18:*:*:*:*:*:*', 'cpe:2.3:a:adobe:commerce_b2b:1.3.3:p2:*:*:*:*:*:*', 'cpe:2.3:a:adobe:commerce_b2b:1.3.3:p3:*:*:*:*:*:*', 'cpe:2.3:a:adobe:commerce_b2b:1.3.3:p4:*:*:*:*:*:*', 'cpe:2.3:a:adobe:commerce_b2b:1.3.3:p5:*:*:*:*:*:*', 'cpe:2.3:a:adobe:commerce_b2b:1.3.3:p6:*:*:*:*:*:*', 'cpe:2.3:a:adobe:commerce_b2b:1.3.3:p7:*:*:*:*:*:*', 'cpe:2.3:a:adobe:commerce_b2b:1.3.3:p8:*:*:*:*:*:*', 'cpe:2.3:a:adobe:commerce_b2b:1.3.3:p9:*:*:*:*:*:*', 'cpe:2.3:a:adobe:commerce_b2b:1.3.4:-:*:*:*:*:*:*', 'cpe:2.3:a:adobe:commerce_b2b:1.3.4:p1:*:*:*:*:*:*', 'cpe:2.3:a:adobe:commerce_b2b:1.3.4:p10:*:*:*:*:*:*', 'cpe:2.3:a:adobe:commerce_b2b:1.3.4:p11:*:*:*:*:*:*', 'cpe:2.3:a:adobe:commerce_b2b:1.3.4:p12:*:*:*:*:*:*', 'cpe:2.3:a:adobe:commerce_b2b:1.3.4:p13:*:*:*:*:*:*', 'cpe:2.3:a:adobe:commerce_b2b:1.3.4:p14:*:*:*:*:*:*', 'cpe:2.3:a:adobe:commerce_b2b:1.3.4:p15:*:*:*:*:*:*', 'cpe:2.3:a:adobe:commerce_b2b:1.3.4:p16:*:*:*:*:*:*', 'cpe:2.3:a:adobe:commerce_b2b:1.3.4:p17:*:*:*:*:*:*', 'cpe:2.3:a:adobe:commerce_b2b:1.3.4:p2:*:*:*:*:*:*', 'cpe:2.3:a:adobe:commerce_b2b:1.3.4:p3:*:*:*:*:*:*', 'cpe:2.3:a:adobe:commerce_b2b:1.3.4:p4:*:*:*:*:*:*', 'cpe:2.3:a:adobe:commerce_b2b:1.3.4:p5:*:*:*:*:*:*', 'cpe:2.3:a:adobe:commerce_b2b:1.3.4:p6:*:*:*:*:*:*', 'cpe:2.3:a:adobe:commerce_b2b:1.3.4:p7:*:*:*:*:*:*', 'cpe:2.3:a:adobe:commerce_b2b:1.3.4:p8:*:*:*:*:*:*', 'cpe:2.3:a:adobe:commerce_b2b:1.3.4:p9:*:*:*:*:*:*', 'cpe:2.3:a:adobe:commerce_b2b:1.4.2:-:*:*:*:*:*:*', 'cpe:2.3:a:adobe:commerce_b2b:1.4.2:p1:*:*:*:*:*:*', 'cpe:2.3:a:adobe:commerce_b2b:1.4.2:p10:*:*:*:*:*:*', 'cpe:2.3:a:adobe:commerce_b2b:1.4.2:p2:*:*:*:*:*:*', 'cpe:2.3:a:adobe:commerce_b2b:1.4.2:p3:*:*:*:*:*:*', 'cpe:2.3:a:adobe:commerce_b2b:1.4.2:p4:*:*:*:*:*:*', 'cpe:2.3:a:adobe:commerce_b2b:1.4.2:p5:*:*:*:*:*:*', 'cpe:2.3:a:adobe:commerce_b2b:1.4.2:p6:*:*:*:*:*:*', 'cpe:2.3:a:adobe:commerce_b2b:1.4.2:p7:*:*:*:*:*:*', 'cpe:2.3:a:adobe:commerce_b2b:1.4.2:p8:*:*:*:*:*:*', 'cpe:2.3:a:adobe:commerce_b2b:1.4.2:p9:*:*:*:*:*:*', 'cpe:2.3:a:adobe:commerce_b2b:1.5.2:-:*:*:*:*:*:*', 'cpe:2.3:a:adobe:commerce_b2b:1.5.2:p1:*:*:*:*:*:*', 'cpe:2.3:a:adobe:commerce_b2b:1.5.2:p2:*:*:*:*:*:*', 'cpe:2.3:a:adobe:commerce_b2b:1.5.2:p3:*:*:*:*:*:*', 'cpe:2.3:a:adobe:commerce_b2b:1.5.2:p4:*:*:*:*:*:*', 'cpe:2.3:a:adobe:commerce_b2b:1.5.2:p5:*:*:*:*:*:*', 'cpe:2.3:a:adobe:commerce_b2b:1.5.3:-:*:*:*:*:*:*', 'cpe:2.3:a:adobe:commerce_b2b:1.5.3:alpha1:*:*:*:*:*:*', 'cpe:2.3:a:adobe:commerce_b2b:1.5.3:alpha2:*:*:*:*:*:*', 'cpe:2.3:a:adobe:commerce_b2b:1.5.3:alpha3:*:*:*:*:*:*', 'cpe:2.3:a:adobe:commerce_b2b:1.5.3:beta1:*:*:*:*:*:*', 'cpe:2.3:a:adobe:magento:*:*:*:*:open_source:*:*:*', 'cpe:2.3:a:adobe:magento:2.4.6:-:*:*:open_source:*:*:*', 'cpe:2.3:a:adobe:magento:2.4.6:p1:*:*:open_source:*:*:*', 'cpe:2.3:a:adobe:magento:2.4.6:p10:*:*:open_source:*:*:*', 'cpe:2.3:a:adobe:magento:2.4.6:p11:*:*:open_source:*:*:*', 'cpe:2.3:a:adobe:magento:2.4.6:p12:*:*:open_source:*:*:*', 'cpe:2.3:a:adobe:magento:2.4.6:p13:*:*:open_source:*:*:*', 'cpe:2.3:a:adobe:magento:2.4.6:p14:*:*:open_source:*:*:*', 'cpe:2.3:a:adobe:magento:2.4.6:p15:*:*:open_source:*:*:*', 'cpe:2.3:a:adobe:magento:2.4.6:p2:*:*:open_source:*:*:*', 'cpe:2.3:a:adobe:magento:2.4.6:p3:*:*:open_source:*:*:*', 'cpe:2.3:a:adobe:magento:2.4.6:p4:*:*:open_source:*:*:*', 'cpe:2.3:a:adobe:magento:2.4.6:p5:*:*:open_source:*:*:*', 'cpe:2.3:a:adobe:magento:2.4.6:p6:*:*:open_source:*:*:*', 'cpe:2.3:a:adobe:magento:2.4.6:p7:*:*:open_source:*:*:*', 'cpe:2.3:a:adobe:magento:2.4.6:p8:*:*:open_source:*:*:*', 'cpe:2.3:a:adobe:magento:2.4.6:p9:*:*:open_source:*:*:*', 'cpe:2.3:a:adobe:magento:2.4.7:-:*:*:open_source:*:*:*', 'cpe:2.3:a:adobe:magento:2.4.7:b1:*:*:open_source:*:*:*', 'cpe:2.3:a:adobe:magento:2.4.7:b2:*:*:open_source:*:*:*', 'cpe:2.3:a:adobe:magento:2.4.7:beta3:*:*:open_source:*:*:*', 'cpe:2.3:a:adobe:magento:2.4.7:p1:*:*:open_source:*:*:*', 'cpe:2.3:a:adobe:magento:2.4.7:p10:*:*:open_source:*:*:*', 'cpe:2.3:a:adobe:magento:2.4.7:p2:*:*:open_source:*:*:*', 'cpe:2.3:a:adobe:magento:2.4.7:p3:*:*:open_source:*:*:*', 'cpe:2.3:a:adobe:magento:2.4.7:p4:*:*:open_source:*:*:*', 'cpe:2.3:a:adobe:magento:2.4.7:p5:*:*:open_source:*:*:*', 'cpe:2.3:a:adobe:magento:2.4.7:p6:*:*:open_source:*:*:*', 'cpe:2.3:a:adobe:magento:2.4.7:p7:*:*:open_source:*:*:*', 'cpe:2.3:a:adobe:magento:2.4.7:p8:*:*:open_source:*:*:*', 'cpe:2.3:a:adobe:magento:2.4.7:p9:*:*:open_source:*:*:*', 'cpe:2.3:a:adobe:magento:2.4.8:-:*:*:open_source:*:*:*', 'cpe:2.3:a:adobe:magento:2.4.8:beta1:*:*:open_source:*:*:*', 'cpe:2.3:a:adobe:magento:2.4.8:beta2:*:*:open_source:*:*:*', 'cpe:2.3:a:adobe:magento:2.4.8:p1:*:*:open_source:*:*:*', 'cpe:2.3:a:adobe:magento:2.4.8:p2:*:*:open_source:*:*:*', 'cpe:2.3:a:adobe:magento:2.4.8:p3:*:*:open_source:*:*:*', 'cpe:2.3:a:adobe:magento:2.4.8:p4:*:*:open_source:*:*:*', 'cpe:2.3:a:adobe:magento:2.4.8:p5:*:*:open_source:*:*:*', 'cpe:2.3:a:adobe:magento:2.4.9:-:*:*:open_source:*:*:*', 'cpe:2.3:a:adobe:magento:2.4.9:alpha1:*:*:open_source:*:*:*', 'cpe:2.3:a:adobe:magento:2.4.9:alpha2:*:*:open_source:*:*:*', 'cpe:2.3:a:adobe:magento:2.4.9:alpha3:*:*:open_source:*:*:*', 'cpe:2.3:a:adobe:magento:2.4.9:beta1:*:*:open_source:*:*:*']",2,['CWE-1336'],3.1,CVSS:3.1/AV:N/AC:L/PR:N/UI:N/S:C/C:H/I:H/A:H,10.0,CRITICAL,NETWORK,LOW,NONE,NONE,CHANGED,HIGH,HIGH,HIGH,CVE-2026-75650,0.02148,0.81057
6587,CVE-2026-85706,cve@gitlab.com,2026-09-12 03:16:30.473,2026-09-23 22:16:59.043,Modified,"[{'source': 'cve@gitlab.com', 'affectedData': [{'vendor': 'GitLab', 'product': 'GitLab', 'defaultStatus': 'unaffected', 'cpes': ['cpe:2.3:a:gitlab:gitlab:*:*:*:*:*:*:*:*'], 'repo': 'git://git@gitlab.com:gitlab-org/gitlab.git', 'versions': [{'version': '18.7', 'lessThan': '18.11.12', 'versionType': 'semver', 'status': 'affected'}, {'version': '19.0', 'lessThan': '19.0.9', 'versionType': 'semver', 'status': 'affected'}, {'version': '19.1', 'lessThan': '19.1.8', 'versionType': 'semver', 'status': 'affected'}, {'version': '19.2', 'lessThan': '19.2.6', 'versionType': 'semver', 'status': 'affected'}, {'version': '19.3', 'lessThan': '19.3.2', 'versionType': 'semver', 'status': 'affected'}]}]}]","[{'source': '134c704f-9b21-4f2e-91b3-4a467353bcc0', 'ssvcData': {'timestamp': '2026-09-12T03:55:28.970728Z', 'id': 'CVE-2026-85706', 'options': [{'exploitation': 'active'}, {'automatable': 'yes'}, {'technicalImpact': 'total'}], 'role': 'CISA Coordinator', 'version': '2.0.3'}}]","[{'url': 'https://gitlab.com/gitlab-org/gitlab/-/work_items/627748', 'source': 'cve@gitlab.com', 'tags': ['Broken Link']}, {'url': 'https://hackerone.com/reports/3909881', 'source': 'cve@gitlab.com', 'tags': ['Permissions Required']}, {'url': 'https://www.cisa.gov/known-exploited-vulnerabilities-catalog?field_cve=CVE-2026-85706', 'source': '134c704f-9b21-4f2e-91b3-4a467353bcc0', 'tags': ['Third Party Advisory', 'US Government Resource']}]",2026-09-11,2026-09-14,"Apply mitigations in accordance with vendor instructions, ensuring compliance with CISA’s BOD 26-04 Prioritizing Security Updates Based on Risk (see URL in Notes) guidance and CISA’s “Forensics Triage Requirements” (see URL in Notes). Follow applicable BOD 26-04 guidance for cloud services or discontinue use of the product if mitigations are unavailable. Stakeholders are responsible for evaluating each asset's internet exposure and ensuring adherence to BOD 26-04 patching guidelines.",GitLab Community Edition and Enterprise Edition Path Traversal Vulnerability,"GitLab has remediated an issue in GitLab CE/EE affecting all versions from 18.7 before 18.11.12, 19.0 before 19.0.9, 19.1 before 19.1.8, 19.2 before 19.2.6, and 19.3 before 19.3.2 that, under certain conditions, an unauthenticated user could have read arbitrary files from the GitLab server due to improper path confinement and missing authentication enforcement in the repository commits API.","['cpe:2.3:a:gitlab:gitlab:*:*:*:*:community:*:*:*', 'cpe:2.3:a:gitlab:gitlab:*:*:*:*:enterprise:*:*:*', 'cpe:2.3:a:gitlab:gitlab:*:*:*:*:community:*:*:*', 'cpe:2.3:a:gitlab:gitlab:*:*:*:*:enterprise:*:*:*', 'cpe:2.3:a:gitlab:gitlab:*:*:*:*:community:*:*:*', 'cpe:2.3:a:gitlab:gitlab:*:*:*:*:enterprise:*:*:*']",3,['CWE-22'],3.1,CVSS:3.1/AV:N/AC:L/PR:N/UI:N/S:C/C:H/I:H/A:N,10.0,CRITICAL,NETWORK,LOW,NONE,NONE,CHANGED,HIGH,HIGH,NONE,CVE-2026-85706,0.14563,0.96545
7134,CVE-2026-76461,psirt@cisco.com,2026-09-14 17:17:51.113,2026-09-15 12:47:32.497,Analyzed,"[{'source': 'psirt@cisco.com', 'affectedData': [{'vendor': 'Cisco', 'product': 'Cisco Secure Email', 'defaultStatus': 'unknown', 'versions': [{'version': '14.0.0-698', 'status': 'affected'}, {'version': '13.5.1-277', 'status': 'affected'}, {'version': '13.0.0-392', 'status': 'affected'}, {'version': '14.2.0-620', 'status': 'affected'}, {'version': '13.0.5-007', 'status': 'affected'}, {'version': '13.5.4-038', 'status': 'affected'}, {'version': '14.2.1-020', 'status': 'affected'}, {'version': '14.3.0-032', 'status': 'affected'}, {'version': '15.0.0-104', 'status': 'affected'}, {'version': '15.0.1-030', 'status': 'affected'}, {'version': '15.5.0-048', 'status': 'affected'}, {'version': '15.5.1-055', 'status': 'affected'}, {'version': '15.5.2-018', 'status': 'affected'}, {'version': '16.0.0-050', 'status': 'affected'}, {'version': '15.0.3-002', 'status': 'affected'}, {'version': '16.0.0-054', 'status': 'affected'}, {'version': '15.5.3-022', 'status': 'affected'}, {'version': '16.0.1-017', 'status': 'affected'}, {'version': '15.5.4-012', 'status': 'affected'}, {'version': '16.0.4-016', 'status': 'affected'}, {'version': '15.0.5-016', 'status': 'affected'}, {'version': '16.0.2-112', 'status': 'affected'}, {'version': '16.0.3-044', 'status': 'affected'}]}]}]","[{'source': '134c704f-9b21-4f2e-91b3-4a467353bcc0', 'ssvcData': {'timestamp': '2026-09-14T00:00:00+00:00', 'id': 'CVE-2026-76461', 'options': [{'exploitation': 'active'}, {'automatable': 'yes'}, {'technicalImpact': 'total'}], 'role': 'CISA Coordinator', 'version': '2.0.3'}}]","[{'url': 'https://sec.cloudapps.cisco.com/security/center/content/CiscoSecurityAdvisory/cisco-sa-esa-inj-2bLVGmhX', 'source': 'psirt@cisco.com', 'tags': ['Vendor Advisory']}, {'url': 'https://www.cisa.gov/known-exploited-vulnerabilities-catalog?field_cve=CVE-2026-76461', 'source': '134c704f-9b21-4f2e-91b3-4a467353bcc0', 'tags': ['US Government Resource']}]",2026-09-14,2026-09-17,"Apply mitigations in accordance with vendor instructions, ensuring compliance with CISA’s BOD 26-04 Prioritizing Security Updates Based on Risk (see URL in Notes) guidance and CISA’s “Forensics Triage Requirements” (see URL in Notes). Follow applicable BOD 26-04 guidance for cloud services or discontinue use of the product if mitigations are unavailable. Stakeholders are responsible for evaluating each asset's internet exposure and ensuring adherence to BOD 26-04 patching guidelines.",Cisco Secure Email Gateway SQL Injection Vulnerability,"A vulnerability in the email parsing of Cisco AsyncOS Software for Cisco Secure Email Gateway could allow an unauthenticated, remote attacker to execute arbitrary commands with root privileges on the underlying operating system.

This vulnerability is due to insufficient validation in the email parsing logic. An attacker could exploit this vulnerability by sending a crafted email message that contains malicious SQL statements through an affected device. A successful exploit could allow the attacker to execute arbitrary SQL statements, leading to command execution with root privileges on the underlying operating system.","['cpe:2.3:o:cisco:asyncos:*:*:*:*:*:*:*:*', 'cpe:2.3:o:cisco:asyncos:*:*:*:*:*:*:*:*', 'cpe:2.3:o:cisco:asyncos:*:*:*:*:*:*:*:*']",2,['CWE-89'],3.1,CVSS:3.1/AV:N/AC:L/PR:N/UI:N/S:U/C:H/I:H/A:H,9.8,CRITICAL,NETWORK,LOW,NONE,NONE,UNCHANGED,HIGH,HIGH,HIGH,CVE-2026-76461,0.02009,0.79731
