;cve.id
0;CVE-2025-9751
1;CVE-2025-9752
2;CVE-2025-9753
3;CVE-2025-9754
4;CVE-2025-9755
5;CVE-2025-9756
6;CVE-2025-9567
7;CVE-2025-9568
8;CVE-2025-9569
9;CVE-2025-9757
10;CVE-2025-7405
11;CVE-2025-7731
12;CVE-2025-9570
13;CVE-2025-9758
14;CVE-2025-9759
15;CVE-2025-9760
16;CVE-2025-9761
17;CVE-2025-9763
18;CVE-2025-20703
19;CVE-2025-20704
20;CVE-2025-20705
21;CVE-2025-20706
22;CVE-2025-20707
23;CVE-2025-20708
24;CVE-2025-54857
25;CVE-2025-6507
26;CVE-2025-9764
27;CVE-2025-9765
28;CVE-2025-9766
29;CVE-2025-9767
30;CVE-2022-38691
31;CVE-2022-38692
32;CVE-2022-38693
33;CVE-2022-38694
34;CVE-2022-38695
35;CVE-2022-38696
36;CVE-2025-58318
37;CVE-2025-9768
38;CVE-2025-9769
39;CVE-2025-9770
40;CVE-2025-9771
41;CVE-2025-9772
42;CVE-2025-9773
43;CVE-2025-9774
44;CVE-2025-9775
45;CVE-2025-36133
46;CVE-2025-9778
47;CVE-2024-12914
48;CVE-2024-12924
49;CVE-2024-12925
50;CVE-2025-0610
51;CVE-2025-2412
52;CVE-2025-9779
53;CVE-2025-9780
54;CVE-2025-9781
55;CVE-2025-9782
56;CVE-2025-0656
57;CVE-2025-33082
58;CVE-2025-33083
59;CVE-2025-33084
60;CVE-2025-33099
61;CVE-2025-33102
62;CVE-2025-9783
63;CVE-2025-55007
64;CVE-2025-57799
65;CVE-2025-9786
66;CVE-2025-9375
67;CVE-2025-3586
68;CVE-2025-9788
69;CVE-2025-9789
70;CVE-2025-9790
71;CVE-2025-9791
72;CVE-2025-9809
73;CVE-2025-9810
74;CVE-2025-9792
75;CVE-2025-9793
76;CVE-2025-9794
77;CVE-2025-9795
78;CVE-2024-28988
79;CVE-2025-9796
80;CVE-2025-9797
81;CVE-2025-9799
82;CVE-2025-9800
83;CVE-2025-9801
84;CVE-2025-9802
85;CVE-2025-57808
86;CVE-2025-58161
87;CVE-2025-58162
88;CVE-2025-58178
89;CVE-2025-9805
90;CVE-2025-9806
91;CVE-2025-8662
92;CVE-2025-9811
93;CVE-2025-9812
94;CVE-2025-9813
95;CVE-2025-9814
96;CVE-2025-9815
97;CVE-2025-41690
98;CVE-2025-44017
99;CVE-2025-41030
100;CVE-2025-41031
101;CVE-2025-9573
102;CVE-2024-12972
103;CVE-2024-12973
104;CVE-2024-52284
105;CVE-2024-58259
106;CVE-2025-0640
107;CVE-2025-2414
108;CVE-2025-46810
109;CVE-2025-52543
110;CVE-2025-52544
111;CVE-2025-52545
112;CVE-2025-52546
113;CVE-2025-52547
114;CVE-2025-52548
115;CVE-2025-52549
116;CVE-2025-52550
117;CVE-2025-52551
118;CVE-2025-56254
119;CVE-2025-57140
120;CVE-2025-5662
121;CVE-2025-6519
122;CVE-2024-12974
123;CVE-2025-0670
124;CVE-2025-2413
125;CVE-2025-46047
126;CVE-2025-9784
127;CVE-2024-48705
128;CVE-2025-50755
129;CVE-2025-50757
130;CVE-2024-51423
131;CVE-2025-54599
132;CVE-2025-55372
133;CVE-2025-57611
134;CVE-2025-57612
135;CVE-2025-57613
136;CVE-2025-57614
137;CVE-2025-57615
138;CVE-2025-57616
139;CVE-2025-55373
140;CVE-2025-55472
141;CVE-2025-55473
142;CVE-2025-55474
143;CVE-2025-9696
144;CVE-2025-9828
145;CVE-2025-32098
146;CVE-2025-32100
147;CVE-2025-50565
148;CVE-2025-51966
149;CVE-2025-55476
150;CVE-2025-55824
151;CVE-2025-36162
152;CVE-2025-43726
153;CVE-2025-57774
154;CVE-2025-57775
155;CVE-2025-57776
156;CVE-2025-57777
157;CVE-2025-57778
158;CVE-2025-9188
159;CVE-2025-9189
160;CVE-2025-9829
161;CVE-2025-6685
162;CVE-2025-7974
163;CVE-2025-7975
164;CVE-2025-7976
165;CVE-2025-8298
166;CVE-2025-8299
167;CVE-2025-8300
168;CVE-2025-8301
169;CVE-2025-8302
170;CVE-2025-8613
171;CVE-2025-8614
172;CVE-2025-9273
173;CVE-2025-9274
174;CVE-2025-9275
175;CVE-2025-9276
176;CVE-2025-9830
177;CVE-2025-9323
178;CVE-2025-9324
179;CVE-2025-9325
180;CVE-2025-9326
181;CVE-2025-9327
182;CVE-2025-9328
183;CVE-2025-9329
184;CVE-2025-9330
185;CVE-2025-9831
186;CVE-2025-9832
187;CVE-2025-9833
188;CVE-2025-9834
189;CVE-2025-9835
190;CVE-2025-9836
191;CVE-2025-9837
192;CVE-2024-40653
193;CVE-2024-49720
194;CVE-2024-49722
195;CVE-2024-49728
196;CVE-2024-49730
197;CVE-2025-22416
198;CVE-2025-22417
199;CVE-2025-22418
200;CVE-2025-22419
201;CVE-2025-22421
202;CVE-2025-22422
203;CVE-2025-22423
204;CVE-2025-22427
205;CVE-2025-22428
206;CVE-2025-22429
207;CVE-2025-22430
208;CVE-2025-22431
209;CVE-2025-22433
210;CVE-2025-22434
211;CVE-2025-22435
212;CVE-2025-22437
213;CVE-2025-22438
214;CVE-2025-22439
215;CVE-2025-22442
216;CVE-2025-26416
217;CVE-2025-9838
218;CVE-2025-9839
219;CVE-2025-9840
220;CVE-2025-54588
221;CVE-2025-9260
222;CVE-2025-9841
223;CVE-2025-9842
224;CVE-2025-57806
225;CVE-2025-9843
226;CVE-2025-9845
227;CVE-2025-58163
228;CVE-2025-7039
229;CVE-2025-9847
230;CVE-2025-9848
231;CVE-2025-58176
232;CVE-2025-58351
233;CVE-2025-9785
234;CVE-2023-21466
235;CVE-2023-21467
236;CVE-2023-21468
237;CVE-2023-21469
238;CVE-2023-21470
239;CVE-2023-21471
240;CVE-2023-21472
241;CVE-2023-21473
242;CVE-2023-21474
243;CVE-2023-21475
244;CVE-2023-21476
245;CVE-2023-21477
246;CVE-2023-21478
247;CVE-2023-21479
248;CVE-2023-21480
249;CVE-2023-21481
250;CVE-2023-21482
251;CVE-2023-21483
252;CVE-2023-3666
253;CVE-2025-21025
254;CVE-2025-21026
255;CVE-2025-21027
256;CVE-2025-21028
257;CVE-2025-21029
258;CVE-2025-21030
259;CVE-2025-21031
260;CVE-2025-21032
261;CVE-2025-21033
262;CVE-2025-21034
263;CVE-2025-21035
264;CVE-2025-21036
265;CVE-2025-21037
266;CVE-2025-21038
267;CVE-2025-21039
268;CVE-2025-21040
269;CVE-2025-21041
270;CVE-2025-58272
271;CVE-2024-32444
272;CVE-2025-58210
273;CVE-2025-8663
274;CVE-2025-9378
275;CVE-2025-9817
276;CVE-2014-125127
277;CVE-2024-13063
278;CVE-2024-13064
279;CVE-2024-13065
280;CVE-2024-43115
281;CVE-2025-1740
282;CVE-2025-2415
283;CVE-2025-9219
284;CVE-2024-43166
285;CVE-2025-9821
286;CVE-2025-41000
287;CVE-2024-13066
288;CVE-2025-38678
289;CVE-2025-3701
290;CVE-2025-53691
291;CVE-2025-53693
292;CVE-2025-53694
293;CVE-2025-9901
294;CVE-2024-13068
295;CVE-2025-0878
296;CVE-2025-26210
297;CVE-2025-2416
298;CVE-2025-47421
299;CVE-2025-9822
300;CVE-2025-56608
301;CVE-2025-57052
302;CVE-2025-57146
303;CVE-2025-57147
304;CVE-2025-57148
305;CVE-2025-57149
306;CVE-2025-57150
307;CVE-2025-57151
308;CVE-2025-58458
309;CVE-2025-58459
310;CVE-2025-58460
311;CVE-2025-58593
312;CVE-2025-58594
313;CVE-2025-58596
314;CVE-2025-58597
315;CVE-2025-58598
316;CVE-2025-58599
317;CVE-2025-58600
318;CVE-2025-58601
319;CVE-2025-58602
320;CVE-2025-58603
321;CVE-2025-58604
322;CVE-2025-58605
323;CVE-2025-58606
324;CVE-2025-58607
325;CVE-2025-58608
326;CVE-2025-58609
327;CVE-2025-58610
328;CVE-2025-58611
329;CVE-2025-58612
330;CVE-2025-58613
331;CVE-2025-58614
332;CVE-2025-58615
333;CVE-2025-58616
334;CVE-2025-58617
335;CVE-2025-58618
336;CVE-2025-58620
337;CVE-2025-58621
338;CVE-2025-58622
339;CVE-2025-58623
340;CVE-2025-58624
341;CVE-2025-58625
342;CVE-2025-58626
343;CVE-2025-58630
344;CVE-2025-58631
345;CVE-2025-58632
346;CVE-2025-58633
347;CVE-2025-58634
348;CVE-2025-58635
349;CVE-2025-58637
350;CVE-2025-58639
351;CVE-2025-58640
352;CVE-2025-58641
353;CVE-2025-58642
354;CVE-2025-58643
355;CVE-2025-58644
356;CVE-2025-9823
357;CVE-2025-9824
358;CVE-2025-0280
359;CVE-2025-55852
360;CVE-2025-55944
361;CVE-2025-56435
362;CVE-2025-56498
363;CVE-2025-9919
364;CVE-2025-9920
365;CVE-2025-56689
366;CVE-2025-56760
367;CVE-2025-56761
368;CVE-2025-9864
369;CVE-2025-9865
370;CVE-2025-9866
371;CVE-2025-9867
372;CVE-2025-9921
373;CVE-2025-9922
374;CVE-2025-9959
375;CVE-2025-20270
376;CVE-2025-20280
377;CVE-2025-20287
378;CVE-2025-20291
379;CVE-2025-20326
380;CVE-2025-20328
381;CVE-2025-20330
382;CVE-2025-20335
383;CVE-2025-20336
384;CVE-2025-45805
385;CVE-2025-52494
386;CVE-2025-56752
387;CVE-2025-56803
388;CVE-2025-36193
389;CVE-2025-9923
390;CVE-2025-9924
391;CVE-2025-53690
392;CVE-2025-55162
393;CVE-2025-56139
394;CVE-2025-9365
395;CVE-2025-9925
396;CVE-2025-9926
397;CVE-2025-55747
398;CVE-2025-55748
399;CVE-2025-57833
400;CVE-2025-58056
401;CVE-2025-8268
402;CVE-2025-9927
403;CVE-2025-9928
404;CVE-2024-13071
405;CVE-2024-13073
406;CVE-2024-56189
407;CVE-2024-56190
408;CVE-2025-2411
409;CVE-2025-2417
410;CVE-2025-36887
411;CVE-2025-36890
412;CVE-2025-36891
413;CVE-2025-36892
414;CVE-2025-36893
415;CVE-2025-36894
416;CVE-2025-36895
417;CVE-2025-36896
418;CVE-2025-36897
419;CVE-2025-36898
420;CVE-2025-36899
421;CVE-2025-36900
422;CVE-2025-36901
423;CVE-2025-36902
424;CVE-2025-36903
425;CVE-2025-36904
426;CVE-2025-36905
427;CVE-2025-36906
428;CVE-2025-36907
429;CVE-2025-36908
430;CVE-2025-36909
431;CVE-2025-43772
432;CVE-2025-58057
433;CVE-2025-58064
434;CVE-2025-58355
435;CVE-2025-58357
436;CVE-2025-58358
437;CVE-2025-6085
438;CVE-2025-6984
439;CVE-2025-9467
440;CVE-2025-9516
441;CVE-2025-9517
442;CVE-2025-9518
443;CVE-2025-9519
444;CVE-2025-9616
445;CVE-2025-9929
446;CVE-2025-9930
447;CVE-2025-9931
448;CVE-2025-9932
449;CVE-2025-9933
450;CVE-2025-9934
451;CVE-2025-9935
452;CVE-2025-9936
453;CVE-2025-9937
454;CVE-2025-9938
455;CVE-2025-9939
456;CVE-2025-9940
457;CVE-2025-9941
458;CVE-2025-9942
459;CVE-2022-39888
460;CVE-2024-34598
461;CVE-2025-41032
462;CVE-2025-41033
463;CVE-2025-41034
464;CVE-2025-41035
465;CVE-2025-41036
466;CVE-2025-41037
467;CVE-2025-41038
468;CVE-2025-41039
469;CVE-2025-41040
470;CVE-2025-41041
471;CVE-2025-41042
472;CVE-2025-41043
473;CVE-2025-41044
474;CVE-2025-41045
475;CVE-2025-41046
476;CVE-2025-41047
477;CVE-2025-41048
478;CVE-2025-41049
479;CVE-2025-41050
480;CVE-2025-41051
481;CVE-2025-41052
482;CVE-2025-41053
483;CVE-2025-41054
484;CVE-2025-41055
485;CVE-2025-41056
486;CVE-2025-41057
487;CVE-2025-41058
488;CVE-2025-41059
489;CVE-2025-41060
490;CVE-2025-41061
491;CVE-2025-41062
492;CVE-2025-41063
493;CVE-2025-7385
494;CVE-2025-7388
495;CVE-2025-57263
496;CVE-2024-43184
497;CVE-2025-25048
498;CVE-2025-2667
499;CVE-2025-2694
500;CVE-2025-6785
501;CVE-2025-8311
502;CVE-2025-23256
503;CVE-2025-23257
504;CVE-2025-23258
505;CVE-2025-23259
506;CVE-2025-23261
507;CVE-2025-23262
508;CVE-2025-23301
509;CVE-2025-23302
510;CVE-2025-38679
511;CVE-2025-38680
512;CVE-2025-38681
513;CVE-2025-38682
514;CVE-2025-38683
515;CVE-2025-38684
516;CVE-2025-38685
517;CVE-2025-38686
518;CVE-2025-38687
519;CVE-2025-38688
520;CVE-2025-38689
521;CVE-2025-38690
522;CVE-2025-38691
523;CVE-2025-38692
524;CVE-2025-38693
525;CVE-2025-38694
526;CVE-2025-38695
527;CVE-2025-38696
528;CVE-2025-38697
529;CVE-2025-38698
530;CVE-2025-38699
531;CVE-2025-38700
532;CVE-2025-38701
533;CVE-2025-38702
534;CVE-2025-38703
535;CVE-2025-38704
536;CVE-2025-38705
537;CVE-2025-38706
538;CVE-2025-38707
539;CVE-2025-38708
540;CVE-2025-38709
541;CVE-2025-38710
542;CVE-2025-38711
543;CVE-2025-38712
544;CVE-2025-38713
545;CVE-2025-38714
546;CVE-2025-38715
547;CVE-2025-38716
548;CVE-2025-38717
549;CVE-2025-38718
550;CVE-2025-38719
551;CVE-2025-38720
552;CVE-2025-38721
553;CVE-2025-38722
554;CVE-2025-38723
555;CVE-2025-38724
556;CVE-2025-38725
557;CVE-2025-38726
558;CVE-2025-38727
559;CVE-2025-38728
560;CVE-2025-38729
561;CVE-2025-38730
562;CVE-2025-57576
563;CVE-2025-9636
564;CVE-2023-35657
565;CVE-2024-49739
566;CVE-2025-0077
567;CVE-2025-0087
568;CVE-2025-22425
569;CVE-2025-26420
570;CVE-2025-26421
571;CVE-2025-26422
572;CVE-2025-26423
573;CVE-2025-26424
574;CVE-2025-26425
575;CVE-2025-26426
576;CVE-2025-26427
577;CVE-2025-26428
578;CVE-2025-26429
579;CVE-2025-26430
580;CVE-2025-26432
581;CVE-2025-26435
582;CVE-2025-26436
583;CVE-2025-26437
584;CVE-2025-26438
585;CVE-2025-26440
586;CVE-2025-26441
587;CVE-2025-26442
588;CVE-2025-26443
589;CVE-2025-26444
590;CVE-2025-26445
591;CVE-2025-26448
592;CVE-2025-26449
593;CVE-2025-26450
594;CVE-2025-26452
595;CVE-2025-26453
596;CVE-2025-26455
597;CVE-2025-26456
598;CVE-2025-26458
599;CVE-2025-26462
600;CVE-2025-26463
601;CVE-2025-32312
602;CVE-2024-49714
603;CVE-2025-0076
604;CVE-2025-0089
605;CVE-2025-22441
606;CVE-2025-26454
607;CVE-2025-26464
608;CVE-2025-32321
609;CVE-2025-32323
610;CVE-2025-32324
611;CVE-2025-32325
612;CVE-2025-32326
613;CVE-2025-32327
614;CVE-2025-32330
615;CVE-2025-32331
616;CVE-2025-32332
617;CVE-2025-32333
618;CVE-2025-32345
619;CVE-2025-32346
620;CVE-2025-32347
621;CVE-2025-32349
622;CVE-2025-32350
623;CVE-2025-48522
624;CVE-2025-48523
625;CVE-2025-48524
626;CVE-2025-48526
627;CVE-2025-48527
628;CVE-2025-48528
629;CVE-2025-48529
630;CVE-2025-48530
631;CVE-2025-48531
632;CVE-2025-48532
633;CVE-2025-48533
634;CVE-2025-48534
635;CVE-2025-48535
636;CVE-2025-48537
637;CVE-2025-48538
638;CVE-2025-48539
639;CVE-2025-48540
640;CVE-2025-48541
641;CVE-2025-48542
642;CVE-2025-48543
643;CVE-2025-48544
644;CVE-2025-48545
645;CVE-2025-48546
646;CVE-2025-48547
647;CVE-2025-48548
648;CVE-2025-48549
649;CVE-2025-48550
650;CVE-2025-48551
651;CVE-2025-48552
652;CVE-2025-48553
653;CVE-2025-48554
654;CVE-2025-48556
655;CVE-2025-48558
656;CVE-2025-48559
657;CVE-2025-48560
658;CVE-2025-48561
659;CVE-2025-48562
660;CVE-2025-48563
661;CVE-2025-48581
662;CVE-2024-40664
663;CVE-2024-49731
664;CVE-2025-22414
665;CVE-2025-22415
666;CVE-2025-26419
667;CVE-2025-26431
668;CVE-2025-26439
669;CVE-2025-32322
670;CVE-2025-58353
671;CVE-2025-58361
672;CVE-2025-54914
673;CVE-2025-55190
674;CVE-2025-55209
675;CVE-2025-55238
676;CVE-2025-55241
677;CVE-2025-55242
678;CVE-2025-55244
679;CVE-2025-55305
680;CVE-2025-55739
681;CVE-2025-58179
682;CVE-2025-58352
683;CVE-2025-58359
684;CVE-2025-58362
685;CVE-2025-7445
686;CVE-2025-9990
687;CVE-2025-8684
688;CVE-2025-58401
689;CVE-2025-41408
690;CVE-2025-55037
691;CVE-2025-55671
692;CVE-2025-58400
693;CVE-2025-8944
694;CVE-2025-48395
695;CVE-2025-58276
696;CVE-2025-58280
697;CVE-2025-58281
698;CVE-2025-58296
699;CVE-2025-58313
700;CVE-2024-21977
701;CVE-2025-10011
702;CVE-2025-58783
703;CVE-2025-58784
704;CVE-2025-58785
705;CVE-2025-58786
706;CVE-2025-58787
707;CVE-2025-58788
708;CVE-2025-58789
709;CVE-2025-58790
710;CVE-2025-58791
711;CVE-2025-58792
712;CVE-2025-58793
713;CVE-2025-58794
714;CVE-2025-58795
715;CVE-2025-58796
716;CVE-2025-58797
717;CVE-2025-58798
718;CVE-2025-58799
719;CVE-2025-58800
720;CVE-2025-58801
721;CVE-2025-58802
722;CVE-2025-58804
723;CVE-2025-58805
724;CVE-2025-58806
725;CVE-2025-58807
726;CVE-2025-58808
727;CVE-2025-58809
728;CVE-2025-58810
729;CVE-2025-58811
730;CVE-2025-58812
731;CVE-2025-58813
732;CVE-2025-58814
733;CVE-2025-58815
734;CVE-2025-58816
735;CVE-2025-58817
736;CVE-2025-58818
737;CVE-2025-58819
738;CVE-2025-58820
739;CVE-2025-58821
740;CVE-2025-58822
741;CVE-2025-58823
742;CVE-2025-58824
743;CVE-2025-58825
744;CVE-2025-58826
745;CVE-2025-58827
746;CVE-2025-58828
747;CVE-2025-58829
748;CVE-2025-58830
749;CVE-2025-58831
750;CVE-2025-58832
751;CVE-2025-58833
752;CVE-2025-58834
753;CVE-2025-58835
754;CVE-2025-58836
755;CVE-2025-58837
756;CVE-2025-58838
757;CVE-2025-58839
758;CVE-2025-58840
759;CVE-2025-58841
760;CVE-2025-58842
761;CVE-2025-58843
762;CVE-2025-58844
763;CVE-2025-58845
764;CVE-2025-58846
765;CVE-2025-58847
766;CVE-2025-58848
767;CVE-2025-58849
768;CVE-2025-58850
769;CVE-2025-58851
770;CVE-2025-58852
771;CVE-2025-58853
772;CVE-2025-58854
773;CVE-2025-58855
774;CVE-2025-58856
775;CVE-2025-58857
776;CVE-2025-58858
777;CVE-2025-58859
778;CVE-2025-58860
779;CVE-2025-58861
780;CVE-2025-58862
781;CVE-2025-58863
782;CVE-2025-58864
783;CVE-2025-58865
784;CVE-2025-58866
785;CVE-2025-58867
786;CVE-2025-58868
787;CVE-2025-58869
788;CVE-2025-58870
789;CVE-2025-58871
790;CVE-2025-58872
791;CVE-2025-58873
792;CVE-2025-58874
793;CVE-2025-58875
794;CVE-2025-58876
795;CVE-2025-58878
796;CVE-2025-58880
797;CVE-2025-58881
798;CVE-2025-58882
799;CVE-2025-58883
800;CVE-2025-58884
801;CVE-2025-58886
802;CVE-2025-58887
803;CVE-2025-8695
804;CVE-2025-10012
805;CVE-2025-58780
806;CVE-2025-10013
807;CVE-2024-0028
808;CVE-2025-26434
809;CVE-2025-26461
810;CVE-2025-27003
811;CVE-2025-32316
812;CVE-2025-32317
813;CVE-2025-32318
814;CVE-2025-32320
815;CVE-2025-48102
816;CVE-2025-48103
817;CVE-2025-48104
818;CVE-2025-48105
819;CVE-2025-48317
820;CVE-2025-49401
821;CVE-2025-53307
822;CVE-2025-53571
823;CVE-2025-54744
824;CVE-2025-57889
825;CVE-2025-58206
826;CVE-2025-58214
827;CVE-2025-58628
828;CVE-2025-9998
829;CVE-2025-9999
830;CVE-2025-10014
831;CVE-2025-30198
832;CVE-2025-30199
833;CVE-2025-30200
834;CVE-2025-35451
835;CVE-2025-35452
836;CVE-2025-38731
837;CVE-2025-38732
838;CVE-2025-38733
839;CVE-2025-38734
840;CVE-2025-38735
841;CVE-2025-38736
842;CVE-2025-38737
843;CVE-2025-39673
844;CVE-2025-39674
845;CVE-2025-39675
846;CVE-2025-39676
847;CVE-2025-39677
848;CVE-2025-39678
849;CVE-2025-39679
850;CVE-2025-39680
851;CVE-2025-39681
852;CVE-2025-39682
853;CVE-2025-39683
854;CVE-2025-39684
855;CVE-2025-39685
856;CVE-2025-39686
857;CVE-2025-39687
858;CVE-2025-39689
859;CVE-2025-39690
860;CVE-2025-39691
861;CVE-2025-39692
862;CVE-2025-39693
863;CVE-2025-39694
864;CVE-2025-39695
865;CVE-2025-39696
866;CVE-2025-39697
867;CVE-2025-39698
868;CVE-2025-39699
869;CVE-2025-39700
870;CVE-2025-39701
871;CVE-2025-39702
872;CVE-2025-39703
873;CVE-2025-39704
874;CVE-2025-39705
875;CVE-2025-39706
876;CVE-2025-39707
877;CVE-2025-39708
878;CVE-2025-39709
879;CVE-2025-39710
880;CVE-2025-39711
881;CVE-2025-39712
882;CVE-2025-39713
883;CVE-2025-39714
884;CVE-2025-39715
885;CVE-2025-39716
886;CVE-2025-39717
887;CVE-2025-39718
888;CVE-2025-39719
889;CVE-2025-39720
890;CVE-2025-39721
891;CVE-2025-39722
892;CVE-2025-39723
893;CVE-2025-39724
894;CVE-2025-39725
895;CVE-2025-39726
896;CVE-2025-9709
897;CVE-2025-9057
898;CVE-2025-10025
899;CVE-2025-10026
900;CVE-2025-10044
901;CVE-2025-9566
902;CVE-2025-10059
903;CVE-2025-10060
904;CVE-2025-10061
905;CVE-2025-53791
906;CVE-2025-10027
907;CVE-2025-57807
908;CVE-2025-58366
909;CVE-2025-58367
910;CVE-2025-58369
911;CVE-2025-58370
912;CVE-2025-58371
913;CVE-2025-58372
914;CVE-2025-58373
915;CVE-2021-26383
916;CVE-2025-58439
917;CVE-2025-6067
918;CVE-2025-7366
919;CVE-2025-7368
920;CVE-2025-9849
921;CVE-2025-10003
922;CVE-2025-58374
923;CVE-2025-58437
924;CVE-2025-8359
925;CVE-2025-8360
926;CVE-2025-9085
927;CVE-2025-9515
928;CVE-2025-9853
929;CVE-2025-7040
930;CVE-2025-7045
931;CVE-2025-8149
932;CVE-2025-8564
933;CVE-2025-8722
934;CVE-2025-9126
935;CVE-2025-9442
936;CVE-2025-9493
937;CVE-2025-6757
938;CVE-2025-10028
939;CVE-2025-10046
940;CVE-2025-9961
941;CVE-2025-10029
942;CVE-2025-10030
943;CVE-2025-10031
944;CVE-2025-10032
945;CVE-2025-10033
946;CVE-2025-10034
947;CVE-2021-26377
948;CVE-2021-46750
949;CVE-2023-20516
950;CVE-2023-31306
951;CVE-2023-31322
952;CVE-2023-31325
953;CVE-2023-31326
954;CVE-2023-31330
955;CVE-2023-31351
956;CVE-2023-31365
957;CVE-2024-21947
958;CVE-2024-21970
959;CVE-2024-36326
960;CVE-2024-36331
961;CVE-2024-36342
962;CVE-2024-36346
963;CVE-2024-36352
964;CVE-2024-36354
965;CVE-2025-0009
966;CVE-2025-0010
967;CVE-2025-0011
968;CVE-2025-0032
969;CVE-2025-0034
970;CVE-2025-58438
971;CVE-2025-58446
972;CVE-2025-58443
973;CVE-2025-58445
974;CVE-2025-10062
975;CVE-2025-10063
976;CVE-2025-10064
977;CVE-2025-10065
978;CVE-2025-10066
979;CVE-2025-36100
980;CVE-2025-10067
981;CVE-2025-10068
982;CVE-2025-39727
983;CVE-2025-39729
984;CVE-2025-39730
985;CVE-2025-39731
986;CVE-2025-39732
987;CVE-2025-39733
988;CVE-2025-39734
989;CVE-2025-48042
990;CVE-2025-10070
991;CVE-2025-10071
992;CVE-2025-10072
993;CVE-2025-10073
994;CVE-2025-10074
995;CVE-2025-10075
996;CVE-2025-10076
997;CVE-2025-10077
998;CVE-2025-10078
999;CVE-2025-10079
1000;CVE-2025-10080
1001;CVE-2025-10081
1002;CVE-2025-10082
1003;CVE-2025-10083
1004;CVE-2025-10084
1005;CVE-2025-58422
1006;CVE-2025-10085
1007;CVE-2025-10086
1008;CVE-2025-8085
1009;CVE-2025-10087
1010;CVE-2025-10088
1011;CVE-2025-41664
1012;CVE-2025-41682
1013;CVE-2025-41708
1014;CVE-2025-58782
1015;CVE-2019-25225
1016;CVE-2025-10090
1017;CVE-2014-125128
1018;CVE-2025-10091
1019;CVE-2025-5993
1020;CVE-2025-10092
1021;CVE-2025-10093
1022;CVE-2025-40641
1023;CVE-2025-40642
1024;CVE-2025-3212
1025;CVE-2025-22956
1026;CVE-2025-36853
1027;CVE-2025-36854
1028;CVE-2025-36855
1029;CVE-2022-50238
1030;CVE-2025-40928
1031;CVE-2025-40929
1032;CVE-2025-40930
1033;CVE-2025-52161
1034;CVE-2025-55998
1035;CVE-2025-56630
1036;CVE-2025-57141
1037;CVE-2025-59033
1038;CVE-2025-7709
1039;CVE-2025-10096
1040;CVE-2025-10097
1041;CVE-2025-10098
1042;CVE-2025-51586
1043;CVE-2025-10099
1044;CVE-2025-10100
1045;CVE-2025-56265
1046;CVE-2025-56266
1047;CVE-2025-56267
1048;CVE-2025-57285
1049;CVE-2024-48341
1050;CVE-2025-10102
1051;CVE-2025-10103
1052;CVE-2025-43722
1053;CVE-2025-55849
1054;CVE-2025-9112
1055;CVE-2025-9113
1056;CVE-2025-9114
1057;CVE-2025-10104
1058;CVE-2025-52389
1059;CVE-2025-53838
1060;CVE-2025-54994
1061;CVE-2025-10105
1062;CVE-2025-52288
1063;CVE-2025-10106
1064;CVE-2025-10108
1065;CVE-2025-57766
1066;CVE-2025-57815
1067;CVE-2025-57816
1068;CVE-2025-57817
1069;CVE-2025-58365
1070;CVE-2025-58444
1071;CVE-2025-58449
1072;CVE-2025-58450
1073;CVE-2025-58451
1074;CVE-2025-10109
1075;CVE-2025-10110
1076;CVE-2025-10111
1077;CVE-2025-1761
1078;CVE-2025-58452
1079;CVE-2025-58453
1080;CVE-2025-58454
1081;CVE-2025-58745
1082;CVE-2025-58746
1083;CVE-2025-58751
1084;CVE-2025-58752
1085;CVE-2025-10112
1086;CVE-2025-10113
1087;CVE-2025-43763
1088;CVE-2025-58755
1089;CVE-2025-58756
1090;CVE-2025-58757
1091;CVE-2025-10114
1092;CVE-2025-10115
1093;CVE-2025-10116
1094;CVE-2025-10117
1095;CVE-2025-10118
1096;CVE-2025-10120
1097;CVE-2025-10121
1098;CVE-2025-42911
1099;CVE-2025-42912
1100;CVE-2025-42913
1101;CVE-2025-42914
1102;CVE-2025-42915
1103;CVE-2025-42916
1104;CVE-2025-42917
1105;CVE-2025-42918
1106;CVE-2025-42920
1107;CVE-2025-42922
1108;CVE-2025-42923
1109;CVE-2025-42925
1110;CVE-2025-42926
1111;CVE-2025-42927
1112;CVE-2025-42929
1113;CVE-2025-42930
1114;CVE-2025-42933
1115;CVE-2025-42938
1116;CVE-2025-42944
1117;CVE-2025-42958
1118;CVE-2025-43778
1119;CVE-2025-10122
1120;CVE-2025-10123
1121;CVE-2025-43777
1122;CVE-2025-9489
1123;CVE-2025-8889
1124;CVE-2025-9058
1125;CVE-2025-9061
1126;CVE-2025-9111
1127;CVE-2025-9539
1128;CVE-2025-9542
1129;CVE-2025-10134
1130;CVE-2025-40594
1131;CVE-2025-40757
1132;CVE-2025-40795
1133;CVE-2025-40796
1134;CVE-2025-40797
1135;CVE-2025-40798
1136;CVE-2025-40802
1137;CVE-2025-40803
1138;CVE-2025-40804
1139;CVE-2025-41701
1140;CVE-2025-59013
1141;CVE-2025-59014
1142;CVE-2025-59015
1143;CVE-2025-59016
1144;CVE-2025-59017
1145;CVE-2025-59018
1146;CVE-2025-59019
1147;CVE-2025-10095
1148;CVE-2025-24404
1149;CVE-2025-48208
1150;CVE-2025-8277
1151;CVE-2025-7350
1152;CVE-2025-7970
1153;CVE-2025-8007
1154;CVE-2025-8008
1155;CVE-2025-9065
1156;CVE-2025-9160
1157;CVE-2025-9161
1158;CVE-2025-9166
1159;CVE-2025-9364
1160;CVE-2024-45325
1161;CVE-2025-33045
1162;CVE-2025-47416
1163;CVE-2025-53609
1164;CVE-2025-54236
1165;CVE-2025-9951
1166;CVE-2025-9994
1167;CVE-2025-10107
1168;CVE-2025-10183
1169;CVE-2025-43776
1170;CVE-2025-52277
1171;CVE-2025-52322
1172;CVE-2025-52915
1173;CVE-2025-55139
1174;CVE-2025-55141
1175;CVE-2025-55142
1176;CVE-2025-55143
1177;CVE-2025-55144
1178;CVE-2025-55145
1179;CVE-2025-55146
1180;CVE-2025-55147
1181;CVE-2025-55148
1182;CVE-2025-8711
1183;CVE-2025-8712
1184;CVE-2025-9712
1185;CVE-2025-9872
1186;CVE-2025-30875
1187;CVE-2025-32486
1188;CVE-2025-32688
1189;CVE-2025-32689
1190;CVE-2025-39523
1191;CVE-2025-39541
1192;CVE-2025-39553
1193;CVE-2025-47437
1194;CVE-2025-47569
1195;CVE-2025-47570
1196;CVE-2025-47571
1197;CVE-2025-47579
1198;CVE-2025-47694
1199;CVE-2025-47695
1200;CVE-2025-47997
1201;CVE-2025-48101
1202;CVE-2025-49430
1203;CVE-2025-49692
1204;CVE-2025-49734
1205;CVE-2025-49860
1206;CVE-2025-53291
1207;CVE-2025-53303
1208;CVE-2025-53340
1209;CVE-2025-53348
1210;CVE-2025-53796
1211;CVE-2025-53797
1212;CVE-2025-53798
1213;CVE-2025-53799
1214;CVE-2025-53800
1215;CVE-2025-53801
1216;CVE-2025-53802
1217;CVE-2025-53803
1218;CVE-2025-53804
1219;CVE-2025-53805
1220;CVE-2025-53806
1221;CVE-2025-53807
1222;CVE-2025-53808
1223;CVE-2025-53809
1224;CVE-2025-53810
1225;CVE-2025-54091
1226;CVE-2025-54092
1227;CVE-2025-54093
1228;CVE-2025-54094
1229;CVE-2025-54095
1230;CVE-2025-54096
1231;CVE-2025-54097
1232;CVE-2025-54098
1233;CVE-2025-54099
1234;CVE-2025-54101
1235;CVE-2025-54102
1236;CVE-2025-54103
1237;CVE-2025-54104
1238;CVE-2025-54105
1239;CVE-2025-54106
1240;CVE-2025-54107
1241;CVE-2025-54108
1242;CVE-2025-54109
1243;CVE-2025-54110
1244;CVE-2025-54111
1245;CVE-2025-54112
1246;CVE-2025-54113
1247;CVE-2025-54114
1248;CVE-2025-54115
1249;CVE-2025-54116
1250;CVE-2025-54246
1251;CVE-2025-54247
1252;CVE-2025-54248
1253;CVE-2025-54249
1254;CVE-2025-54250
1255;CVE-2025-54251
1256;CVE-2025-54252
1257;CVE-2025-54261
1258;CVE-2025-54709
1259;CVE-2025-54894
1260;CVE-2025-54895
1261;CVE-2025-54896
1262;CVE-2025-54897
1263;CVE-2025-54898
1264;CVE-2025-54899
1265;CVE-2025-54900
1266;CVE-2025-54901
1267;CVE-2025-54902
1268;CVE-2025-54903
1269;CVE-2025-54904
1270;CVE-2025-54905
1271;CVE-2025-54906
1272;CVE-2025-54907
1273;CVE-2025-54908
1274;CVE-2025-54910
1275;CVE-2025-54911
1276;CVE-2025-54912
1277;CVE-2025-54913
1278;CVE-2025-54915
1279;CVE-2025-54916
1280;CVE-2025-54917
1281;CVE-2025-54918
1282;CVE-2025-54919
1283;CVE-2025-55223
1284;CVE-2025-55224
1285;CVE-2025-55225
1286;CVE-2025-55226
1287;CVE-2025-55227
1288;CVE-2025-55228
1289;CVE-2025-55232
1290;CVE-2025-55234
1291;CVE-2025-55236
1292;CVE-2025-55243
1293;CVE-2025-55245
1294;CVE-2025-55316
1295;CVE-2025-55317
1296;CVE-2025-57057
1297;CVE-2025-57058
1298;CVE-2025-57059
1299;CVE-2025-57061
1300;CVE-2025-57062
1301;CVE-2025-57063
1302;CVE-2025-57064
1303;CVE-2025-57069
1304;CVE-2025-57070
1305;CVE-2025-57071
1306;CVE-2025-57072
1307;CVE-2025-57087
1308;CVE-2025-57538
1309;CVE-2025-57539
1310;CVE-2025-57540
1311;CVE-2025-58215
1312;CVE-2025-58975
1313;CVE-2025-58976
1314;CVE-2025-58977
1315;CVE-2025-58978
1316;CVE-2025-58979
1317;CVE-2025-58980
1318;CVE-2025-58981
1319;CVE-2025-58982
1320;CVE-2025-58983
1321;CVE-2025-58984
1322;CVE-2025-58985
1323;CVE-2025-58987
1324;CVE-2025-58988
1325;CVE-2025-58989
1326;CVE-2025-58990
1327;CVE-2025-58991
1328;CVE-2025-58993
1329;CVE-2025-58997
1330;CVE-2025-59005
1331;CVE-2025-59008
1332;CVE-2025-5005
1333;CVE-2025-5500
1334;CVE-2025-10198
1335;CVE-2025-10199
1336;CVE-2025-57078
1337;CVE-2025-57085
1338;CVE-2025-57086
1339;CVE-2025-57665
1340;CVE-2025-9269
1341;CVE-2025-10164
1342;CVE-2025-29089
1343;CVE-2025-43775
1344;CVE-2025-43781
1345;CVE-2025-54242
1346;CVE-2025-54256
1347;CVE-2025-55047
1348;CVE-2025-55048
1349;CVE-2025-55049
1350;CVE-2025-55050
1351;CVE-2025-55051
1352;CVE-2025-55052
1353;CVE-2025-55727
1354;CVE-2025-55728
1355;CVE-2025-55729
1356;CVE-2025-55730
1357;CVE-2025-57060
1358;CVE-2025-57278
1359;CVE-2025-34172
1360;CVE-2025-34173
1361;CVE-2025-34174
1362;CVE-2025-34175
1363;CVE-2025-36011
1364;CVE-2025-36125
1365;CVE-2025-43786
1366;CVE-2025-44594
1367;CVE-2025-47415
1368;CVE-2025-53913
1369;CVE-2025-53914
1370;CVE-2025-54255
1371;CVE-2025-54257
1372;CVE-2025-55053
1373;CVE-2025-55054
1374;CVE-2025-58063
1375;CVE-2025-58180
1376;CVE-2025-58430
1377;CVE-2025-58435
1378;CVE-2025-58442
1379;CVE-2025-58753
1380;CVE-2025-58758
1381;CVE-2025-58759
1382;CVE-2025-58760
1383;CVE-2025-58761
1384;CVE-2025-58762
1385;CVE-2025-7635
1386;CVE-2025-10159
1387;CVE-2025-10169
1388;CVE-2025-10170
1389;CVE-2025-23342
1390;CVE-2025-23343
1391;CVE-2025-23344
1392;CVE-2025-34176
1393;CVE-2025-34177
1394;CVE-2025-34178
1395;CVE-2025-43491
1396;CVE-2025-44593
1397;CVE-2025-44595
1398;CVE-2025-54083
1399;CVE-2025-54084
1400;CVE-2025-54239
1401;CVE-2025-54240
1402;CVE-2025-54241
1403;CVE-2025-54243
1404;CVE-2025-54244
1405;CVE-2025-54245
1406;CVE-2025-57633
1407;CVE-2025-58462
1408;CVE-2025-58763
1409;CVE-2025-58765
1410;CVE-2025-58768
1411;CVE-2025-59037
1412;CVE-2025-7746
1413;CVE-2025-9996
1414;CVE-2025-10171
1415;CVE-2025-49458
1416;CVE-2025-49459
1417;CVE-2025-49460
1418;CVE-2025-49461
1419;CVE-2025-54258
1420;CVE-2025-54259
1421;CVE-2025-54260
1422;CVE-2025-58131
1423;CVE-2025-58134
1424;CVE-2025-58135
1425;CVE-2025-59036
1426;CVE-2025-9997
1427;CVE-2025-10172
1428;CVE-2025-58447
1429;CVE-2025-58448
1430;CVE-2025-58750
1431;CVE-2025-59038
1432;CVE-2025-59039
1433;CVE-2025-59042
1434;CVE-2025-59044
1435;CVE-2025-59046
1436;CVE-2025-10195
1437;CVE-2025-10197
1438;CVE-2025-8388
1439;CVE-2025-10001
1440;CVE-2025-10040
1441;CVE-2025-10049
1442;CVE-2025-10126
1443;CVE-2025-10142
1444;CVE-2025-41714
1445;CVE-2025-6189
1446;CVE-2025-7049
1447;CVE-2025-7826
1448;CVE-2025-7843
1449;CVE-2025-8778
1450;CVE-2025-9367
1451;CVE-2025-9463
1452;CVE-2025-9622
1453;CVE-2025-9857
1454;CVE-2025-9888
1455;CVE-2025-9943
1456;CVE-2025-9979
1457;CVE-2025-36756
1458;CVE-2025-36757
1459;CVE-2025-36758
1460;CVE-2025-36759
1461;CVE-2025-10213
1462;CVE-2025-10214
1463;CVE-2025-10215
1464;CVE-2025-40725
1465;CVE-2025-40979
1466;CVE-2025-10220
1467;CVE-2025-10221
1468;CVE-2025-10222
1469;CVE-2025-10223
1470;CVE-2025-10224
1471;CVE-2025-10225
1472;CVE-2025-10226
1473;CVE-2025-10227
1474;CVE-2025-7718
1475;CVE-2025-10231
1476;CVE-2025-56404
1477;CVE-2025-56405
1478;CVE-2025-56406
1479;CVE-2025-56407
1480;CVE-2025-56413
1481;CVE-2025-56466
1482;CVE-2025-56578
1483;CVE-2025-20159
1484;CVE-2025-20248
1485;CVE-2025-20340
1486;CVE-2025-29592
1487;CVE-2025-43725
1488;CVE-2025-43884
1489;CVE-2025-43885
1490;CVE-2025-43886
1491;CVE-2025-43887
1492;CVE-2025-43888
1493;CVE-2025-43938
1494;CVE-2025-57569
1495;CVE-2025-57570
1496;CVE-2025-57571
1497;CVE-2025-57572
1498;CVE-2025-57573
1499;CVE-2025-58764
1500;CVE-2025-59034
1501;CVE-2025-59035
1502;CVE-2025-59041
1503;CVE-2025-59045
1504;CVE-2025-8681
1505;CVE-2025-43785
1506;CVE-2025-57520
1507;CVE-2025-57642
1508;CVE-2025-50892
1509;CVE-2025-55976
1510;CVE-2025-57392
1511;CVE-2025-8696
1512;CVE-2025-10200
1513;CVE-2025-10201
1514;CVE-2025-10209
1515;CVE-2025-10210
1516;CVE-2025-43784
1517;CVE-2025-54123
1518;CVE-2025-59049
1519;CVE-2025-9714
1520;CVE-2024-45669
1521;CVE-2024-45671
1522;CVE-2024-47120
1523;CVE-2025-10211
1524;CVE-2025-43783
1525;CVE-2025-54376
1526;CVE-2025-10216
1527;CVE-2025-59052
1528;CVE-2025-10218
1529;CVE-2025-10229
1530;CVE-2025-10232
1531;CVE-2025-10233
1532;CVE-2025-10234
1533;CVE-2025-10235
1534;CVE-2025-6088
1535;CVE-2025-10236
1536;CVE-2025-10245
1537;CVE-2025-10246
1538;CVE-2025-9776
1539;CVE-2025-9910
1540;CVE-2025-10247
1541;CVE-2025-9034
1542;CVE-2025-9059
1543;CVE-2025-8479
1544;CVE-2025-0763
1545;CVE-2025-5801
1546;CVE-2025-8215
1547;CVE-2025-8316
1548;CVE-2025-8318
1549;CVE-2025-8392
1550;CVE-2025-8398
1551;CVE-2025-8417
1552;CVE-2025-8422
1553;CVE-2025-8423
1554;CVE-2025-8425
1555;CVE-2025-8445
1556;CVE-2025-8481
1557;CVE-2025-8492
1558;CVE-2025-8570
1559;CVE-2025-8686
1560;CVE-2025-8689
1561;CVE-2025-8691
1562;CVE-2025-8692
1563;CVE-2025-8721
1564;CVE-2025-9073
1565;CVE-2025-9123
1566;CVE-2025-9128
1567;CVE-2025-9451
1568;CVE-2025-9617
1569;CVE-2025-9620
1570;CVE-2025-9623
1571;CVE-2025-9627
1572;CVE-2025-9628
1573;CVE-2025-9631
1574;CVE-2025-9632
1575;CVE-2025-9633
1576;CVE-2025-9634
1577;CVE-2025-9635
1578;CVE-2025-9693
1579;CVE-2025-9850
1580;CVE-2025-9855
1581;CVE-2025-9860
1582;CVE-2025-9861
1583;CVE-2025-9874
1584;CVE-2025-9918
1585;CVE-2025-48038
1586;CVE-2025-48039
1587;CVE-2025-48040
1588;CVE-2025-48041
1589;CVE-2025-58320
1590;CVE-2025-58321
1591;CVE-2025-10250
1592;CVE-2025-40687
1593;CVE-2025-40689
1594;CVE-2025-40690
1595;CVE-2025-40691
1596;CVE-2025-40692
1597;CVE-2025-40693
1598;CVE-2025-40694
1599;CVE-2025-40695
1600;CVE-2025-40696
1601;CVE-2025-9018
1602;CVE-2025-10251
1603;CVE-2025-10193
1604;CVE-2025-10252
1605;CVE-2025-10253
1606;CVE-2025-27466
1607;CVE-2025-58142
1608;CVE-2025-58143
1609;CVE-2025-58144
1610;CVE-2025-58145
1611;CVE-2025-8716
1612;CVE-2025-10254
1613;CVE-2025-10255
1614;CVE-2025-26499
1615;CVE-2025-39736
1616;CVE-2025-39737
1617;CVE-2025-39738
1618;CVE-2025-39739
1619;CVE-2025-39740
1620;CVE-2025-39741
1621;CVE-2025-39742
1622;CVE-2025-39743
1623;CVE-2025-39744
1624;CVE-2025-39745
1625;CVE-2025-39746
1626;CVE-2025-39747
1627;CVE-2025-39748
1628;CVE-2025-39749
1629;CVE-2025-39750
1630;CVE-2025-39752
1631;CVE-2025-39753
1632;CVE-2025-39754
1633;CVE-2025-39756
1634;CVE-2025-39757
1635;CVE-2025-39758
1636;CVE-2025-39759
1637;CVE-2025-39760
1638;CVE-2025-39761
1639;CVE-2025-39762
1640;CVE-2025-39763
1641;CVE-2025-39764
1642;CVE-2025-39765
1643;CVE-2025-39766
1644;CVE-2025-39767
1645;CVE-2025-39768
1646;CVE-2025-39769
1647;CVE-2025-39770
1648;CVE-2025-39771
1649;CVE-2025-39772
1650;CVE-2025-39773
1651;CVE-2025-39774
1652;CVE-2025-39775
1653;CVE-2025-39776
1654;CVE-2025-39777
1655;CVE-2025-39779
1656;CVE-2025-39780
1657;CVE-2025-39781
1658;CVE-2025-39782
1659;CVE-2025-39783
1660;CVE-2025-39784
1661;CVE-2025-39785
1662;CVE-2025-39786
1663;CVE-2025-39787
1664;CVE-2025-39788
1665;CVE-2025-39789
1666;CVE-2025-39790
1667;CVE-2025-39791
1668;CVE-2025-40300
1669;CVE-2025-43782
1670;CVE-2025-43790
1671;CVE-2025-58060
1672;CVE-2025-58065
1673;CVE-2025-58364
1674;CVE-2025-59047
1675;CVE-2025-56556
1676;CVE-2025-59053
1677;CVE-2025-59055
1678;CVE-2025-8061
1679;CVE-2025-8557
1680;CVE-2025-9201
1681;CVE-2025-9214
1682;CVE-2025-9319
1683;CVE-2025-10127
1684;CVE-2025-36222
1685;CVE-2025-10271
1686;CVE-2025-10272
1687;CVE-2025-10273
1688;CVE-2025-10274
1689;CVE-2025-10275
1690;CVE-2025-55319
1691;CVE-2025-58754
1692;CVE-2025-9807
1693;CVE-2025-10269
1694;CVE-2025-10276
1695;CVE-2025-10277
1696;CVE-2025-43788
1697;CVE-2025-43789
1698;CVE-2025-10278
1699;CVE-2025-9877
1700;CVE-2025-9879
1701;CVE-2025-9880
1702;CVE-2025-9881
1703;CVE-2025-10094
1704;CVE-2025-10287
1705;CVE-2025-10288
1706;CVE-2025-10148
1707;CVE-2025-10291
1708;CVE-2025-1250
1709;CVE-2025-2256
1710;CVE-2025-3650
1711;CVE-2025-58781
1712;CVE-2025-6454
1713;CVE-2025-6769
1714;CVE-2025-7337
1715;CVE-2025-8280
1716;CVE-2025-8575
1717;CVE-2025-9086
1718;CVE-2025-21042
1719;CVE-2025-21043
1720;CVE-2025-10264
1721;CVE-2025-7448
1722;CVE-2025-10265
1723;CVE-2025-10266
1724;CVE-2025-10267
1725;CVE-2025-27233
1726;CVE-2025-27234
1727;CVE-2025-27238
1728;CVE-2025-27240
1729;CVE-2025-6638
1730;CVE-2025-8699
1731;CVE-2025-10318
1732;CVE-2025-59054
1733;CVE-2025-10364
1734;CVE-2025-10365
1735;CVE-2025-59058
1736;CVE-2025-59139
1737;CVE-2025-9556
1738;CVE-2025-10319
1739;CVE-2025-55996
1740;CVE-2025-10320
1741;CVE-2025-39792
1742;CVE-2025-39793
1743;CVE-2025-39794
1744;CVE-2025-39795
1745;CVE-2025-39796
1746;CVE-2025-39797
1747;CVE-2025-39798
1748;CVE-2025-55835
1749;CVE-2025-57577
1750;CVE-2025-57578
1751;CVE-2025-57579
1752;CVE-2024-45431
1753;CVE-2024-45432
1754;CVE-2024-45433
1755;CVE-2024-45434
1756;CVE-2025-43787
1757;CVE-2025-52074
1758;CVE-2025-56467
1759;CVE-2025-10321
1760;CVE-2025-10322
1761;CVE-2025-4234
1762;CVE-2025-4235
1763;CVE-2025-58434
1764;CVE-2025-10323
1765;CVE-2025-10324
1766;CVE-2025-10325
1767;CVE-2025-43795
1768;CVE-2025-43796
1769;CVE-2025-10326
1770;CVE-2025-10327
1771;CVE-2025-45583
1772;CVE-2025-45584
1773;CVE-2025-45585
1774;CVE-2025-45586
1775;CVE-2025-45587
1776;CVE-2025-10176
1777;CVE-2025-10328
1778;CVE-2025-10329
1779;CVE-2025-10330
1780;CVE-2025-10331
1781;CVE-2025-10332
1782;CVE-2025-10340
1783;CVE-2025-10358
1784;CVE-2025-10359
1785;CVE-2025-10366
1786;CVE-2025-10367
1787;CVE-2025-10368
1788;CVE-2025-10369
1789;CVE-2025-10370
1790;CVE-2025-10371
1791;CVE-2025-10372
1792;CVE-2025-10373
1793;CVE-2025-10374
1794;CVE-2025-10384
1795;CVE-2025-10385
1796;CVE-2025-10386
1797;CVE-2025-10387
1798;CVE-2025-10388
1799;CVE-2025-10389
1800;CVE-2025-10390
1801;CVE-2025-10391
1802;CVE-2025-59363
1803;CVE-2025-10392
1804;CVE-2025-10393
1805;CVE-2025-10394
1806;CVE-2025-10395
1807;CVE-2025-10396
1808;CVE-2025-10397
1809;CVE-2025-10398
1810;CVE-2025-0164
1811;CVE-2025-10204
1812;CVE-2025-10399
1813;CVE-2025-36035
1814;CVE-2025-10400
1815;CVE-2025-10401
1816;CVE-2025-10402
1817;CVE-2025-6051
1818;CVE-2025-10403
1819;CVE-2025-10404
1820;CVE-2025-10405
1821;CVE-2025-10407
1822;CVE-2025-10408
1823;CVE-2025-10409
1824;CVE-2025-10410
1825;CVE-2025-10411
1826;CVE-2025-10413
1827;CVE-2025-10414
1828;CVE-2025-10415
1829;CVE-2025-59364
1830;CVE-2025-10416
1831;CVE-2025-10417
1832;CVE-2025-10418
1833;CVE-2025-10419
1834;CVE-2025-10420
1835;CVE-2025-10421
1836;CVE-2025-10422
1837;CVE-2025-10452
1838;CVE-2025-59375
1839;CVE-2025-10423
1840;CVE-2025-10424
1841;CVE-2025-10425
1842;CVE-2025-10426
1843;CVE-2025-10427
1844;CVE-2025-10428
1845;CVE-2025-10429
1846;CVE-2025-10453
1847;CVE-2025-59378
1848;CVE-2025-10430
1849;CVE-2025-10431
1850;CVE-2025-10432
1851;CVE-2025-10433
1852;CVE-2025-41713
1853;CVE-2025-10434
1854;CVE-2025-10435
1855;CVE-2025-10436
1856;CVE-2025-10440
1857;CVE-2025-9076
1858;CVE-2025-9078
1859;CVE-2025-10441
1860;CVE-2025-10442
1861;CVE-2025-9072
1862;CVE-2025-9084
1863;CVE-2025-9826
1864;CVE-2025-10443
1865;CVE-2025-10444
1866;CVE-2025-43794
1867;CVE-2025-59358
1868;CVE-2025-59359
1869;CVE-2025-59360
1870;CVE-2025-59361
1871;CVE-2025-10445
1872;CVE-2025-10446
1873;CVE-2025-39800
1874;CVE-2025-39801
1875;CVE-2025-39802
1876;CVE-2025-39803
1877;CVE-2025-39804
1878;CVE-2025-3025
1879;CVE-2022-50234
1880;CVE-2022-50235
1881;CVE-2022-50236
1882;CVE-2022-50239
1883;CVE-2022-50240
1884;CVE-2022-50241
1885;CVE-2022-50242
1886;CVE-2022-50243
1887;CVE-2022-50244
1888;CVE-2022-50245
1889;CVE-2022-50246
1890;CVE-2022-50247
1891;CVE-2022-50248
1892;CVE-2022-50249
1893;CVE-2022-50250
1894;CVE-2022-50251
1895;CVE-2022-50252
1896;CVE-2022-50253
1897;CVE-2022-50254
1898;CVE-2022-50255
1899;CVE-2022-50256
1900;CVE-2022-50257
1901;CVE-2022-50258
1902;CVE-2022-50259
1903;CVE-2022-50260
1904;CVE-2022-50261
1905;CVE-2023-53147
1906;CVE-2023-53148
1907;CVE-2023-53149
1908;CVE-2023-53150
1909;CVE-2023-53151
1910;CVE-2023-53152
1911;CVE-2023-53153
1912;CVE-2023-53163
1913;CVE-2023-53164
1914;CVE-2023-53165
1915;CVE-2023-53166
1916;CVE-2023-53167
1917;CVE-2023-53168
1918;CVE-2023-53169
1919;CVE-2023-53170
1920;CVE-2023-53171
1921;CVE-2023-53172
1922;CVE-2023-53173
1923;CVE-2023-53174
1924;CVE-2023-53175
1925;CVE-2023-53176
1926;CVE-2023-53177
1927;CVE-2023-53178
1928;CVE-2023-53179
1929;CVE-2023-53180
1930;CVE-2023-53181
1931;CVE-2023-53182
1932;CVE-2023-53183
1933;CVE-2023-53184
1934;CVE-2023-53185
1935;CVE-2023-53186
1936;CVE-2023-53187
1937;CVE-2023-53188
1938;CVE-2023-53189
1939;CVE-2023-53190
1940;CVE-2023-53191
1941;CVE-2023-53192
1942;CVE-2023-53193
1943;CVE-2023-53194
1944;CVE-2023-53195
1945;CVE-2023-53196
1946;CVE-2023-53197
1947;CVE-2023-53198
1948;CVE-2025-10447
1949;CVE-2025-10448
1950;CVE-2025-46408
1951;CVE-2025-50110
1952;CVE-2025-50944
1953;CVE-2025-56710
1954;CVE-2025-59376
1955;CVE-2025-59377
1956;CVE-2022-50262
1957;CVE-2022-50263
1958;CVE-2022-50264
1959;CVE-2022-50265
1960;CVE-2022-50266
1961;CVE-2022-50267
1962;CVE-2022-50268
1963;CVE-2022-50269
1964;CVE-2022-50270
1965;CVE-2022-50271
1966;CVE-2022-50272
1967;CVE-2022-50273
1968;CVE-2022-50274
1969;CVE-2022-50275
1970;CVE-2022-50276
1971;CVE-2022-50277
1972;CVE-2022-50278
1973;CVE-2022-50279
1974;CVE-2022-50280
1975;CVE-2022-50281
1976;CVE-2022-50282
1977;CVE-2022-50283
1978;CVE-2022-50284
1979;CVE-2022-50285
1980;CVE-2022-50286
1981;CVE-2022-50287
1982;CVE-2022-50288
1983;CVE-2022-50289
1984;CVE-2022-50291
1985;CVE-2022-50292
1986;CVE-2022-50293
1987;CVE-2022-50294
1988;CVE-2022-50295
1989;CVE-2022-50296
1990;CVE-2022-50297
1991;CVE-2022-50298
1992;CVE-2022-50299
1993;CVE-2022-50300
1994;CVE-2022-50301
1995;CVE-2022-50302
1996;CVE-2022-50303
1997;CVE-2022-50304
1998;CVE-2022-50305
1999;CVE-2022-50306
2000;CVE-2022-50307
2001;CVE-2022-50308
2002;CVE-2022-50309
2003;CVE-2022-50310
2004;CVE-2022-50311
2005;CVE-2022-50312
2006;CVE-2022-50313
2007;CVE-2022-50314
2008;CVE-2022-50315
2009;CVE-2022-50316
2010;CVE-2022-50317
2011;CVE-2022-50318
2012;CVE-2022-50319
2013;CVE-2022-50320
2014;CVE-2022-50321
2015;CVE-2022-50322
2016;CVE-2022-50323
2017;CVE-2022-50324
2018;CVE-2022-50325
2019;CVE-2022-50326
2020;CVE-2022-50327
2021;CVE-2022-50328
2022;CVE-2022-50329
2023;CVE-2022-50330
2024;CVE-2022-50331
2025;CVE-2022-50332
2026;CVE-2022-50333
2027;CVE-2022-50334
2028;CVE-2022-50335
2029;CVE-2022-50336
2030;CVE-2022-50337
2031;CVE-2022-50338
2032;CVE-2023-53199
2033;CVE-2023-53200
2034;CVE-2023-53201
2035;CVE-2023-53202
2036;CVE-2023-53203
2037;CVE-2023-53204
2038;CVE-2023-53205
2039;CVE-2023-53206
2040;CVE-2023-53207
2041;CVE-2023-53208
2042;CVE-2023-53209
2043;CVE-2023-53210
2044;CVE-2023-53211
2045;CVE-2023-53213
2046;CVE-2023-53214
2047;CVE-2023-53215
2048;CVE-2023-53216
2049;CVE-2023-53217
2050;CVE-2023-53218
2051;CVE-2023-53219
2052;CVE-2023-53220
2053;CVE-2023-53221
2054;CVE-2023-53222
2055;CVE-2023-53223
2056;CVE-2023-53224
2057;CVE-2023-53225
2058;CVE-2023-53226
2059;CVE-2023-53228
2060;CVE-2023-53229
2061;CVE-2023-53230
2062;CVE-2023-53231
2063;CVE-2023-53232
2064;CVE-2023-53233
2065;CVE-2023-53234
2066;CVE-2023-53235
2067;CVE-2023-53236
2068;CVE-2023-53237
2069;CVE-2023-53238
2070;CVE-2023-53239
2071;CVE-2023-53240
2072;CVE-2023-53241
2073;CVE-2023-53242
2074;CVE-2023-53243
2075;CVE-2023-53244
2076;CVE-2023-53245
2077;CVE-2023-53246
2078;CVE-2023-53247
2079;CVE-2023-53248
2080;CVE-2023-53249
2081;CVE-2023-53250
2082;CVE-2023-53251
2083;CVE-2023-53252
2084;CVE-2023-53253
2085;CVE-2023-53254
2086;CVE-2023-53255
2087;CVE-2023-53256
2088;CVE-2023-53257
2089;CVE-2023-53258
2090;CVE-2023-53259
2091;CVE-2023-53260
2092;CVE-2023-53261
2093;CVE-2023-53262
2094;CVE-2025-10459
2095;CVE-2025-52053
2096;CVE-2025-6202
2097;CVE-2025-8396
2098;CVE-2025-10491
2099;CVE-2025-36082
2100;CVE-2025-43793
2101;CVE-2025-52048
2102;CVE-2025-56252
2103;CVE-2025-57248
2104;CVE-2025-58045
2105;CVE-2025-58046
2106;CVE-2025-59397
2107;CVE-2025-10203
2108;CVE-2025-10471
2109;CVE-2025-43792
2110;CVE-2025-49089
2111;CVE-2025-57104
2112;CVE-2025-57174
2113;CVE-2025-57176
2114;CVE-2025-58172
2115;CVE-2025-58177
2116;CVE-2025-58748
2117;CVE-2025-59155
2118;CVE-2025-59328
2119;CVE-2025-43791
2120;CVE-2025-52344
2121;CVE-2025-10472
2122;CVE-2025-10473
2123;CVE-2025-43800
2124;CVE-2025-59398
2125;CVE-2025-59399
2126;CVE-2025-10475
2127;CVE-2025-45091
2128;CVE-2025-56448
2129;CVE-2025-59140
2130;CVE-2025-59141
2131;CVE-2025-59142
2132;CVE-2025-59143
2133;CVE-2025-59144
2134;CVE-2025-59154
2135;CVE-2025-59162
2136;CVE-2025-59330
2137;CVE-2025-59331
2138;CVE-2025-59332
2139;CVE-2025-10477
2140;CVE-2025-10479
2141;CVE-2025-43798
2142;CVE-2025-43799
2143;CVE-2025-55211
2144;CVE-2025-59056
2145;CVE-2025-59145
2146;CVE-2025-10480
2147;CVE-2025-10481
2148;CVE-2025-10482
2149;CVE-2025-43797
2150;CVE-2025-43802
2151;CVE-2025-56274
2152;CVE-2025-57117
2153;CVE-2025-57118
2154;CVE-2025-6947
2155;CVE-2025-6999
2156;CVE-2025-10483
2157;CVE-2025-10485
2158;CVE-2025-24088
2159;CVE-2025-24197
2160;CVE-2025-30468
2161;CVE-2025-31254
2162;CVE-2025-31255
2163;CVE-2025-31268
2164;CVE-2025-31269
2165;CVE-2025-31270
2166;CVE-2025-31271
2167;CVE-2025-43190
2168;CVE-2025-43203
2169;CVE-2025-43204
2170;CVE-2025-43207
2171;CVE-2025-43208
2172;CVE-2025-43231
2173;CVE-2025-43262
2174;CVE-2025-43263
2175;CVE-2025-43272
2176;CVE-2025-43279
2177;CVE-2025-43283
2178;CVE-2025-43285
2179;CVE-2025-43286
2180;CVE-2025-43287
2181;CVE-2025-43291
2182;CVE-2025-43292
2183;CVE-2025-43293
2184;CVE-2025-43294
2185;CVE-2025-43295
2186;CVE-2025-43297
2187;CVE-2025-43298
2188;CVE-2025-43299
2189;CVE-2025-43301
2190;CVE-2025-43302
2191;CVE-2025-43303
2192;CVE-2025-43304
2193;CVE-2025-43305
2194;CVE-2025-43307
2195;CVE-2025-43308
2196;CVE-2025-43310
2197;CVE-2025-43311
2198;CVE-2025-43312
2199;CVE-2025-43314
2200;CVE-2025-43315
2201;CVE-2025-43316
2202;CVE-2025-43317
2203;CVE-2025-43318
2204;CVE-2025-43319
2205;CVE-2025-43321
2206;CVE-2025-43325
2207;CVE-2025-43326
2208;CVE-2025-43327
2209;CVE-2025-43328
2210;CVE-2025-43329
2211;CVE-2025-43330
2212;CVE-2025-43331
2213;CVE-2025-43332
2214;CVE-2025-43333
2215;CVE-2025-43337
2216;CVE-2025-43340
2217;CVE-2025-43341
2218;CVE-2025-43342
2219;CVE-2025-43343
2220;CVE-2025-43344
2221;CVE-2025-43346
2222;CVE-2025-43347
2223;CVE-2025-43349
2224;CVE-2025-43353
2225;CVE-2025-43354
2226;CVE-2025-43355
2227;CVE-2025-43356
2228;CVE-2025-43357
2229;CVE-2025-43358
2230;CVE-2025-43359
2231;CVE-2025-43362
2232;CVE-2025-43366
2233;CVE-2025-43367
2234;CVE-2025-43368
2235;CVE-2025-43369
2236;CVE-2025-43370
2237;CVE-2025-43371
2238;CVE-2025-43372
2239;CVE-2025-43375
2240;CVE-2025-59436
2241;CVE-2025-59437
2242;CVE-2025-59453
2243;CVE-2025-9808
2244;CVE-2023-53263
2245;CVE-2023-53264
2246;CVE-2023-53265
2247;CVE-2023-53266
2248;CVE-2023-53267
2249;CVE-2023-53268
2250;CVE-2023-53269
2251;CVE-2023-53270
2252;CVE-2023-53271
2253;CVE-2023-53272
2254;CVE-2023-53273
2255;CVE-2023-53274
2256;CVE-2023-53275
2257;CVE-2023-53276
2258;CVE-2023-53277
2259;CVE-2023-53278
2260;CVE-2023-53279
2261;CVE-2023-53280
2262;CVE-2023-53281
2263;CVE-2023-53282
2264;CVE-2023-53284
2265;CVE-2023-53285
2266;CVE-2023-53286
2267;CVE-2023-53287
2268;CVE-2023-53288
2269;CVE-2023-53289
2270;CVE-2023-53290
2271;CVE-2023-53291
2272;CVE-2023-53292
2273;CVE-2023-53293
2274;CVE-2023-53294
2275;CVE-2023-53295
2276;CVE-2023-53296
2277;CVE-2023-53297
2278;CVE-2023-53298
2279;CVE-2023-53299
2280;CVE-2023-53300
2281;CVE-2023-53301
2282;CVE-2023-53302
2283;CVE-2023-53303
2284;CVE-2024-12367
2285;CVE-2025-5518
2286;CVE-2025-5519
2287;CVE-2025-10316
2288;CVE-2025-2404
2289;CVE-2025-4688
2290;CVE-2025-10015
2291;CVE-2025-10016
2292;CVE-2025-26710
2293;CVE-2025-26711
2294;CVE-2025-41248
2295;CVE-2025-41249
2296;CVE-2024-12913
2297;CVE-2025-56697
2298;CVE-2025-56706
2299;CVE-2025-6575
2300;CVE-2025-7743
2301;CVE-2025-7744
2302;CVE-2025-8446
2303;CVE-2025-10290
2304;CVE-2025-10527
2305;CVE-2025-10528
2306;CVE-2025-10529
2307;CVE-2025-10530
2308;CVE-2025-10531
2309;CVE-2025-10532
2310;CVE-2025-10533
2311;CVE-2025-10534
2312;CVE-2025-10535
2313;CVE-2025-10536
2314;CVE-2025-10537
2315;CVE-2025-10546
2316;CVE-2025-39805
2317;CVE-2025-39806
2318;CVE-2025-39807
2319;CVE-2025-39808
2320;CVE-2025-39809
2321;CVE-2025-39810
2322;CVE-2025-39811
2323;CVE-2025-39812
2324;CVE-2025-39813
2325;CVE-2025-39814
2326;CVE-2025-39815
2327;CVE-2025-39816
2328;CVE-2025-39817
2329;CVE-2025-39818
2330;CVE-2025-39819
2331;CVE-2025-39820
2332;CVE-2025-39821
2333;CVE-2025-39822
2334;CVE-2025-39823
2335;CVE-2025-39824
2336;CVE-2025-39825
2337;CVE-2025-39826
2338;CVE-2025-39827
2339;CVE-2025-39828
2340;CVE-2025-39829
2341;CVE-2025-55109
2342;CVE-2025-55110
2343;CVE-2025-55111
2344;CVE-2025-55112
2345;CVE-2025-55113
2346;CVE-2025-55114
2347;CVE-2025-55115
2348;CVE-2025-55116
2349;CVE-2025-55117
2350;CVE-2025-55118
2351;CVE-2025-55834
2352;CVE-2025-7355
2353;CVE-2024-12796
2354;CVE-2025-39830
2355;CVE-2025-39831
2356;CVE-2025-39832
2357;CVE-2025-39833
2358;CVE-2025-39834
2359;CVE-2025-39835
2360;CVE-2025-39836
2361;CVE-2025-44034
2362;CVE-2025-52044
2363;CVE-2025-56276
2364;CVE-2025-57119
2365;CVE-2025-8057
2366;CVE-2025-8276
2367;CVE-2009-20005
2368;CVE-2009-20006
2369;CVE-2009-20007
2370;CVE-2024-13149
2371;CVE-2024-13174
2372;CVE-2025-36244
2373;CVE-2025-41243
2374;CVE-2025-4953
2375;CVE-2025-56280
2376;CVE-2025-56289
2377;CVE-2025-56293
2378;CVE-2025-56295
2379;CVE-2025-57145
2380;CVE-2025-59270
2381;CVE-2025-59333
2382;CVE-2025-8893
2383;CVE-2025-8894
2384;CVE-2025-30075
2385;CVE-2025-58749
2386;CVE-2022-50339
2387;CVE-2022-50340
2388;CVE-2022-50341
2389;CVE-2022-50342
2390;CVE-2022-50343
2391;CVE-2022-50344
2392;CVE-2022-50346
2393;CVE-2022-50347
2394;CVE-2022-50348
2395;CVE-2022-50349
2396;CVE-2022-50350
2397;CVE-2022-50351
2398;CVE-2022-50352
2399;CVE-2023-53304
2400;CVE-2023-53305
2401;CVE-2023-53306
2402;CVE-2023-53307
2403;CVE-2023-53308
2404;CVE-2023-53309
2405;CVE-2023-53310
2406;CVE-2023-53311
2407;CVE-2023-53312
2408;CVE-2023-53313
2409;CVE-2023-53314
2410;CVE-2023-53315
2411;CVE-2023-53316
2412;CVE-2023-53317
2413;CVE-2023-53318
2414;CVE-2023-53319
2415;CVE-2023-53320
2416;CVE-2023-53321
2417;CVE-2023-53322
2418;CVE-2023-53323
2419;CVE-2023-53324
2420;CVE-2023-53325
2421;CVE-2023-53326
2422;CVE-2023-53327
2423;CVE-2023-53328
2424;CVE-2023-53329
2425;CVE-2023-53330
2426;CVE-2023-53331
2427;CVE-2023-53332
2428;CVE-2023-53333
2429;CVE-2023-53334
2430;CVE-2025-10492
2431;CVE-2025-43801
2432;CVE-2025-58174
2433;CVE-2025-59050
2434;CVE-2025-59160
2435;CVE-2025-59161
2436;CVE-2025-59334
2437;CVE-2025-59336
2438;CVE-2025-54237
2439;CVE-2025-54262
2440;CVE-2025-56562
2441;CVE-2025-57624
2442;CVE-2025-57625
2443;CVE-2025-10562
2444;CVE-2025-47967
2445;CVE-2025-49728
2446;CVE-2025-56557
2447;CVE-2025-10563
2448;CVE-2025-34183
2449;CVE-2025-34184
2450;CVE-2025-34185
2451;CVE-2025-34186
2452;CVE-2025-34187
2453;CVE-2025-56263
2454;CVE-2025-56264
2455;CVE-2025-57631
2456;CVE-2025-10564
2457;CVE-2025-10565
2458;CVE-2025-54391
2459;CVE-2025-10566
2460;CVE-2025-43805
2461;CVE-2025-9708
2462;CVE-2025-37123
2463;CVE-2025-37124
2464;CVE-2025-37125
2465;CVE-2025-37126
2466;CVE-2025-37127
2467;CVE-2025-37128
2468;CVE-2025-37129
2469;CVE-2025-37130
2470;CVE-2025-37131
2471;CVE-2025-43804
2472;CVE-2025-10050
2473;CVE-2025-10143
2474;CVE-2025-10166
2475;CVE-2025-8153
2476;CVE-2025-8394
2477;CVE-2025-9629
2478;CVE-2025-9851
2479;CVE-2025-9891
2480;CVE-2025-10125
2481;CVE-2025-10188
2482;CVE-2025-10584
2483;CVE-2025-10589
2484;CVE-2025-55075
2485;CVE-2025-58116
2486;CVE-2025-59307
2487;CVE-2025-59518
2488;CVE-2025-9818
2489;CVE-2025-10042
2490;CVE-2025-10057
2491;CVE-2025-10058
2492;CVE-2025-9203
2493;CVE-2025-9215
2494;CVE-2025-9216
2495;CVE-2025-9447
2496;CVE-2025-9449
2497;CVE-2025-9450
2498;CVE-2025-9565
2499;CVE-2025-9971
2500;CVE-2025-9972
2501;CVE-2025-9242
2502;CVE-2025-0419
2503;CVE-2025-59455
2504;CVE-2025-59456
2505;CVE-2025-59457
2506;CVE-2025-59458
2507;CVE-2025-0420
2508;CVE-2025-10155
2509;CVE-2025-10156
2510;CVE-2025-10590
2511;CVE-2025-10591
2512;CVE-2025-0546
2513;CVE-2025-10157
2514;CVE-2025-10439
2515;CVE-2025-8411
2516;CVE-2025-8999
2517;CVE-2025-0879
2518;CVE-2025-10592
2519;CVE-2025-53884
2520;CVE-2025-54467
2521;CVE-2025-8077
2522;CVE-2025-8463
2523;CVE-2025-10593
2524;CVE-2025-10594
2525;CVE-2025-50709
2526;CVE-2025-55904
2527;CVE-2025-59474
2528;CVE-2025-59475
2529;CVE-2025-59476
2530;CVE-2022-50353
2531;CVE-2022-50354
2532;CVE-2022-50355
2533;CVE-2022-50356
2534;CVE-2022-50357
2535;CVE-2022-50358
2536;CVE-2022-50359
2537;CVE-2022-50360
2538;CVE-2022-50361
2539;CVE-2022-50362
2540;CVE-2022-50363
2541;CVE-2022-50364
2542;CVE-2022-50365
2543;CVE-2022-50366
2544;CVE-2022-50367
2545;CVE-2022-50368
2546;CVE-2022-50369
2547;CVE-2022-50370
2548;CVE-2022-50371
2549;CVE-2022-50372
2550;CVE-2022-50373
2551;CVE-2022-50374
2552;CVE-2023-53335
2553;CVE-2023-53336
2554;CVE-2023-53337
2555;CVE-2023-53338
2556;CVE-2023-53339
2557;CVE-2023-53340
2558;CVE-2023-53341
2559;CVE-2023-53342
2560;CVE-2023-53343
2561;CVE-2023-53344
2562;CVE-2023-53345
2563;CVE-2023-53346
2564;CVE-2023-53347
2565;CVE-2023-53348
2566;CVE-2023-53349
2567;CVE-2023-53350
2568;CVE-2023-53351
2569;CVE-2023-53352
2570;CVE-2023-53353
2571;CVE-2023-53354
2572;CVE-2023-53355
2573;CVE-2023-53356
2574;CVE-2023-53357
2575;CVE-2023-53358
2576;CVE-2023-53359
2577;CVE-2023-53360
2578;CVE-2023-53361
2579;CVE-2023-53362
2580;CVE-2023-53363
2581;CVE-2023-53364
2582;CVE-2023-53365
2583;CVE-2023-53366
2584;CVE-2023-53367
2585;CVE-2023-53368
2586;CVE-2024-48842
2587;CVE-2025-10205
2588;CVE-2025-10595
2589;CVE-2025-10596
2590;CVE-2025-40933
2591;CVE-2025-54390
2592;CVE-2025-57055
2593;CVE-2025-9862
2594;CVE-2025-10597
2595;CVE-2025-10598
2596;CVE-2025-10599
2597;CVE-2025-10600
2598;CVE-2025-10601
2599;CVE-2025-10602
2600;CVE-2025-10603
2601;CVE-2025-35430
2602;CVE-2025-35431
2603;CVE-2025-35432
2604;CVE-2025-35433
2605;CVE-2025-35434
2606;CVE-2025-35435
2607;CVE-2025-35436
2608;CVE-2025-59304
2609;CVE-2025-10604
2610;CVE-2025-10605
2611;CVE-2025-10606
2612;CVE-2025-10607
2613;CVE-2025-58431
2614;CVE-2025-58432
2615;CVE-2025-58766
2616;CVE-2025-58767
2617;CVE-2025-59339
2618;CVE-2025-59341
2619;CVE-2025-59342
2620;CVE-2025-10608
2621;CVE-2025-10613
2622;CVE-2025-56648
2623;CVE-2025-59345
2624;CVE-2025-59414
2625;CVE-2025-59416
2626;CVE-2025-10614
2627;CVE-2025-10615
2628;CVE-2025-37122
2629;CVE-2025-59340
2630;CVE-2025-59346
2631;CVE-2025-59347
2632;CVE-2025-59348
2633;CVE-2025-59349
2634;CVE-2025-59350
2635;CVE-2025-59351
2636;CVE-2025-59352
2637;CVE-2025-59353
2638;CVE-2025-59354
2639;CVE-2025-59410
2640;CVE-2025-10616
2641;CVE-2025-10617
2642;CVE-2025-10618
2643;CVE-2025-10619
2644;CVE-2025-10643
2645;CVE-2025-10644
2646;CVE-2025-59415
2647;CVE-2025-7977
2648;CVE-2025-7978
2649;CVE-2025-7979
2650;CVE-2025-7980
2651;CVE-2025-7981
2652;CVE-2025-7982
2653;CVE-2025-7983
2654;CVE-2025-7984
2655;CVE-2025-7985
2656;CVE-2025-7986
2657;CVE-2025-7987
2658;CVE-2025-7988
2659;CVE-2025-7989
2660;CVE-2025-7990
2661;CVE-2025-7991
2662;CVE-2025-7992
2663;CVE-2025-7993
2664;CVE-2025-7994
2665;CVE-2025-7995
2666;CVE-2025-7996
2667;CVE-2025-7997
2668;CVE-2025-7998
2669;CVE-2025-7999
2670;CVE-2025-8000
2671;CVE-2025-8001
2672;CVE-2025-8002
2673;CVE-2025-8003
2674;CVE-2025-8004
2675;CVE-2025-8005
2676;CVE-2025-8006
2677;CVE-2025-10620
2678;CVE-2025-10621
2679;CVE-2025-23268
2680;CVE-2025-23316
2681;CVE-2025-23328
2682;CVE-2025-23329
2683;CVE-2025-23336
2684;CVE-2025-10623
2685;CVE-2025-10624
2686;CVE-2025-10625
2687;CVE-2025-23337
2688;CVE-2025-10626
2689;CVE-2025-10627
2690;CVE-2025-10628
2691;CVE-2025-10629
2692;CVE-2025-10631
2693;CVE-2025-10632
2694;CVE-2025-10634
2695;CVE-2025-10642
2696;CVE-2023-49564
2697;CVE-2023-49565
2698;CVE-2025-5305
2699;CVE-2025-8942
2700;CVE-2025-9083
2701;CVE-2025-10493
2702;CVE-2025-0547
2703;CVE-2025-6237
2704;CVE-2025-30187
2705;CVE-2025-8565
2706;CVE-2025-9992
2707;CVE-2025-10662
2708;CVE-2025-10663
2709;CVE-2024-13151
2710;CVE-2024-25011
2711;CVE-2024-48851
2712;CVE-2025-10207
2713;CVE-2025-10664
2714;CVE-2025-10665
2715;CVE-2025-40677
2716;CVE-2025-40678
2717;CVE-2025-10666
2718;CVE-2025-10667
2719;CVE-2022-50375
2720;CVE-2022-50376
2721;CVE-2022-50378
2722;CVE-2022-50379
2723;CVE-2022-50380
2724;CVE-2022-50381
2725;CVE-2022-50382
2726;CVE-2022-50383
2727;CVE-2022-50384
2728;CVE-2022-50385
2729;CVE-2022-50386
2730;CVE-2022-50387
2731;CVE-2022-50388
2732;CVE-2022-50389
2733;CVE-2022-50390
2734;CVE-2022-50391
2735;CVE-2022-50392
2736;CVE-2022-50393
2737;CVE-2022-50394
2738;CVE-2022-50395
2739;CVE-2022-50396
2740;CVE-2022-50398
2741;CVE-2022-50399
2742;CVE-2022-50400
2743;CVE-2023-53369
2744;CVE-2023-53370
2745;CVE-2023-53371
2746;CVE-2023-53372
2747;CVE-2023-53373
2748;CVE-2023-53374
2749;CVE-2023-53375
2750;CVE-2023-53376
2751;CVE-2023-53377
2752;CVE-2023-53378
2753;CVE-2023-53379
2754;CVE-2023-53380
2755;CVE-2023-53381
2756;CVE-2023-53382
2757;CVE-2023-53383
2758;CVE-2023-53384
2759;CVE-2023-53385
2760;CVE-2023-53386
2761;CVE-2023-53387
2762;CVE-2023-53388
2763;CVE-2023-53389
2764;CVE-2023-53390
2765;CVE-2023-53391
2766;CVE-2023-53392
2767;CVE-2023-53393
2768;CVE-2023-53394
2769;CVE-2023-53395
2770;CVE-2023-53396
2771;CVE-2023-53397
2772;CVE-2023-53398
2773;CVE-2023-53399
2774;CVE-2023-53400
2775;CVE-2023-53401
2776;CVE-2023-53402
2777;CVE-2023-53403
2778;CVE-2023-53404
2779;CVE-2023-53405
2780;CVE-2023-53406
2781;CVE-2023-53407
2782;CVE-2023-53408
2783;CVE-2023-53409
2784;CVE-2023-53410
2785;CVE-2023-53411
2786;CVE-2023-53412
2787;CVE-2023-53413
2788;CVE-2023-53414
2789;CVE-2023-53415
2790;CVE-2023-53416
2791;CVE-2023-53417
2792;CVE-2023-53418
2793;CVE-2025-10668
2794;CVE-2025-10669
2795;CVE-2025-10670
2796;CVE-2025-4444
2797;CVE-2025-10671
2798;CVE-2025-10672
2799;CVE-2025-10673
2800;CVE-2025-55911
2801;CVE-2025-57452
2802;CVE-2025-59040
2803;CVE-2025-59417
2804;CVE-2025-59421
2805;CVE-2022-50401
2806;CVE-2022-50402
2807;CVE-2022-50404
2808;CVE-2022-50405
2809;CVE-2022-50406
2810;CVE-2022-50407
2811;CVE-2022-50408
2812;CVE-2022-50409
2813;CVE-2022-50410
2814;CVE-2022-50411
2815;CVE-2022-50412
2816;CVE-2022-50413
2817;CVE-2022-50414
2818;CVE-2022-50415
2819;CVE-2022-50416
2820;CVE-2022-50417
2821;CVE-2022-50418
2822;CVE-2022-50419
2823;CVE-2023-49367
2824;CVE-2023-53419
2825;CVE-2023-53420
2826;CVE-2023-53421
2827;CVE-2023-53422
2828;CVE-2023-53423
2829;CVE-2023-53424
2830;CVE-2023-53425
2831;CVE-2023-53426
2832;CVE-2023-53427
2833;CVE-2023-53428
2834;CVE-2023-53429
2835;CVE-2023-53430
2836;CVE-2023-53431
2837;CVE-2023-53432
2838;CVE-2023-53433
2839;CVE-2023-53434
2840;CVE-2023-53435
2841;CVE-2023-53436
2842;CVE-2023-53437
2843;CVE-2023-53438
2844;CVE-2023-53439
2845;CVE-2023-53440
2846;CVE-2023-53441
2847;CVE-2023-53442
2848;CVE-2023-53443
2849;CVE-2023-53444
2850;CVE-2023-53445
2851;CVE-2023-53446
2852;CVE-2023-53447
2853;CVE-2025-10674
2854;CVE-2025-10675
2855;CVE-2025-10676
2856;CVE-2025-36139
2857;CVE-2025-36143
2858;CVE-2025-36146
2859;CVE-2025-50255
2860;CVE-2025-55912
2861;CVE-2025-10687
2862;CVE-2025-10650
2863;CVE-2025-26503
2864;CVE-2025-47906
2865;CVE-2025-10688
2866;CVE-2025-59424
2867;CVE-2025-10689
2868;CVE-2025-30519
2869;CVE-2025-47698
2870;CVE-2025-53947
2871;CVE-2025-54754
2872;CVE-2025-54807
2873;CVE-2025-55068
2874;CVE-2025-57293
2875;CVE-2025-57295
2876;CVE-2025-10035
2877;CVE-2025-52873
2878;CVE-2025-53969
2879;CVE-2025-54497
2880;CVE-2025-54810
2881;CVE-2025-54818
2882;CVE-2025-54860
2883;CVE-2025-59215
2884;CVE-2025-59216
2885;CVE-2025-59220
2886;CVE-2025-59691
2887;CVE-2025-59692
2888;CVE-2025-30755
2889;CVE-2025-6198
2890;CVE-2025-10690
2891;CVE-2025-59712
2892;CVE-2025-59713
2893;CVE-2025-59714
2894;CVE-2025-59715
2895;CVE-2025-7937
2896;CVE-2025-59717
2897;CVE-2025-8487
2898;CVE-2025-10146
2899;CVE-2025-5955
2900;CVE-2025-10456
2901;CVE-2025-10457
2902;CVE-2025-10458
2903;CVE-2025-5948
2904;CVE-2025-7403
2905;CVE-2025-7702
2906;CVE-2025-10647
2907;CVE-2025-9905
2908;CVE-2025-9906
2909;CVE-2025-10630
2910;CVE-2025-10719
2911;CVE-2025-8531
2912;CVE-2025-10468
2913;CVE-2025-10707
2914;CVE-2025-10708
2915;CVE-2025-10709
2916;CVE-2025-9969
2917;CVE-2025-10710
2918;CVE-2025-10711
2919;CVE-2025-7665
2920;CVE-2025-10712
2921;CVE-2025-10715
2922;CVE-2025-46703
2923;CVE-2025-48007
2924;CVE-2025-57880
2925;CVE-2025-58114
2926;CVE-2025-10716
2927;CVE-2025-10717
2928;CVE-2025-57528
2929;CVE-2025-8532
2930;CVE-2025-8664
2931;CVE-2025-10718
2932;CVE-2025-39837
2933;CVE-2025-39838
2934;CVE-2025-39839
2935;CVE-2025-39840
2936;CVE-2025-39841
2937;CVE-2025-39842
2938;CVE-2025-39843
2939;CVE-2025-39844
2940;CVE-2025-39845
2941;CVE-2025-39846
2942;CVE-2025-39847
2943;CVE-2025-39848
2944;CVE-2025-39849
2945;CVE-2025-39850
2946;CVE-2025-39851
2947;CVE-2025-39852
2948;CVE-2025-39853
2949;CVE-2025-39854
2950;CVE-2025-39855
2951;CVE-2025-39856
2952;CVE-2025-39857
2953;CVE-2025-39858
2954;CVE-2025-39859
2955;CVE-2025-39860
2956;CVE-2025-39861
2957;CVE-2025-39862
2958;CVE-2025-39863
2959;CVE-2025-39864
2960;CVE-2025-39865
2961;CVE-2025-39866
2962;CVE-2025-55910
2963;CVE-2025-56869
2964;CVE-2025-57296
2965;CVE-2025-57644
2966;CVE-2025-59344
2967;CVE-2025-59427
2968;CVE-2025-36248
2969;CVE-2025-10721
2970;CVE-2025-10722
2971;CVE-2025-48703
2972;CVE-2022-4980
2973;CVE-2024-13990
2974;CVE-2025-26514
2975;CVE-2025-26515
2976;CVE-2025-26516
2977;CVE-2025-26517
2978;CVE-2025-34188
2979;CVE-2025-34189
2980;CVE-2025-34190
2981;CVE-2025-34191
2982;CVE-2025-34192
2983;CVE-2025-34193
2984;CVE-2025-34194
2985;CVE-2025-34195
2986;CVE-2025-34197
2987;CVE-2025-34198
2988;CVE-2025-34199
2989;CVE-2025-34200
2990;CVE-2025-34201
2991;CVE-2025-34202
2992;CVE-2025-34203
2993;CVE-2025-34204
2994;CVE-2025-34205
2995;CVE-2025-34206
2996;CVE-2025-43803
2997;CVE-2025-10568
2998;CVE-2025-43809
2999;CVE-2025-52159
3000;CVE-2025-54761
3001;CVE-2025-54815
3002;CVE-2025-56762
3003;CVE-2025-57396
3004;CVE-2025-59431
3005;CVE-2025-59689
3006;CVE-2025-9079
3007;CVE-2025-9081
3008;CVE-2025-43808
3009;CVE-2025-10652
3010;CVE-2025-10002
3011;CVE-2025-10181
3012;CVE-2025-10305
3013;CVE-2025-10489
3014;CVE-2025-9949
3015;CVE-2025-10658
3016;CVE-2025-9882
3017;CVE-2025-9883
3018;CVE-2025-9887
3019;CVE-2025-10741
3020;CVE-2025-40925
3021;CVE-2025-10755
3022;CVE-2025-10756
3023;CVE-2025-10757
3024;CVE-2025-10758
3025;CVE-2025-10759
3026;CVE-2025-10760
3027;CVE-2025-10761
3028;CVE-2025-10762
3029;CVE-2025-10763
3030;CVE-2025-10764
3031;CVE-2025-10765
3032;CVE-2025-10766
3033;CVE-2025-6544
3034;CVE-2025-10768
3035;CVE-2025-10769
3036;CVE-2025-53692
3037;CVE-2025-10767
3038;CVE-2025-10770
3039;CVE-2025-10771
3040;CVE-2025-10772
3041;CVE-2025-10773
3042;CVE-2025-10774
3043;CVE-2025-10775
3044;CVE-2025-10776
3045;CVE-2025-10777
3046;CVE-2025-10778
3047;CVE-2025-10779
3048;CVE-2025-10780
3049;CVE-2025-10781
3050;CVE-2025-59798
3051;CVE-2025-59799
3052;CVE-2025-59800
3053;CVE-2025-59801
3054;CVE-2025-10782
3055;CVE-2025-10783
3056;CVE-2025-10784
3057;CVE-2025-10785
3058;CVE-2025-9115
3059;CVE-2025-9487
3060;CVE-2025-9540
3061;CVE-2025-9541
3062;CVE-2025-10786
3063;CVE-2025-10787
3064;CVE-2025-0875
3065;CVE-2025-10788
3066;CVE-2025-10789
3067;CVE-2025-5962
3068;CVE-2025-10790
3069;CVE-2025-10791
3070;CVE-2025-8079
3071;CVE-2025-10009
3072;CVE-2025-10792
3073;CVE-2025-10793
3074;CVE-2025-25177
3075;CVE-2025-9035
3076;CVE-2025-10794
3077;CVE-2025-10795
3078;CVE-2025-46711
3079;CVE-2025-9983
3080;CVE-2025-10796
3081;CVE-2025-10797
3082;CVE-2025-10798
3083;CVE-2025-10799
3084;CVE-2025-10854
3085;CVE-2025-59797
3086;CVE-2025-10800
3087;CVE-2025-10801
3088;CVE-2025-51006
3089;CVE-2025-56074
3090;CVE-2025-56075
3091;CVE-2025-10802
3092;CVE-2025-10803
3093;CVE-2025-9038
3094;CVE-2025-10804
3095;CVE-2025-10805
3096;CVE-2025-35041
3097;CVE-2025-35042
3098;CVE-2025-36037
3099;CVE-2025-36202
3100;CVE-2025-57430
3101;CVE-2025-57432
3102;CVE-2025-57433
3103;CVE-2025-57601
3104;CVE-2025-57602
3105;CVE-2025-57605
3106;CVE-2025-57682
3107;CVE-2025-10806
3108;CVE-2025-10807
3109;CVE-2025-43807
3110;CVE-2025-57431
3111;CVE-2025-57434
3112;CVE-2025-59335
3113;CVE-2025-59411
3114;CVE-2025-59412
3115;CVE-2025-59413
3116;CVE-2025-10808
3117;CVE-2025-10809
3118;CVE-2025-43953
3119;CVE-2025-55885
3120;CVE-2025-55886
3121;CVE-2025-55888
3122;CVE-2025-57437
3123;CVE-2025-57438
3124;CVE-2025-57439
3125;CVE-2025-57440
3126;CVE-2025-57441
3127;CVE-2025-59418
3128;CVE-2025-59420
3129;CVE-2025-10810
3130;CVE-2025-10811
3131;CVE-2025-36064
3132;CVE-2025-52367
3133;CVE-2025-53450
3134;CVE-2025-53451
3135;CVE-2025-53452
3136;CVE-2025-53454
3137;CVE-2025-53455
3138;CVE-2025-53456
3139;CVE-2025-53457
3140;CVE-2025-53458
3141;CVE-2025-53459
3142;CVE-2025-53460
3143;CVE-2025-53461
3144;CVE-2025-53462
3145;CVE-2025-53463
3146;CVE-2025-53464
3147;CVE-2025-53465
3148;CVE-2025-53466
3149;CVE-2025-53467
3150;CVE-2025-53468
3151;CVE-2025-53469
3152;CVE-2025-53570
3153;CVE-2025-55887
3154;CVE-2025-57685
3155;CVE-2025-57898
3156;CVE-2025-57899
3157;CVE-2025-57900
3158;CVE-2025-57901
3159;CVE-2025-57902
3160;CVE-2025-57903
3161;CVE-2025-57904
3162;CVE-2025-57905
3163;CVE-2025-57906
3164;CVE-2025-57907
3165;CVE-2025-57908
3166;CVE-2025-57909
3167;CVE-2025-57910
3168;CVE-2025-57911
3169;CVE-2025-57912
3170;CVE-2025-57913
3171;CVE-2025-57914
3172;CVE-2025-57915
3173;CVE-2025-57916
3174;CVE-2025-57917
3175;CVE-2025-57918
3176;CVE-2025-57919
3177;CVE-2025-57920
3178;CVE-2025-57921
3179;CVE-2025-57922
3180;CVE-2025-57923
3181;CVE-2025-57924
3182;CVE-2025-57925
3183;CVE-2025-57926
3184;CVE-2025-57927
3185;CVE-2025-57928
3186;CVE-2025-57929
3187;CVE-2025-57930
3188;CVE-2025-57932
3189;CVE-2025-57933
3190;CVE-2025-57934
3191;CVE-2025-57935
3192;CVE-2025-57936
3193;CVE-2025-57937
3194;CVE-2025-57938
3195;CVE-2025-57939
3196;CVE-2025-57940
3197;CVE-2025-57941
3198;CVE-2025-57942
3199;CVE-2025-57943
3200;CVE-2025-57944
3201;CVE-2025-57945
3202;CVE-2025-57946
3203;CVE-2025-57947
3204;CVE-2025-57948
3205;CVE-2025-57949
3206;CVE-2025-57950
3207;CVE-2025-57951
3208;CVE-2025-57952
3209;CVE-2025-57953
3210;CVE-2025-57954
3211;CVE-2025-57955
3212;CVE-2025-57956
3213;CVE-2025-57957
3214;CVE-2025-57958
3215;CVE-2025-57959
3216;CVE-2025-57960
3217;CVE-2025-57961
3218;CVE-2025-57962
3219;CVE-2025-57963
3220;CVE-2025-57964
3221;CVE-2025-57965
3222;CVE-2025-57966
3223;CVE-2025-57967
3224;CVE-2025-57968
3225;CVE-2025-57969
3226;CVE-2025-57970
3227;CVE-2025-57971
3228;CVE-2025-57972
3229;CVE-2025-57973
3230;CVE-2025-57974
3231;CVE-2025-57975
3232;CVE-2025-57976
3233;CVE-2025-57977
3234;CVE-2025-57978
3235;CVE-2025-57979
3236;CVE-2025-57980
3237;CVE-2025-57981
3238;CVE-2025-57982
3239;CVE-2025-57983
3240;CVE-2025-57984
3241;CVE-2025-57985
3242;CVE-2025-57986
3243;CVE-2025-57987
3244;CVE-2025-57988
3245;CVE-2025-57989
3246;CVE-2025-57990
3247;CVE-2025-57991
3248;CVE-2025-57992
3249;CVE-2025-57993
3250;CVE-2025-57994
3251;CVE-2025-57995
3252;CVE-2025-57996
3253;CVE-2025-57997
3254;CVE-2025-57998
3255;CVE-2025-57999
3256;CVE-2025-58000
3257;CVE-2025-58001
3258;CVE-2025-58002
3259;CVE-2025-58003
3260;CVE-2025-58004
3261;CVE-2025-58005
3262;CVE-2025-58006
3263;CVE-2025-58007
3264;CVE-2025-58008
3265;CVE-2025-58009
3266;CVE-2025-58010
3267;CVE-2025-58011
3268;CVE-2025-58012
3269;CVE-2025-58013
3270;CVE-2025-58014
3271;CVE-2025-58015
3272;CVE-2025-58016
3273;CVE-2025-58017
3274;CVE-2025-58018
3275;CVE-2025-58019
3276;CVE-2025-58020
3277;CVE-2025-58021
3278;CVE-2025-58022
3279;CVE-2025-58023
3280;CVE-2025-58025
3281;CVE-2025-58026
3282;CVE-2025-58027
3283;CVE-2025-58028
3284;CVE-2025-58029
3285;CVE-2025-58030
3286;CVE-2025-58031
3287;CVE-2025-58032
3288;CVE-2025-58033
3289;CVE-2025-58199
3290;CVE-2025-58200
3291;CVE-2025-58219
3292;CVE-2025-58220
3293;CVE-2025-58221
3294;CVE-2025-58222
3295;CVE-2025-58223
3296;CVE-2025-58224
3297;CVE-2025-58226
3298;CVE-2025-58227
3299;CVE-2025-58228
3300;CVE-2025-58229
3301;CVE-2025-58230
3302;CVE-2025-58231
3303;CVE-2025-58232
3304;CVE-2025-58233
3305;CVE-2025-58234
3306;CVE-2025-58235
3307;CVE-2025-58236
3308;CVE-2025-58237
3309;CVE-2025-58238
3310;CVE-2025-58239
3311;CVE-2025-58240
3312;CVE-2025-58241
3313;CVE-2025-58242
3314;CVE-2025-58244
3315;CVE-2025-58245
3316;CVE-2025-58247
3317;CVE-2025-58248
3318;CVE-2025-58249
3319;CVE-2025-58250
3320;CVE-2025-58251
3321;CVE-2025-58252
3322;CVE-2025-58253
3323;CVE-2025-58254
3324;CVE-2025-58255
3325;CVE-2025-58256
3326;CVE-2025-58257
3327;CVE-2025-58258
3328;CVE-2025-58259
3329;CVE-2025-58260
3330;CVE-2025-58261
3331;CVE-2025-58262
3332;CVE-2025-58263
3333;CVE-2025-58264
3334;CVE-2025-58265
3335;CVE-2025-58266
3336;CVE-2025-58267
3337;CVE-2025-58268
3338;CVE-2025-58269
3339;CVE-2025-58270
3340;CVE-2025-58271
3341;CVE-2025-58645
3342;CVE-2025-58646
3343;CVE-2025-58647
3344;CVE-2025-58648
3345;CVE-2025-58649
3346;CVE-2025-58650
3347;CVE-2025-58651
3348;CVE-2025-58652
3349;CVE-2025-58653
3350;CVE-2025-58654
3351;CVE-2025-58655
3352;CVE-2025-58656
3353;CVE-2025-58657
3354;CVE-2025-58658
3355;CVE-2025-58659
3356;CVE-2025-58660
3357;CVE-2025-58661
3358;CVE-2025-58662
3359;CVE-2025-58663
3360;CVE-2025-58664
3361;CVE-2025-58665
3362;CVE-2025-58666
3363;CVE-2025-58667
3364;CVE-2025-58668
3365;CVE-2025-58669
3366;CVE-2025-58670
3367;CVE-2025-58671
3368;CVE-2025-58672
3369;CVE-2025-58673
3370;CVE-2025-58675
3371;CVE-2025-58676
3372;CVE-2025-58677
3373;CVE-2025-58678
3374;CVE-2025-58679
3375;CVE-2025-58680
3376;CVE-2025-58681
3377;CVE-2025-58682
3378;CVE-2025-58683
3379;CVE-2025-58684
3380;CVE-2025-58685
3381;CVE-2025-58686
3382;CVE-2025-58687
3383;CVE-2025-58688
3384;CVE-2025-58689
3385;CVE-2025-58690
3386;CVE-2025-58691
3387;CVE-2025-58702
3388;CVE-2025-58703
3389;CVE-2025-58704
3390;CVE-2025-58956
3391;CVE-2025-58957
3392;CVE-2025-58960
3393;CVE-2025-58962
3394;CVE-2025-58965
3395;CVE-2025-58968
3396;CVE-2025-58969
3397;CVE-2025-58973
3398;CVE-2025-58974
3399;CVE-2025-58992
3400;CVE-2025-59430
3401;CVE-2025-59549
3402;CVE-2025-59551
3403;CVE-2025-59552
3404;CVE-2025-59553
3405;CVE-2025-59559
3406;CVE-2025-59561
3407;CVE-2025-59562
3408;CVE-2025-59565
3409;CVE-2025-59567
3410;CVE-2025-59568
3411;CVE-2025-59569
3412;CVE-2025-59570
3413;CVE-2025-59572
3414;CVE-2025-59573
3415;CVE-2025-59574
3416;CVE-2025-59576
3417;CVE-2025-59577
3418;CVE-2025-59581
3419;CVE-2025-59582
3420;CVE-2025-59583
3421;CVE-2025-59584
3422;CVE-2025-59585
3423;CVE-2025-59586
3424;CVE-2025-59587
3425;CVE-2025-59588
3426;CVE-2025-59589
3427;CVE-2025-59590
3428;CVE-2025-59591
3429;CVE-2025-59592
3430;CVE-2025-8892
3431;CVE-2025-9960
3432;CVE-2025-10812
3433;CVE-2025-10813
3434;CVE-2025-57203
3435;CVE-2025-59432
3436;CVE-2025-59433
3437;CVE-2025-59434
3438;CVE-2025-59526
3439;CVE-2025-59527
3440;CVE-2025-59528
3441;CVE-2025-10814
3442;CVE-2025-10815
3443;CVE-2025-47910
3444;CVE-2025-57204
3445;CVE-2025-57205
3446;CVE-2025-59532
3447;CVE-2025-59535
3448;CVE-2025-10816
3449;CVE-2025-10817
3450;CVE-2025-43806
3451;CVE-2025-10819
3452;CVE-2025-10820
3453;CVE-2025-10821
3454;CVE-2025-43810
3455;CVE-2025-43814
3456;CVE-2025-10822
3457;CVE-2025-10823
3458;CVE-2025-10824
3459;CVE-2025-10825
3460;CVE-2025-10826
3461;CVE-2025-10827
3462;CVE-2025-10828
3463;CVE-2025-10829
3464;CVE-2025-10830
3465;CVE-2025-10831
3466;CVE-2025-10832
3467;CVE-2025-42907
3468;CVE-2025-58915
3469;CVE-2025-9494
3470;CVE-2025-9495
3471;CVE-2025-10833
3472;CVE-2025-10834
3473;CVE-2025-10380
3474;CVE-2025-10835
3475;CVE-2025-10836
3476;CVE-2025-10837
3477;CVE-2025-8902
3478;CVE-2025-10838
3479;CVE-2025-10839
3480;CVE-2025-10840
3481;CVE-2025-1131
3482;CVE-2025-26399
3483;CVE-2025-9321
3484;CVE-2025-10841
3485;CVE-2025-10842
3486;CVE-2025-10843
3487;CVE-2025-39868
3488;CVE-2025-39869
3489;CVE-2025-39870
3490;CVE-2025-39871
3491;CVE-2025-39872
3492;CVE-2025-39873
3493;CVE-2025-39874
3494;CVE-2025-39875
3495;CVE-2025-39876
3496;CVE-2025-39877
3497;CVE-2025-39878
3498;CVE-2025-39879
3499;CVE-2025-39880
3500;CVE-2025-39881
3501;CVE-2025-39882
3502;CVE-2025-39883
3503;CVE-2025-39884
3504;CVE-2025-39885
3505;CVE-2025-39886
3506;CVE-2025-39887
3507;CVE-2025-39888
3508;CVE-2025-8282
3509;CVE-2025-10548
3510;CVE-2025-10844
3511;CVE-2025-10845
3512;CVE-2025-10846
3513;CVE-2025-10848
3514;CVE-2025-10851
3515;CVE-2025-9588
3516;CVE-2025-10147
3517;CVE-2025-10857
3518;CVE-2025-9798
3519;CVE-2025-10412
3520;CVE-2025-7106
3521;CVE-2025-9342
3522;CVE-2024-4598
3523;CVE-2025-9962
3524;CVE-2025-10244
3525;CVE-2025-9963
3526;CVE-2025-9964
3527;CVE-2025-9965
3528;CVE-2025-9966
3529;CVE-2025-10184
3530;CVE-2025-9846
3531;CVE-2017-20200
3532;CVE-2025-6921
3533;CVE-2025-8354
3534;CVE-2025-9844
3535;CVE-2025-4760
3536;CVE-2025-57407
3537;CVE-2025-5717
3538;CVE-2024-6429
3539;CVE-2025-0663
3540;CVE-2025-56304
3541;CVE-2025-9900
3542;CVE-2025-0209
3543;CVE-2025-0672
3544;CVE-2025-1255
3545;CVE-2025-29083
3546;CVE-2025-29084
3547;CVE-2025-4582
3548;CVE-2025-4993
3549;CVE-2025-52905
3550;CVE-2025-55780
3551;CVE-2025-56394
3552;CVE-2025-57639
3553;CVE-2025-58246
3554;CVE-2025-59539
3555;CVE-2025-59545
3556;CVE-2025-59546
3557;CVE-2025-59547
3558;CVE-2025-59548
3559;CVE-2025-59821
3560;CVE-2025-8410
3561;CVE-2025-45326
3562;CVE-2025-51005
3563;CVE-2025-54081
3564;CVE-2025-56146
3565;CVE-2025-57637
3566;CVE-2025-57638
3567;CVE-2025-58674
3568;CVE-2025-59534
3569;CVE-2025-59822
3570;CVE-2025-57636
3571;CVE-2025-59825
3572;CVE-2025-56311
3573;CVE-2025-58354
3574;CVE-2025-59826
3575;CVE-2024-21927
3576;CVE-2024-21935
3577;CVE-2025-54855
3578;CVE-2025-58069
3579;CVE-2025-59484
3580;CVE-2025-55038
3581;CVE-2025-55069
3582;CVE-2025-57882
3583;CVE-2025-58473
3584;CVE-2025-43779
3585;CVE-2025-43819
3586;CVE-2025-58317
3587;CVE-2025-58319
3588;CVE-2025-48392
3589;CVE-2025-48459
3590;CVE-2025-41715
3591;CVE-2025-41716
3592;CVE-2025-9031
3593;CVE-2025-58457
3594;CVE-2024-58241
3595;CVE-2025-39889
3596;CVE-2025-39890
3597;CVE-2025-9054
3598;CVE-2025-10906
3599;CVE-2025-60020
3600;CVE-2025-9353
3601;CVE-2025-23248
3602;CVE-2025-23255
3603;CVE-2025-23271
3604;CVE-2025-23272
3605;CVE-2025-23273
3606;CVE-2025-23274
3607;CVE-2025-23275
3608;CVE-2025-23308
3609;CVE-2025-23338
3610;CVE-2025-23339
3611;CVE-2025-23340
3612;CVE-2025-23346
3613;CVE-2025-23348
3614;CVE-2025-23349
3615;CVE-2025-23353
3616;CVE-2025-23354
3617;CVE-2025-48868
3618;CVE-2025-8869
3619;CVE-2025-10360
3620;CVE-2025-21476
3621;CVE-2025-21481
3622;CVE-2025-21482
3623;CVE-2025-21483
3624;CVE-2025-21484
3625;CVE-2025-21487
3626;CVE-2025-21488
3627;CVE-2025-27030
3628;CVE-2025-27032
3629;CVE-2025-27033
3630;CVE-2025-27034
3631;CVE-2025-27036
3632;CVE-2025-27037
3633;CVE-2025-27077
3634;CVE-2025-47314
3635;CVE-2025-47315
3636;CVE-2025-47316
3637;CVE-2025-47317
3638;CVE-2025-47318
3639;CVE-2025-47326
3640;CVE-2025-47327
3641;CVE-2025-47328
3642;CVE-2025-47329
3643;CVE-2025-56819
3644;CVE-2025-10500
3645;CVE-2025-10501
3646;CVE-2025-10502
3647;CVE-2025-10585
3648;CVE-2025-10890
3649;CVE-2025-10891
3650;CVE-2025-10892
3651;CVE-2025-10909
3652;CVE-2025-20334
3653;CVE-2025-20339
3654;CVE-2025-20364
3655;CVE-2025-20365
3656;CVE-2025-56815
3657;CVE-2025-56816
3658;CVE-2025-20149
3659;CVE-2025-20160
3660;CVE-2025-20240
3661;CVE-2025-20293
3662;CVE-2025-20311
3663;CVE-2025-20312
3664;CVE-2025-20313
3665;CVE-2025-20314
3666;CVE-2025-20315
3667;CVE-2025-20316
3668;CVE-2025-20327
3669;CVE-2025-20338
3670;CVE-2025-20352
3671;CVE-2025-48867
3672;CVE-2025-48869
3673;CVE-2025-52906
3674;CVE-2025-52907
3675;CVE-2025-56241
3676;CVE-2025-57350
3677;CVE-2025-57352
3678;CVE-2025-57353
3679;CVE-2025-57354
3680;CVE-2025-59305
3681;CVE-2025-59343
3682;CVE-2025-59524
3683;CVE-2025-55178
3684;CVE-2025-55322
3685;CVE-2025-57330
3686;CVE-2025-57347
3687;CVE-2025-57348
3688;CVE-2025-57349
3689;CVE-2025-57351
3690;CVE-2025-59251
3691;CVE-2025-59525
3692;CVE-2025-57321
3693;CVE-2025-57323
3694;CVE-2025-57325
3695;CVE-2025-57326
3696;CVE-2025-57327
3697;CVE-2025-57328
3698;CVE-2025-57329
3699;CVE-2025-59824
3700;CVE-2025-59828
3701;CVE-2025-57318
3702;CVE-2025-57319
3703;CVE-2025-57320
3704;CVE-2025-57324
3705;CVE-2025-59827
3706;CVE-2025-59833
3707;CVE-2025-10894
3708;CVE-2025-54520
3709;CVE-2025-21056
3710;CVE-2025-10438
3711;CVE-2025-10940
3712;CVE-2025-10941
3713;CVE-2025-10942
3714;CVE-2025-10943
3715;CVE-2025-10957
3716;CVE-2025-40698
3717;CVE-2025-10449
3718;CVE-2025-10944
3719;CVE-2025-10945
3720;CVE-2025-10946
3721;CVE-2025-10947
3722;CVE-2025-10467
3723;CVE-2025-10540
3724;CVE-2025-10948
3725;CVE-2025-26278
3726;CVE-2025-27261
3727;CVE-2025-57317
3728;CVE-2025-59422
3729;CVE-2025-59426
3730;CVE-2025-59831
3731;CVE-2025-59834
3732;CVE-2025-59839
3733;CVE-2025-5494
3734;CVE-2020-36851
3735;CVE-2025-10541
3736;CVE-2025-10542
3737;CVE-2025-10949
3738;CVE-2025-10950
3739;CVE-2025-10951
3740;CVE-2025-27262
3741;CVE-2025-36601
3742;CVE-2025-36857
3743;CVE-2025-40836
3744;CVE-2025-40837
3745;CVE-2025-40838
3746;CVE-2025-46148
3747;CVE-2025-46149
3748;CVE-2025-46150
3749;CVE-2025-46152
3750;CVE-2025-46153
3751;CVE-2025-55551
3752;CVE-2025-59823
3753;CVE-2025-59830
3754;CVE-2025-59832
3755;CVE-2025-59838
3756;CVE-2024-48014
3757;CVE-2025-10911
3758;CVE-2025-10952
3759;CVE-2025-10953
3760;CVE-2025-20333
3761;CVE-2025-20362
3762;CVE-2025-20363
3763;CVE-2025-26333
3764;CVE-2025-33116
3765;CVE-2025-43943
3766;CVE-2025-55552
3767;CVE-2025-55553
3768;CVE-2025-55554
3769;CVE-2025-55556
3770;CVE-2025-55557
3771;CVE-2025-55558
3772;CVE-2025-55559
3773;CVE-2025-55560
3774;CVE-2025-57446
3775;CVE-2025-59841
3776;CVE-2025-60018
3777;CVE-2025-60019
3778;CVE-2025-10879
3779;CVE-2025-10880
3780;CVE-2025-34227
3781;CVE-2025-10958
3782;CVE-2025-10959
3783;CVE-2025-10960
3784;CVE-2025-10961
3785;CVE-2025-29155
3786;CVE-2025-48707
3787;CVE-2025-57623
3788;CVE-2025-60249
3789;CVE-2025-10962
3790;CVE-2025-10963
3791;CVE-2025-29156
3792;CVE-2025-29157
3793;CVE-2025-10964
3794;CVE-2025-10965
3795;CVE-2025-10967
3796;CVE-2025-43816
3797;CVE-2025-43993
3798;CVE-2025-57632
3799;CVE-2025-59814
3800;CVE-2025-59815
3801;CVE-2025-59816
3802;CVE-2025-59817
3803;CVE-2025-10973
3804;CVE-2025-11005
3805;CVE-2025-26482
3806;CVE-2025-59402
3807;CVE-2025-59404
3808;CVE-2025-59408
3809;CVE-2025-10974
3810;CVE-2025-10975
3811;CVE-2025-10976
3812;CVE-2025-10977
3813;CVE-2025-10978
3814;CVE-2025-10979
3815;CVE-2025-56769
3816;CVE-2025-10980
3817;CVE-2025-10981
3818;CVE-2025-10987
3819;CVE-2025-10988
3820;CVE-2025-10989
3821;CVE-2025-60017
3822;CVE-2025-60250
3823;CVE-2025-60251
3824;CVE-2025-10178
3825;CVE-2025-10752
3826;CVE-2025-10992
3827;CVE-2025-10993
3828;CVE-2025-10994
3829;CVE-2025-10995
3830;CVE-2025-8200
3831;CVE-2025-8906
3832;CVE-2025-10996
3833;CVE-2025-10997
3834;CVE-2025-10998
3835;CVE-2025-10999
3836;CVE-2025-10173
3837;CVE-2025-10377
3838;CVE-2025-10745
3839;CVE-2025-11000
3840;CVE-2025-9044
3841;CVE-2025-10036
3842;CVE-2025-10037
3843;CVE-2025-9984
3844;CVE-2025-9985
3845;CVE-2025-10747
3846;CVE-2025-9490
3847;CVE-2025-10136
3848;CVE-2025-10137
3849;CVE-2025-10180
3850;CVE-2025-10307
3851;CVE-2025-10490
3852;CVE-2025-35027
3853;CVE-2025-1396
3854;CVE-2025-54831
3855;CVE-2025-10858
3856;CVE-2025-10867
3857;CVE-2025-10871
3858;CVE-2025-11021
3859;CVE-2025-1862
3860;CVE-2025-27006
3861;CVE-2025-48107
3862;CVE-2025-48326
3863;CVE-2025-4957
3864;CVE-2025-58914
3865;CVE-2025-58917
3866;CVE-2025-58919
3867;CVE-2025-59002
3868;CVE-2025-59010
3869;CVE-2025-59011
3870;CVE-2025-59012
3871;CVE-2025-60040
3872;CVE-2025-60092
3873;CVE-2025-60093
3874;CVE-2025-60094
3875;CVE-2025-60095
3876;CVE-2025-60096
3877;CVE-2025-60097
3878;CVE-2025-60098
3879;CVE-2025-60099
3880;CVE-2025-60100
3881;CVE-2025-60101
3882;CVE-2025-60102
3883;CVE-2025-60103
3884;CVE-2025-60104
3885;CVE-2025-60105
3886;CVE-2025-60106
3887;CVE-2025-60107
3888;CVE-2025-60108
3889;CVE-2025-60109
3890;CVE-2025-60110
3891;CVE-2025-60111
3892;CVE-2025-60112
3893;CVE-2025-60113
3894;CVE-2025-60114
3895;CVE-2025-60115
3896;CVE-2025-60116
3897;CVE-2025-60117
3898;CVE-2025-60118
3899;CVE-2025-60119
3900;CVE-2025-60120
3901;CVE-2025-60121
3902;CVE-2025-60122
3903;CVE-2025-60123
3904;CVE-2025-60124
3905;CVE-2025-60125
3906;CVE-2025-60126
3907;CVE-2025-60127
3908;CVE-2025-60128
3909;CVE-2025-60129
3910;CVE-2025-60130
3911;CVE-2025-60133
3912;CVE-2025-60136
3913;CVE-2025-60137
3914;CVE-2025-60138
3915;CVE-2025-60139
3916;CVE-2025-60140
3917;CVE-2025-60141
3918;CVE-2025-60142
3919;CVE-2025-60143
3920;CVE-2025-60144
3921;CVE-2025-60145
3922;CVE-2025-60146
3923;CVE-2025-60147
3924;CVE-2025-60148
3925;CVE-2025-60149
3926;CVE-2025-60150
3927;CVE-2025-60152
3928;CVE-2025-60153
3929;CVE-2025-60154
3930;CVE-2025-60155
3931;CVE-2025-60156
3932;CVE-2025-60157
3933;CVE-2025-60158
3934;CVE-2025-60159
3935;CVE-2025-60160
3936;CVE-2025-60161
3937;CVE-2025-60162
3938;CVE-2025-60163
3939;CVE-2025-60164
3940;CVE-2025-60165
3941;CVE-2025-60166
3942;CVE-2025-60167
3943;CVE-2025-60169
3944;CVE-2025-60170
3945;CVE-2025-60171
3946;CVE-2025-60172
3947;CVE-2025-60173
3948;CVE-2025-60177
3949;CVE-2025-60179
3950;CVE-2025-60181
3951;CVE-2025-60184
3952;CVE-2025-60185
3953;CVE-2025-60186
3954;CVE-2025-60219
3955;CVE-2025-7691
3956;CVE-2025-9642
3957;CVE-2025-9958
3958;CVE-2025-10544
3959;CVE-2025-10868
3960;CVE-2025-11042
3961;CVE-2025-5069
3962;CVE-2025-11010
3963;CVE-2025-11011
3964;CVE-2025-11012
3965;CVE-2025-11013
3966;CVE-2025-11014
3967;CVE-2025-11025
3968;CVE-2025-11060
3969;CVE-2025-9267
3970;CVE-2025-11015
3971;CVE-2025-11016
3972;CVE-2025-11017
3973;CVE-2025-11018
3974;CVE-2025-11019
3975;CVE-2025-11026
3976;CVE-2025-36274
3977;CVE-2025-36326
3978;CVE-2025-55187
3979;CVE-2025-57292
3980;CVE-2025-6396
3981;CVE-2025-11027
3982;CVE-2025-11028
3983;CVE-2025-56463
3984;CVE-2025-58385
3985;CVE-2025-59362
3986;CVE-2025-59842
3987;CVE-2025-59843
3988;CVE-2025-11029
3989;CVE-2025-11030
3990;CVE-2025-11031
3991;CVE-2025-26258
3992;CVE-2025-55848
3993;CVE-2025-59844
3994;CVE-2025-11032
3995;CVE-2025-11033
3996;CVE-2025-11034
3997;CVE-2025-45994
3998;CVE-2025-55847
3999;CVE-2025-56383
4000;CVE-2025-58384
4001;CVE-2025-11035
4002;CVE-2025-11036
4003;CVE-2025-11037
4004;CVE-2025-11038
4005;CVE-2025-11039
4006;CVE-2025-11040
4007;CVE-2025-11041
4008;CVE-2025-57692
4009;CVE-2025-10657
4010;CVE-2025-11045
4011;CVE-2025-11046
4012;CVE-2025-11047
4013;CVE-2025-11048
4014;CVE-2025-59845
4015;CVE-2025-59934
4016;CVE-2025-36144
4017;CVE-2025-59932
4018;CVE-2025-59936
4019;CVE-2025-59938
4020;CVE-2025-59939
4021;CVE-2025-59945
4022;CVE-2024-43192
4023;CVE-2025-36239
4024;CVE-2025-8440
4025;CVE-2025-10498
4026;CVE-2025-10499
4027;CVE-2025-11049
4028;CVE-2025-10954
4029;CVE-2025-11050
4030;CVE-2025-3193
4031;CVE-2025-9816
4032;CVE-2025-11051
4033;CVE-2025-11052
4034;CVE-2025-9893
4035;CVE-2025-9894
4036;CVE-2025-9896
4037;CVE-2025-9898
4038;CVE-2025-9899
4039;CVE-2025-9944
4040;CVE-2025-11053
4041;CVE-2025-11054
4042;CVE-2025-11055
4043;CVE-2025-11056
4044;CVE-2025-11057
4045;CVE-2025-11061
4046;CVE-2025-11062
4047;CVE-2025-11063
4048;CVE-2025-11064
4049;CVE-2025-11066
4050;CVE-2025-11067
4051;CVE-2025-11068
4052;CVE-2025-11069
4053;CVE-2025-11070
4054;CVE-2025-7647
4055;CVE-2025-8014
4056;CVE-2025-11071
4057;CVE-2025-11073
4058;CVE-2025-11074
4059;CVE-2025-11075
4060;CVE-2025-11076
4061;CVE-2025-11077
4062;CVE-2025-11078
4063;CVE-2025-11079
4064;CVE-2025-11080
4065;CVE-2025-11081
4066;CVE-2025-11082
4067;CVE-2025-11083
4068;CVE-2025-11088
4069;CVE-2025-11089
4070;CVE-2025-11090
4071;CVE-2025-11091
4072;CVE-2025-11092
4073;CVE-2025-11094
4074;CVE-2025-11095
4075;CVE-2025-11096
4076;CVE-2025-11097
4077;CVE-2025-11098
4078;CVE-2025-11099
4079;CVE-2025-11100
4080;CVE-2025-11101
4081;CVE-2025-11102
4082;CVE-2025-11103
4083;CVE-2025-11104
4084;CVE-2025-11105
4085;CVE-2025-11106
4086;CVE-2025-11107
4087;CVE-2025-11108
4088;CVE-2025-11109
4089;CVE-2025-11110
4090;CVE-2025-11111
4091;CVE-2025-11112
4092;CVE-2025-11113
4093;CVE-2025-11114
4094;CVE-2025-11115
4095;CVE-2025-11116
4096;CVE-2025-11117
4097;CVE-2025-11118
4098;CVE-2025-11119
4099;CVE-2025-11120
4100;CVE-2025-11121
4101;CVE-2025-11122
4102;CVE-2025-11123
4103;CVE-2025-11124
4104;CVE-2025-11125
4105;CVE-2025-11126
4106;CVE-2025-11130
4107;CVE-2025-11134
4108;CVE-2025-7698
4109;CVE-2025-9903
4110;CVE-2025-9904
4111;CVE-2025-11135
4112;CVE-2025-11136
4113;CVE-2025-11137
4114;CVE-2025-11138
4115;CVE-2025-11139
4116;CVE-2025-11140
4117;CVE-2025-10504
4118;CVE-2025-11141
4119;CVE-2024-5200
4120;CVE-2025-48006
4121;CVE-2025-10341
4122;CVE-2025-10342
4123;CVE-2025-10343
4124;CVE-2025-10344
4125;CVE-2025-10345
4126;CVE-2025-10346
4127;CVE-2025-11146
4128;CVE-2025-11147
4129;CVE-2025-6724
4130;CVE-2025-8868
4131;CVE-2025-9648
4132;CVE-2024-13150
4133;CVE-2025-57428
4134;CVE-2025-36351
4135;CVE-2025-36352
4136;CVE-2025-55795
4137;CVE-2025-56449
4138;CVE-2025-57516
4139;CVE-2025-11155
4140;CVE-2025-41246
4141;CVE-2024-57412
4142;CVE-2025-41244
4143;CVE-2025-41245
4144;CVE-2025-51495
4145;CVE-2025-56233
4146;CVE-2025-56234
4147;CVE-2025-56795
4148;CVE-2025-61659
4149;CVE-2025-7104
4150;CVE-2025-41250
4151;CVE-2025-43400
4152;CVE-2025-56807
4153;CVE-2025-57197
4154;CVE-2025-57483
4155;CVE-2025-34196
4156;CVE-2025-36099
4157;CVE-2025-41251
4158;CVE-2025-41252
4159;CVE-2025-57424
4160;CVE-2025-57871
4161;CVE-2025-57872
4162;CVE-2025-57873
4163;CVE-2025-57874
4164;CVE-2025-57875
4165;CVE-2025-57876
4166;CVE-2025-57877
4167;CVE-2025-57878
4168;CVE-2025-57879
4169;CVE-2025-35030
4170;CVE-2025-35031
4171;CVE-2025-35032
4172;CVE-2025-35033
4173;CVE-2025-35034
4174;CVE-2025-56764
4175;CVE-2025-30247
4176;CVE-2025-34207
4177;CVE-2025-34209
4178;CVE-2025-34211
4179;CVE-2025-34212
4180;CVE-2025-34215
4181;CVE-2025-34216
4182;CVE-2025-34218
4183;CVE-2025-34220
4184;CVE-2025-34221
4185;CVE-2025-34222
4186;CVE-2025-34223
4187;CVE-2025-34224
4188;CVE-2025-34225
4189;CVE-2025-34228
4190;CVE-2025-34229
4191;CVE-2025-34230
4192;CVE-2025-34231
4193;CVE-2025-34232
4194;CVE-2025-34233
4195;CVE-2025-34234
4196;CVE-2025-34235
4197;CVE-2025-45376
4198;CVE-2025-54591
4199;CVE-2025-57266
4200;CVE-2025-43811
4201;CVE-2025-43815
4202;CVE-2025-43818
4203;CVE-2025-43820
4204;CVE-2025-54592
4205;CVE-2025-54875
4206;CVE-2025-57769
4207;CVE-2025-59163
4208;CVE-2025-59933
4209;CVE-2025-36245
4210;CVE-2025-43812
4211;CVE-2025-43813
4212;CVE-2025-43817
4213;CVE-2025-59937
4214;CVE-2025-59940
4215;CVE-2025-59941
4216;CVE-2025-59942
4217;CVE-2025-59948
4218;CVE-2025-59950
4219;CVE-2025-59952
4220;CVE-2025-61586
4221;CVE-2024-58040
4222;CVE-2025-10000
4223;CVE-2025-10128
4224;CVE-2025-10130
4225;CVE-2025-10131
4226;CVE-2025-10168
4227;CVE-2025-10179
4228;CVE-2025-10182
4229;CVE-2025-10189
4230;CVE-2025-10191
4231;CVE-2025-10196
4232;CVE-2025-10991
4233;CVE-2025-11148
4234;CVE-2025-11149
4235;CVE-2025-11163
4236;CVE-2025-41091
4237;CVE-2025-41092
4238;CVE-2025-41093
4239;CVE-2025-41094
4240;CVE-2025-41095
4241;CVE-2025-41096
4242;CVE-2025-41097
4243;CVE-2025-41098
4244;CVE-2025-41099
4245;CVE-2025-59668
4246;CVE-2025-59954
4247;CVE-2025-59956
4248;CVE-2025-61584
4249;CVE-2025-6815
4250;CVE-2025-6941
4251;CVE-2025-7038
4252;CVE-2025-7052
4253;CVE-2025-7063
4254;CVE-2025-7065
4255;CVE-2025-8116
4256;CVE-2025-8117
4257;CVE-2025-8118
4258;CVE-2025-8119
4259;CVE-2025-8120
4260;CVE-2025-8121
4261;CVE-2025-8122
4262;CVE-2025-8214
4263;CVE-2025-8559
4264;CVE-2025-8560
4265;CVE-2025-8566
4266;CVE-2025-8608
4267;CVE-2025-8623
4268;CVE-2025-8624
4269;CVE-2025-8625
4270;CVE-2025-8777
4271;CVE-2025-8877
4272;CVE-2025-9762
4273;CVE-2025-9852
4274;CVE-2025-9946
4275;CVE-2025-9948
4276;CVE-2025-9991
4277;CVE-2025-9993
4278;CVE-2025-10217
4279;CVE-2025-10859
4280;CVE-2025-11152
4281;CVE-2025-11153
4282;CVE-2025-34217
4283;CVE-2025-52043
4284;CVE-2025-52047
4285;CVE-2025-52049
4286;CVE-2025-52050
4287;CVE-2025-9230
4288;CVE-2025-9231
4289;CVE-2025-9232
4290;CVE-2025-11178
4291;CVE-2025-28016
4292;CVE-2025-56301
4293;CVE-2025-57852
4294;CVE-2025-7493
4295;CVE-2025-7779
4296;CVE-2025-54476
4297;CVE-2025-54477
4298;CVE-2025-55797
4299;CVE-2025-56018
4300;CVE-2025-56571
4301;CVE-2025-56572
4302;CVE-2025-56676
4303;CVE-2025-6033
4304;CVE-2025-6034
4305;CVE-2025-56207
4306;CVE-2025-56520
4307;CVE-2025-10725
4308;CVE-2025-11195
4309;CVE-2025-23291
4310;CVE-2025-23292
4311;CVE-2025-23293
4312;CVE-2025-56200
4313;CVE-2025-56513
4314;CVE-2025-56675
4315;CVE-2025-57254
4316;CVE-2025-43827
4317;CVE-2025-56132
4318;CVE-2024-55017
4319;CVE-2025-10659
4320;CVE-2025-36132
4321;CVE-2025-36262
4322;CVE-2025-56392
4323;CVE-2025-24525
4324;CVE-2025-43826
4325;CVE-2025-55191
4326;CVE-2025-61792