cve,epss,percentile,percentile_subset,timestamp,date,cve.id,cvss_baseScore,cve.lastModified
CVE-2023-31308,0.000960000,0.006680000,0.03488372093023256,2026-09-28,2026-09-28,CVE-2023-31308,3.3,2026-09-03T16:37:52.170
CVE-2023-20511,0.002330000,0.127310000,0.4186046511627907,2026-09-28,2026-09-28,CVE-2023-20511,6.4,2026-09-03T16:37:52.170
CVE-2023-54356,0.001470000,0.033100000,0.23255813953488372,2026-09-28,2026-09-28,CVE-2023-54356,3.7,2026-09-10T15:43:03.760
CVE-2024-14047,0.001070000,0.010560000,0.05813953488372093,2026-09-28,2026-09-28,CVE-2024-14047,7.1,2026-09-10T19:21:31.760
CVE-2024-10085,0.003220000,0.227300000,0.5813953488372093,2026-09-28,2026-09-28,CVE-2024-10085,,2026-09-01T20:52:39.973
CVE-2023-54391,0.030310000,0.869860000,1.0,2026-09-28,2026-09-28,CVE-2023-54391,9.8,2026-09-08T20:18:59.270
CVE-2023-3360,0.001500000,0.035500000,0.2441860465116279,2026-09-28,2026-09-28,CVE-2023-3360,3.3,2026-09-03T17:49:19.180
CVE-2023-20577,0.001600000,0.043910000,0.2558139534883721,2026-09-28,2026-09-28,CVE-2023-20577,7.4,2026-09-04T20:17:20.570
CVE-2023-20576,0.001250000,0.018740000,0.1744186046511628,2026-09-28,2026-09-28,CVE-2023-20576,7.7,2026-09-04T20:17:20.427
CVE-2021-43614,0.001100000,0.011540000,0.08139534883720931,2026-09-28,2026-09-28,CVE-2021-43614,6.7,2026-09-03T18:09:03.317
CVE-2021-43613,0.000890000,0.003870000,0.011627906976744186,2026-09-28,2026-09-28,CVE-2021-43613,6.5,2026-09-03T18:09:03.317
CVE-2021-38489,0.001210000,0.017000000,0.11627906976744186,2026-09-28,2026-09-28,CVE-2021-38489,8.2,2026-09-03T18:09:03.317
CVE-2022-35499,0.002870000,0.190840000,0.5116279069767442,2026-09-28,2026-09-28,CVE-2022-35499,7.1,2026-09-08T19:39:43.673
CVE-2022-35497,0.002550000,0.153950000,0.46511627906976744,2026-09-28,2026-09-28,CVE-2022-35497,5.4,2026-09-14T14:17:05.820
CVE-2021-44320,0.004320000,0.349220000,0.8023255813953488,2026-09-28,2026-09-28,CVE-2021-44320,7.5,2026-09-08T19:42:20.313
CVE-2021-44319,0.005110000,0.411930000,0.9069767441860465,2026-09-28,2026-09-28,CVE-2021-44319,7.5,2026-09-09T16:04:24.933
CVE-2022-26961,0.001400000,0.028000000,0.22093023255813954,2026-09-28,2026-09-28,CVE-2022-26961,5.4,2026-09-09T19:17:25.897
CVE-2024-11080,0.004500000,0.365840000,0.8255813953488372,2026-09-28,2026-09-28,CVE-2024-11080,9.8,2026-09-08T13:12:58.310
CVE-2022-51009,0.003390000,0.247620000,0.6162790697674418,2026-09-28,2026-09-28,CVE-2022-51009,7.5,2026-09-10T16:17:05.560
CVE-2022-51008,0.002910000,0.194810000,0.5348837209302325,2026-09-28,2026-09-28,CVE-2022-51008,5.3,2026-09-08T20:05:53.177
CVE-2021-48007,0.002950000,0.198810000,0.5465116279069767,2026-09-28,2026-09-28,CVE-2021-48007,6.5,2026-09-09T14:17:07.883
CVE-2021-48006,0.001090000,0.011250000,0.06976744186046512,2026-09-28,2026-09-28,CVE-2021-48006,3.3,2026-09-18T18:17:01.233
CVE-2020-37277,0.002950000,0.198810000,0.5465116279069767,2026-09-28,2026-09-28,CVE-2020-37277,6.5,2026-09-08T20:05:53.177
CVE-2022-51018,0.004170000,0.334820000,0.7674418604651163,2026-09-28,2026-09-28,CVE-2022-51018,6.5,2026-09-14T20:16:36.593
CVE-2022-51017,0.004730000,0.384760000,0.8372093023255814,2026-09-28,2026-09-28,CVE-2022-51017,7.5,2026-09-08T19:59:42.500
CVE-2022-51016,0.002260000,0.120030000,0.38372093023255816,2026-09-28,2026-09-28,CVE-2022-51016,6.1,2026-09-10T16:17:06.777
CVE-2022-51015,0.006750000,0.502580000,0.9534883720930233,2026-09-28,2026-09-28,CVE-2022-51015,6.5,2026-09-08T19:59:42.500
CVE-2022-51014,0.005080000,0.410060000,0.8604651162790697,2026-09-28,2026-09-28,CVE-2022-51014,6.5,2026-09-09T15:17:04.313
CVE-2022-51013,0.005080000,0.410060000,0.8604651162790697,2026-09-28,2026-09-28,CVE-2022-51013,6.5,2026-09-14T20:16:35.917
CVE-2022-51012,0.005080000,0.410060000,0.8604651162790697,2026-09-28,2026-09-28,CVE-2022-51012,6.5,2026-09-08T19:59:42.500
CVE-2022-51011,0.004320000,0.349240000,0.8023255813953488,2026-09-28,2026-09-28,CVE-2022-51011,4.3,2026-09-10T16:17:06.647
CVE-2022-51010,0.005080000,0.410050000,0.8604651162790697,2026-09-28,2026-09-28,CVE-2022-51010,6.5,2026-09-08T19:59:42.500
CVE-2023-54395,0.003300000,0.236290000,0.6046511627906976,2026-09-28,2026-09-28,CVE-2023-54395,4.3,2026-09-10T15:17:24.623
CVE-2023-54394,0.003790000,0.292420000,0.7441860465116279,2026-09-28,2026-09-28,CVE-2023-54394,4.3,2026-09-09T20:20:21.673
CVE-2023-54393,0.003500000,0.261280000,0.6627906976744186,2026-09-28,2026-09-28,CVE-2023-54393,7.5,2026-09-14T14:17:06.883
CVE-2023-54392,0.003760000,0.289530000,0.7209302325581395,2026-09-28,2026-09-28,CVE-2023-54392,6.5,2026-09-18T18:17:01.457
CVE-2023-54390,0.003390000,0.247620000,0.6162790697674418,2026-09-28,2026-09-28,CVE-2023-54390,7.5,2026-09-09T20:20:21.673
CVE-2023-54355,0.002250000,0.118200000,0.3488372093023256,2026-09-28,2026-09-28,CVE-2023-54355,7.5,2026-09-10T15:17:24.437
CVE-2023-54396,0.003760000,0.289540000,0.7209302325581395,2026-09-28,2026-09-28,CVE-2023-54396,6.5,2026-09-09T20:20:21.673
CVE-2022-26962,0.001650000,0.051130000,0.26744186046511625,2026-09-28,2026-09-28,CVE-2022-26962,5.4,2026-09-22T20:00:03.713
CVE-2024-12145,0.001950000,0.082150000,0.3023255813953488,2026-09-28,2026-09-28,CVE-2024-12145,4.3,2026-09-11T21:17:07.267
CVE-2020-15875,0.003410000,0.250610000,0.6395348837209303,2026-09-28,2026-09-28,CVE-2020-15875,5.0,2026-09-22T19:56:19.073
CVE-2024-23176,0.002090000,0.099490000,0.313953488372093,2026-09-28,2026-09-28,CVE-2024-23176,5.4,2026-09-28T14:10:00.213
CVE-2023-51769,0.001880000,0.075430000,0.29069767441860467,2026-09-28,2026-09-28,CVE-2023-51769,6.1,2026-09-16T15:17:32.727
CVE-2023-50462,0.002680000,0.169540000,0.5,2026-09-28,2026-09-28,CVE-2023-50462,5.3,2026-09-22T20:00:03.713
CVE-2023-50461,0.003250000,0.230610000,0.5930232558139535,2026-09-28,2026-09-28,CVE-2023-50461,8.8,2026-09-22T20:00:03.713
CVE-2023-50460,0.002380000,0.133240000,0.43023255813953487,2026-09-28,2026-09-28,CVE-2023-50460,5.4,2026-09-22T20:00:03.713
CVE-2023-50459,0.004170000,0.335010000,0.7674418604651163,2026-09-28,2026-09-28,CVE-2023-50459,5.4,2026-09-22T20:00:03.713
CVE-2023-46273,0.003120000,0.215820000,0.5697674418604651,2026-09-28,2026-09-28,CVE-2023-46273,8.8,2026-09-22T20:00:03.713
CVE-2023-46035,0.003640000,0.276600000,0.6976744186046512,2026-09-28,2026-09-28,CVE-2023-46035,5.9,2026-09-22T20:00:03.713
CVE-2023-45858,0.006590000,0.495270000,0.9418604651162791,2026-09-28,2026-09-28,CVE-2023-45858,8.6,2026-09-22T19:56:19.073
CVE-2023-45023,0.001380000,0.026490000,0.20930232558139536,2026-09-28,2026-09-28,CVE-2023-45023,4.2,2026-09-22T20:00:03.713
CVE-2023-40772,0.011450000,0.654290000,0.9883720930232558,2026-09-28,2026-09-28,CVE-2023-40772,4.3,2026-09-22T20:00:03.713
CVE-2023-37366,0.000910000,0.004530000,0.023255813953488372,2026-09-28,2026-09-28,CVE-2023-37366,2.8,2026-09-22T19:56:19.073
CVE-2023-37253,0.002420000,0.138390000,0.4418604651162791,2026-09-28,2026-09-28,CVE-2023-37253,3.1,2026-09-16T19:31:54.210
CVE-2023-37252,0.002420000,0.138390000,0.4418604651162791,2026-09-28,2026-09-28,CVE-2023-37252,3.1,2026-09-16T19:31:54.210
CVE-2023-34854,0.002280000,0.122250000,0.3953488372093023,2026-09-28,2026-09-28,CVE-2023-34854,6.6,2026-09-22T20:00:03.713
CVE-2023-32803,0.001830000,0.070630000,0.27906976744186046,2026-09-28,2026-09-28,CVE-2023-32803,7.5,2026-09-22T19:56:19.073
CVE-2023-32778,0.002230000,0.115840000,0.3372093023255814,2026-09-28,2026-09-28,CVE-2023-32778,3.3,2026-09-22T20:00:03.713
CVE-2023-29377,0.004850000,0.393230000,0.8488372093023255,2026-09-28,2026-09-28,CVE-2023-29377,6.6,2026-09-22T19:56:19.073
CVE-2023-28148,0.002090000,0.099900000,0.313953488372093,2026-09-28,2026-09-28,CVE-2023-28148,7.2,2026-09-22T19:56:19.073
CVE-2023-24291,0.001210000,0.016750000,0.11627906976744186,2026-09-28,2026-09-28,CVE-2023-24291,2.9,2026-09-22T20:00:03.713
CVE-2023-24288,0.001100000,0.011450000,0.08139534883720931,2026-09-28,2026-09-28,CVE-2023-24288,2.9,2026-09-22T20:00:03.713
CVE-2023-24287,0.001210000,0.016750000,0.11627906976744186,2026-09-28,2026-09-28,CVE-2023-24287,2.9,2026-09-22T20:00:03.713
CVE-2023-24286,0.001030000,0.009070000,0.046511627906976744,2026-09-28,2026-09-28,CVE-2023-24286,2.9,2026-09-22T20:00:03.713
CVE-2023-24285,0.001210000,0.016760000,0.11627906976744186,2026-09-28,2026-09-28,CVE-2023-24285,2.9,2026-09-22T20:00:03.713
CVE-2023-24284,0.001210000,0.017000000,0.11627906976744186,2026-09-28,2026-09-28,CVE-2023-24284,2.9,2026-09-22T20:00:03.713
CVE-2023-24283,0.001130000,0.013000000,0.10465116279069768,2026-09-28,2026-09-28,CVE-2023-24283,2.9,2026-09-22T20:00:03.713
CVE-2023-24035,0.007670000,0.537360000,0.9651162790697675,2026-09-28,2026-09-28,CVE-2023-24035,3.5,2026-09-22T19:56:19.073
CVE-2023-24034,0.005270000,0.423770000,0.9186046511627907,2026-09-28,2026-09-28,CVE-2023-24034,3.1,2026-09-22T19:56:19.073
CVE-2023-22632,0.002250000,0.118230000,0.3488372093023256,2026-09-28,2026-09-28,CVE-2023-22632,2.7,2026-09-22T19:56:19.073
CVE-2023-22631,0.002250000,0.118230000,0.3488372093023256,2026-09-28,2026-09-28,CVE-2023-22631,2.7,2026-09-22T20:00:03.713
CVE-2022-42917,0.001300000,0.021610000,0.19767441860465115,2026-09-28,2026-09-28,CVE-2022-42917,6.7,2026-09-22T19:56:19.073
CVE-2024-14029,0.003520000,0.262740000,0.6744186046511628,2026-09-28,2026-09-28,CVE-2024-14029,7.5,2026-09-28T14:10:00.213
CVE-2023-54397,0.003670000,0.280330000,0.7093023255813954,2026-09-28,2026-09-28,CVE-2023-54397,7.5,2026-09-17T15:16:39.103
CVE-2023-54398,0.006420000,0.487360000,0.9302325581395349,2026-09-28,2026-09-28,CVE-2023-54398,9.8,2026-09-24T20:43:32.537
CVE-2024-11222,0.002280000,0.121700000,0.3953488372093023,2026-09-28,2026-09-28,CVE-2024-11222,6.4,2026-09-28T15:20:53.263
CVE-2021-3030,0.002650000,0.165480000,0.47674418604651164,2026-09-28,2026-09-28,CVE-2021-3030,6.1,2026-09-22T20:00:03.713
CVE-2024-27123,0.001290000,0.021420000,0.18604651162790697,2026-09-28,2026-09-28,CVE-2024-27123,,2026-09-28T14:10:00.213
CVE-2023-5778,0.002880000,0.192110000,0.5232558139534884,2026-09-28,2026-09-28,CVE-2023-5778,7.5,2026-09-18T17:49:08.457
CVE-2023-54399,0.004160000,0.334040000,0.7558139534883721,2026-09-28,2026-09-28,CVE-2023-54399,9.8,2026-09-22T20:53:07.383
CVE-2021-48008,0.003440000,0.253410000,0.6511627906976745,2026-09-28,2026-09-28,CVE-2021-48008,7.5,2026-09-24T21:08:55.030
CVE-2019-25776,0.003610000,0.273490000,0.686046511627907,2026-09-28,2026-09-28,CVE-2019-25776,7.5,2026-09-22T20:43:58.793
CVE-2017-20284,0.009580000,0.599570000,0.9767441860465116,2026-09-28,2026-09-28,CVE-2017-20284,7.5,2026-09-22T20:25:55.870
CVE-2016-15059,0.004180000,0.336430000,0.7906976744186046,2026-09-28,2026-09-28,CVE-2016-15059,9.8,2026-09-22T19:07:00.983
CVE-2022-4997,0.002670000,0.168830000,0.4883720930232558,2026-09-28,2026-09-28,CVE-2022-4997,8.6,2026-09-23T18:13:31.210
